timestamp,dpid,entropy,n_flows,n_blocked,detection_flag,cpu_pct,mem_mb
2026-07-18T15:24:28.184704,4,0.0,0,0,0,0.0,46.65
2026-07-18T15:24:28.184926,2,0.0,0,0,0,0.0,46.65
2026-07-18T15:24:28.186652,1,0.0,0,0,0,636.7,46.66
2026-07-18T15:24:28.186957,3,0.0,0,0,0,0.0,46.66
2026-07-18T15:24:30.166835,4,0.0,0,0,0,0.0,46.66
2026-07-18T15:24:30.167967,1,0.0,0,0,0,0.0,46.66
2026-07-18T15:24:30.170429,2,0.0,0,0,0,0.0,46.66
2026-07-18T15:24:30.170580,3,0.0,0,0,0,0.0,46.66
2026-07-18T15:24:32.228531,4,0.0,0,0,0,7.3,46.71
2026-07-18T15:24:32.368529,1,0.0,0,0,0,7.2,46.74
2026-07-18T15:24:32.373514,3,0.0,0,0,0,0.0,46.83
2026-07-18T15:24:32.373700,2,0.0,0,0,0,0.0,46.83
2026-07-18T15:24:34.291997,2,0.0,0,0,0,15.6,47.09
2026-07-18T15:24:34.293805,4,0.0,0,0,0,0.0,47.1
2026-07-18T15:24:34.294581,1,0.0,0,0,0,0.0,47.1
2026-07-18T15:24:34.295018,3,0.0,0,0,0,0.0,47.1
2026-07-18T15:24:36.240555,4,0.0,0,0,0,17.0,47.1
2026-07-18T15:24:36.408100,1,0.0,0,0,0,83.3,47.38
2026-07-18T15:24:36.410297,2,0.0,0,0,0,0.0,47.38
2026-07-18T15:24:36.410731,3,0.0,0,0,0,0.0,47.38
2026-07-18T15:24:38.270983,3,0.0,0,0,0,12.9,47.38
2026-07-18T15:24:38.273658,1,0.0,0,0,0,367.0,47.38
2026-07-18T15:24:38.275324,4,0.0,0,0,0,0.0,47.38
2026-07-18T15:24:38.352959,2,0.0,0,0,0,39.8,47.38
2026-07-18T15:24:40.264789,4,0.0,0,0,0,15.1,47.38
2026-07-18T15:24:40.265393,2,0.0,0,0,0,0.0,47.38
2026-07-18T15:24:40.294194,3,0.0,0,0,0,105.6,47.38
2026-07-18T15:24:40.299426,1,0.0,0,0,0,0.0,47.38
2026-07-18T15:24:42.249008,4,0.0,0,0,0,11.8,47.38
2026-07-18T15:24:42.620918,2,0.0,0,0,0,64.7,47.81
2026-07-18T15:24:42.622491,3,0.0,0,0,0,58.3,47.81
2026-07-18T15:24:42.622703,1,0.0,0,0,0,0.0,47.81
2026-07-18T15:24:44.350487,4,0.0,0,0,0,4.6,47.81
2026-07-18T15:24:44.503204,3,0.0,0,0,0,25.1,47.81
2026-07-18T15:24:44.504154,1,0.0,0,0,0,0.0,47.81
2026-07-18T15:24:44.505779,2,0.0,0,0,0,580.5,47.81
2026-07-18T15:24:46.257608,4,0.0,0,0,0,3.4,47.81
2026-07-18T15:24:46.303717,3,0.0,0,0,0,87.0,47.83
2026-07-18T15:24:46.305360,1,0.0,0,0,0,0.0,47.83
2026-07-18T15:24:46.305821,2,0.0,0,0,0,0.0,47.83
2026-07-18T15:24:48.296893,4,0.0,0,0,0,3.0,47.83
2026-07-18T15:24:48.426153,2,0.0,0,0,0,100.6,47.83
2026-07-18T15:24:48.426845,1,0.0,0,0,0,0.0,47.83
2026-07-18T15:24:48.427386,3,0.0,0,0,0,0.0,47.83
2026-07-18T15:24:50.275579,4,0.0,0,0,0,2.7,47.83
2026-07-18T15:24:50.275965,1,0.0,0,0,0,0.0,47.83
2026-07-18T15:24:50.303162,2,0.0,0,0,0,74.0,47.83
2026-07-18T15:24:50.304107,3,0.0,0,0,0,0.0,47.83
2026-07-18T15:24:52.323643,4,0.0,0,0,0,2.0,47.83
2026-07-18T15:24:52.404208,2,0.0,0,0,0,37.6,47.83
2026-07-18T15:24:52.467002,1,0.0,0,0,0,15.8,47.83
2026-07-18T15:24:52.467885,3,0.0,0,0,0,0.0,47.83
2026-07-18T15:24:54.335363,4,0.0,0,0,0,2.7,47.83
2026-07-18T15:24:54.335694,2,0.0,0,0,0,0.0,47.83
2026-07-18T15:24:54.336175,3,0.0,0,0,0,0.0,47.83
2026-07-18T15:24:54.349574,1,0.0,0,0,0,73.8,47.83
2026-07-18T15:24:56.774809,4,0.0,0,0,0,14.8,47.97
2026-07-18T15:24:56.864723,2,0.0,0,0,0,99.4,48.08
2026-07-18T15:24:56.865452,3,0.0,0,0,0,0.0,48.08
2026-07-18T15:24:56.866334,1,0.0,0,0,0,0.0,48.08
2026-07-18T15:24:58.416362,4,0.0,0,0,0,1.3,48.08
2026-07-18T15:24:58.539722,2,0.0,0,0,0,32.4,48.08
2026-07-18T15:24:58.558690,3,0.0,0,0,0,0.0,48.08
2026-07-18T15:24:58.559064,1,0.0,0,0,0,0.0,48.08
2026-07-18T15:25:00.379767,1,0.0,0,0,0,3.3,48.14
2026-07-18T15:25:00.379985,3,0.0,0,0,0,0.0,48.14
2026-07-18T15:25:00.380368,4,0.0,0,0,0,0.0,48.14
2026-07-18T15:25:00.380547,2,0.0,0,0,0,0.0,48.14
2026-07-18T15:25:02.329584,4,0.0,0,0,0,2.1,48.14
2026-07-18T15:25:02.383312,2,0.0,0,0,0,74.3,48.14
2026-07-18T15:25:02.384185,3,0.0,0,0,0,0.0,48.14
2026-07-18T15:25:02.386436,1,0.0,0,0,0,0.0,48.14
2026-07-18T15:25:04.316419,4,0.0,0,0,0,0.5,48.14
2026-07-18T15:25:04.342567,1,0.0,0,0,0,36.4,48.14
2026-07-18T15:25:04.342885,2,0.0,0,0,0,0.0,48.14
2026-07-18T15:25:04.343111,3,0.0,0,0,0,0.0,48.14
2026-07-18T15:25:06.315282,4,0.0,0,0,0,0.5,48.14
2026-07-18T15:25:06.321304,2,0.0,0,0,0,230.4,48.14
2026-07-18T15:25:06.321489,3,0.0,0,0,0,0.0,48.14
2026-07-18T15:25:06.322435,1,0.0,0,0,0,0.0,48.14
2026-07-18T15:25:08.375612,1,0.0,0,0,0,0.0,48.14
2026-07-18T15:25:08.375728,3,0.0,0,0,0,0.0,48.14
2026-07-18T15:25:08.375798,2,0.0,0,0,0,0.0,48.14
2026-07-18T15:25:08.375873,4,0.0,0,0,0,0.0,48.14
2026-07-18T15:25:10.346691,4,0.0,0,0,0,0.5,48.14
2026-07-18T15:25:10.349393,1,0.0,0,0,0,368.1,48.14
2026-07-18T15:25:10.349518,2,0.0,0,0,0,0.0,48.14
2026-07-18T15:25:10.349636,3,0.0,0,0,0,0.0,48.14
2026-07-18T15:25:12.346272,4,0.0,0,0,0,0.0,48.14
2026-07-18T15:25:12.347770,1,0.0,0,0,0,0.0,48.14
2026-07-18T15:25:12.347972,3,0.0,0,0,0,0.0,48.14
2026-07-18T15:25:12.348079,2,0.0,0,0,0,0.0,48.14
2026-07-18T15:25:14.369749,4,0.0,0,0,0,0.0,48.14
2026-07-18T15:25:14.469364,1,0.0,0,0,0,0.0,48.14
2026-07-18T15:25:14.469530,3,0.0,0,0,0,0.0,48.14
2026-07-18T15:25:14.469650,2,0.0,0,0,0,0.0,48.14
2026-07-18T15:25:16.382669,4,0.0,0,0,0,0.0,48.14
2026-07-18T15:25:16.386552,3,0.0,0,0,0,0.0,48.14
2026-07-18T15:25:16.390158,2,0.0,0,0,0,0.0,48.14
2026-07-18T15:25:16.390409,1,0.0,0,0,0,0.0,48.14
2026-07-18T15:25:18.387705,4,0.0,0,0,0,0.5,48.14
2026-07-18T15:25:18.393132,1,0.0,0,0,0,211.6,48.14
2026-07-18T15:25:18.393452,2,0.0,0,0,0,0.0,48.14
2026-07-18T15:25:18.393611,3,0.0,0,0,0,0.0,48.14
2026-07-18T15:25:20.394397,4,0.0,0,0,0,0.0,48.14
2026-07-18T15:25:20.399654,1,0.0,0,0,0,0.0,48.14
2026-07-18T15:25:20.400066,3,0.0,0,0,0,0.0,48.14
2026-07-18T15:25:20.400212,2,0.0,0,0,0,0.0,48.14
2026-07-18T15:25:22.393209,4,0.0,0,0,0,0.0,48.14
2026-07-18T15:25:22.394187,1,0.0,0,0,0,988.9,48.14
2026-07-18T15:25:22.397688,2,0.0,0,0,0,0.0,48.14
2026-07-18T15:25:22.397810,3,0.0,0,0,0,0.0,48.14
2026-07-18T15:25:24.401030,4,0.0,0,0,0,0.0,48.14
2026-07-18T15:25:24.402239,1,0.0,0,0,0,0.0,48.14
2026-07-18T15:25:24.405044,2,0.0,0,0,0,0.0,48.14
2026-07-18T15:25:24.405313,3,0.0,0,0,0,0.0,48.14
2026-07-18T15:25:26.396213,4,0.0,0,0,0,0.0,48.14
2026-07-18T15:25:26.397620,1,0.0,0,0,0,0.0,48.14
2026-07-18T15:25:26.400554,3,0.0,0,0,0,0.0,48.14
2026-07-18T15:25:26.400718,2,0.0,0,0,0,0.0,48.14
2026-07-18T15:25:28.397842,4,0.0,0,0,0,0.5,48.14
2026-07-18T15:25:28.401402,2,0.0,0,0,0,0.0,48.14
2026-07-18T15:25:28.402002,3,0.0,0,0,0,0.0,48.14
2026-07-18T15:25:28.402978,1,0.0,0,0,0,0.0,48.14
2026-07-18T15:25:30.397988,4,0.0,0,0,0,0.0,48.14
2026-07-18T15:25:30.400729,1,0.0,0,0,0,0.0,48.14
2026-07-18T15:25:30.402368,3,0.0,0,0,0,604.3,48.14
2026-07-18T15:25:30.402508,2,0.0,0,0,0,0.0,48.14
2026-07-18T15:25:32.399980,4,0.0,0,0,0,0.0,48.14
2026-07-18T15:25:32.401823,1,0.0,0,0,0,0.0,48.14
2026-07-18T15:25:32.403289,3,0.0,0,0,0,0.0,48.14
2026-07-18T15:25:32.406102,2,0.0,0,0,0,0.0,48.14
2026-07-18T15:25:34.440453,4,0.0,0,0,0,1.0,48.14
2026-07-18T15:25:34.445762,3,0.0,0,0,0,0.0,48.14
2026-07-18T15:25:34.445987,2,0.0,0,0,0,0.0,48.14
2026-07-18T15:25:34.446067,1,0.0,0,0,0,0.0,48.14
2026-07-18T15:25:36.561150,1,0.0,0,0,0,0.0,48.14
2026-07-18T15:25:36.561435,4,0.0,0,0,0,0.0,48.14
2026-07-18T15:25:36.590279,3,0.0,0,0,0,0.0,48.14
2026-07-18T15:25:36.590802,2,0.0,0,0,0,0.0,48.14
2026-07-18T15:25:38.461648,4,0.0,0,0,0,0.5,48.14
2026-07-18T15:25:38.463185,1,0.0,0,0,0,0.0,48.14
2026-07-18T15:25:38.464757,3,0.0,0,0,0,0.0,48.14
2026-07-18T15:25:38.466727,2,0.0,0,0,0,526.2,48.14
2026-07-18T15:25:40.462734,4,0.0,0,0,0,0.0,48.14
2026-07-18T15:25:40.463441,1,0.0,0,0,0,0.0,48.14
2026-07-18T15:25:40.464427,3,0.0,0,0,0,0.0,48.14
2026-07-18T15:25:40.466056,2,0.0,0,0,0,0.0,48.14
2026-07-18T15:25:42.565995,4,0.0,0,0,0,0.5,48.14
2026-07-18T15:25:42.578861,1,0.0,0,0,0,74.5,48.14
2026-07-18T15:25:42.579987,3,0.0,0,0,0,0.0,48.14
2026-07-18T15:25:42.581673,2,0.0,0,0,0,0.0,48.14
2026-07-18T15:25:44.738709,4,0.0,0,0,0,0.5,48.14
2026-07-18T15:25:44.739989,1,0.0,0,0,0,0.0,48.14
2026-07-18T15:25:44.741053,3,0.0,0,0,0,0.0,48.14
2026-07-18T15:25:44.742016,2,0.0,0,0,0,0.0,48.14
2026-07-18T15:25:46.610574,4,0.0,0,0,0,0.5,48.14
2026-07-18T15:25:46.610746,1,0.0,0,0,0,0.0,48.14
2026-07-18T15:25:46.610852,3,0.0,0,0,0,0.0,48.14
2026-07-18T15:25:46.610952,2,0.0,0,0,0,0.0,48.14
2026-07-18T15:25:48.959973,2,0.0,0,0,0,0.4,48.14
2026-07-18T15:25:49.245719,1,0.0,0,0,0,0.0,48.14
2026-07-18T15:25:49.246153,4,0.0,0,0,0,0.0,48.14
2026-07-18T15:25:49.247155,3,0.0,0,0,0,1441.0,48.14
2026-07-18T15:25:50.624934,3,0.0,0,0,0,2.2,48.14
2026-07-18T15:25:50.625148,1,0.0,0,0,0,2145.5,48.14
2026-07-18T15:25:50.625261,4,0.0,0,0,0,0.0,48.14
2026-07-18T15:25:50.625359,2,0.0,0,0,0,0.0,48.14
2026-07-18T15:25:52.626273,4,0.0,0,0,0,0.5,48.14
2026-07-18T15:25:52.632109,3,0.0,0,0,0,0.0,48.14
2026-07-18T15:25:52.632895,2,0.0,0,0,0,912.1,48.14
2026-07-18T15:25:52.633498,1,0.0,0,0,0,0.0,48.14
2026-07-18T15:25:54.668850,4,0.0,0,0,0,1.5,48.14
2026-07-18T15:25:54.679128,3,0.0,0,0,0,0.0,48.14
2026-07-18T15:25:54.680677,1,0.0,0,0,0,166.9,48.14
2026-07-18T15:25:54.680826,2,0.0,0,0,0,0.0,48.14
2026-07-18T15:25:56.655228,2,0.0,0,0,0,0.0,48.14
2026-07-18T15:25:56.655953,4,0.0,0,0,0,0.0,48.14
2026-07-18T15:25:56.656375,3,0.0,0,0,0,0.0,48.14
2026-07-18T15:25:56.657386,1,0.0,0,0,0,0.0,48.14
2026-07-18T15:25:58.653969,2,0.0,0,0,0,1.0,48.14
2026-07-18T15:25:58.654268,4,0.0,0,0,0,0.0,48.14
2026-07-18T15:25:58.656754,3,0.0,0,0,0,0.0,48.14
2026-07-18T15:25:58.656897,1,0.0,0,0,0,0.0,48.14
2026-07-18T15:26:00.664541,4,0.0,0,0,0,0.0,48.14
2026-07-18T15:26:00.664903,2,0.0,0,0,0,0.0,48.14
2026-07-18T15:26:00.671660,3,0.0,0,0,0,0.0,48.14
2026-07-18T15:26:00.671826,1,0.0,0,0,0,0.0,48.14
2026-07-18T15:26:02.658770,4,0.0,0,0,0,1.0,48.14
2026-07-18T15:26:02.666898,1,0.0,0,0,0,0.0,48.14
2026-07-18T15:26:02.668943,2,0.0,0,0,0,0.0,48.14
2026-07-18T15:26:02.669994,3,0.0,0,0,0,0.0,48.14
2026-07-18T15:26:04.907841,4,0.0,0,0,0,0.9,48.14
2026-07-18T15:26:04.908658,2,0.0,0,0,0,0.0,48.14
2026-07-18T15:26:04.908898,1,0.0,0,0,0,0.0,48.14
2026-07-18T15:26:04.910114,3,0.0,0,0,0,0.0,48.14
2026-07-18T15:26:06.707564,2,0.0,0,0,0,1.7,48.14
2026-07-18T15:26:06.707918,1,0.0,0,0,0,0.0,48.14
2026-07-18T15:26:06.708028,4,0.0,0,0,0,0.0,48.14
2026-07-18T15:26:06.708108,3,0.0,0,0,0,12828.7,48.14
2026-07-18T15:26:08.848941,4,0.0,0,0,0,0.0,48.14
2026-07-18T15:26:08.904695,2,0.0,0,0,0,17.7,48.14
2026-07-18T15:26:08.904925,1,0.0,0,0,0,0.0,48.14
2026-07-18T15:26:08.905004,3,0.0,0,0,0,0.0,48.14
2026-07-18T15:26:10.914940,3,0.0,0,0,0,0.5,48.14
2026-07-18T15:26:10.924153,2,0.0,0,0,0,0.0,48.14
2026-07-18T15:26:10.927182,4,0.0,0,0,0,0.0,48.14
2026-07-18T15:26:10.983360,1,0.0,0,0,0,0.0,48.14
2026-07-18T15:26:12.876483,4,0.0,0,0,0,1.1,48.14
2026-07-18T15:26:12.944020,1,0.0,0,0,0,14.2,48.14
2026-07-18T15:26:12.952983,3,0.0,0,0,0,0.0,48.14
2026-07-18T15:26:12.953229,2,0.0,0,0,0,0.0,48.14
2026-07-18T15:26:14.862791,2,0.0,0,0,0,0.5,48.14
2026-07-18T15:26:14.864888,4,0.0,0,0,0,0.0,48.14
2026-07-18T15:26:14.879290,3,0.0,0,0,0,69.5,48.14
2026-07-18T15:26:14.880821,1,0.0,0,0,0,0.0,48.14
2026-07-18T15:26:16.854657,4,0.0,0,0,0,0.5,48.14
2026-07-18T15:26:16.953728,2,0.0,0,0,0,0.0,48.14
2026-07-18T15:26:16.961877,1,0.0,0,0,0,0.0,48.14
2026-07-18T15:26:16.962080,3,0.0,0,0,0,0.0,48.14
2026-07-18T15:26:18.893656,4,0.0,0,0,0,0.5,48.14
2026-07-18T15:26:18.934242,3,0.0,0,0,0,45.1,48.14
2026-07-18T15:26:18.936444,2,0.0,0,0,0,0.0,48.14
2026-07-18T15:26:18.936613,1,0.0,0,0,0,0.0,48.14
2026-07-18T15:26:20.923730,3,0.0,0,0,0,0.0,48.14
2026-07-18T15:26:20.923862,2,0.0,0,0,0,0.0,48.14
2026-07-18T15:26:20.923941,4,0.0,0,0,0,0.0,48.14
2026-07-18T15:26:20.925850,1,0.0,0,0,0,0.0,48.14
2026-07-18T15:26:22.935529,4,0.0,0,0,0,1.0,48.14
2026-07-18T15:26:22.940652,2,0.0,0,0,0,0.0,48.14
2026-07-18T15:26:22.940871,3,0.0,0,0,0,0.0,48.14
2026-07-18T15:26:22.948702,1,0.0,0,0,0,338.8,48.14
2026-07-18T15:26:24.916234,4,0.0,0,0,0,0.0,48.14
2026-07-18T15:26:24.923911,1,0.0,0,0,0,0.0,48.14
2026-07-18T15:26:24.924024,3,0.0,0,0,0,0.0,48.14
2026-07-18T15:26:24.925313,2,0.0,0,0,0,0.0,48.14
2026-07-18T15:26:26.945493,4,0.0,0,0,0,0.0,48.14
2026-07-18T15:26:27.162956,2,0.0,0,0,0,9.3,48.14
2026-07-18T15:26:27.182051,1,0.0,0,0,0,0.0,48.14
2026-07-18T15:26:27.184035,3,0.0,0,0,0,0.0,48.14
2026-07-18T15:26:28.908303,4,0.0,0,0,0,1.2,48.14
2026-07-18T15:26:28.927226,1,0.0,0,0,0,0.0,48.14
2026-07-18T15:26:28.927550,2,0.0,0,0,0,0.0,48.14
2026-07-18T15:26:28.927749,3,0.0,0,0,0,0.0,48.14
2026-07-18T15:26:31.088528,2,0.0,0,0,0,0.9,48.14
2026-07-18T15:26:31.091290,4,0.0,0,0,0,0.0,48.14
2026-07-18T15:26:31.091450,1,0.0,0,0,0,0.0,48.14
2026-07-18T15:26:31.093406,3,0.0,0,0,0,0.0,48.14
2026-07-18T15:26:32.922838,4,0.0,0,0,0,1.1,48.14
2026-07-18T15:26:32.932555,3,0.0,0,0,0,0.0,48.14
2026-07-18T15:26:32.932795,2,0.0,0,0,0,0.0,48.14
2026-07-18T15:26:32.933184,1,0.0,0,0,0,0.0,48.14
2026-07-18T15:26:34.922425,4,0.0,0,0,0,0.0,48.14
2026-07-18T15:26:35.033455,2,0.0,0,0,0,9.1,48.14
2026-07-18T15:26:35.033723,3,0.0,0,0,0,0.0,48.14
2026-07-18T15:26:35.034255,1,0.0,0,0,0,0.0,48.14
2026-07-18T15:26:36.965387,4,0.0,0,0,0,0.5,48.14
2026-07-18T15:26:36.971152,2,0.0,0,0,0,0.0,48.14
2026-07-18T15:26:36.972246,1,0.0,0,0,0,0.0,48.14
2026-07-18T15:26:36.972416,3,0.0,0,0,0,0.0,48.14
2026-07-18T15:26:38.957430,4,0.0,0,0,0,0.5,48.14
2026-07-18T15:26:38.964982,1,0.0,0,0,0,0.0,48.14
2026-07-18T15:26:38.965110,2,0.0,0,0,0,0.0,48.14
2026-07-18T15:26:38.965197,3,0.0,0,0,0,0.0,48.14
2026-07-18T15:26:40.991946,3,0.0,0,0,0,0.5,48.14
2026-07-18T15:26:40.992099,4,0.0,0,0,0,0.0,48.14
2026-07-18T15:26:40.993345,1,0.0,0,0,0,0.0,48.14
2026-07-18T15:26:40.993477,2,0.0,0,0,0,0.0,48.14
2026-07-18T15:26:43.023748,2,0.0,0,0,0,0.0,48.14
2026-07-18T15:26:43.024390,1,0.0,0,0,0,343.6,48.14
2026-07-18T15:26:43.024587,4,0.0,0,0,0,0.0,48.14
2026-07-18T15:26:43.026194,3,0.0,0,0,0,660.6,48.14
2026-07-18T15:26:45.031278,1,0.0,0,0,0,0.0,48.14
2026-07-18T15:26:45.036392,3,0.0,0,0,0,0.0,48.14
2026-07-18T15:26:45.036599,4,0.0,0,0,0,0.0,48.14
2026-07-18T15:26:45.036809,2,0.0,0,0,0,0.0,48.14
2026-07-18T15:26:47.265306,4,0.0,0,0,0,0.4,48.14
2026-07-18T15:26:47.277030,2,0.0,0,0,0,0.0,48.14
2026-07-18T15:26:47.279336,1,0.0,0,0,0,0.0,48.14
2026-07-18T15:26:47.281619,3,0.0,0,0,0,0.0,48.14
2026-07-18T15:26:49.006752,2,0.0,0,0,0,0.6,48.14
2026-07-18T15:26:49.006926,1,0.0,0,0,0,0.0,48.14
2026-07-18T15:26:49.007680,4,0.0,0,0,0,0.0,48.14
2026-07-18T15:26:49.008121,3,0.0,0,0,0,0.0,48.14
2026-07-18T15:26:51.068864,4,0.0,0,0,0,0.5,48.14
2026-07-18T15:26:51.714345,2,0.0,0,0,0,20.3,48.34
2026-07-18T15:26:51.714627,3,0.0,0,0,0,0.0,48.34
2026-07-18T15:26:51.807897,1,0.0,0,0,0,33.4,48.36
2026-07-18T15:26:54.344811,2,0.0,0,0,0,16.9,48.38
2026-07-18T15:26:54.344971,1,0.0,0,0,0,0.0,48.38
2026-07-18T15:26:54.345044,3,0.0,0,0,0,0.0,48.38
2026-07-18T15:26:55.963759,4,0.0,0,0,0,9.9,48.38
2026-07-18T15:26:55.964290,4,0.0,0,0,0,0.0,48.38
2026-07-18T15:26:55.965850,2,0.0,0,0,0,676.1,48.38
2026-07-18T15:26:55.968061,1,0.0,0,0,0,0.0,48.38
2026-07-18T15:26:55.968578,3,0.0,0,0,0,0.0,48.38
2026-07-18T15:26:57.620822,2,0.0,0,0,0,0.6,48.38
2026-07-18T15:26:57.621018,4,0.0,0,0,0,0.0,48.38
2026-07-18T15:26:57.622521,1,0.0,0,0,0,0.0,48.38
2026-07-18T15:26:57.623368,3,0.0,0,0,0,0.0,48.38
2026-07-18T15:26:59.708766,1,0.0,0,0,0,0.5,48.38
2026-07-18T15:26:59.709279,2,0.0,0,0,0,0.0,48.38
2026-07-18T15:26:59.709555,3,0.0,0,0,0,0.0,48.38
2026-07-18T15:26:59.709751,4,0.0,0,0,0,0.0,48.38
2026-07-18T15:27:01.631937,4,0.0,0,0,0,0.5,48.38
2026-07-18T15:27:01.694723,2,0.0,0,0,0,0.0,48.38
2026-07-18T15:27:01.694886,3,0.0,0,0,0,0.0,48.38
2026-07-18T15:27:01.694993,1,0.0,0,0,0,0.0,48.38
2026-07-18T15:27:03.632450,4,0.0,0,0,0,0.0,48.38
2026-07-18T15:27:03.642518,2,0.0,0,0,0,127.1,48.38
2026-07-18T15:27:03.642982,1,0.0,0,0,0,0.0,48.38
2026-07-18T15:27:03.643586,3,0.0,0,0,0,0.0,48.38
2026-07-18T15:27:05.633320,4,0.0,0,0,0,0.0,48.38
2026-07-18T15:27:05.640108,3,0.0,0,0,0,148.2,48.38
2026-07-18T15:27:05.641090,2,0.0,0,0,0,0.0,48.38
2026-07-18T15:27:05.641790,1,0.0,0,0,0,0.0,48.38
2026-07-18T15:27:07.639797,4,0.0,0,0,0,0.0,48.38
2026-07-18T15:27:07.640442,2,0.0,0,0,0,0.0,48.38
2026-07-18T15:27:07.640783,3,0.0,0,0,0,0.0,48.38
2026-07-18T15:27:07.641380,1,0.0,0,0,0,0.0,48.38
2026-07-18T15:27:09.642669,1,0.0,0,0,0,1.0,48.38
2026-07-18T15:27:09.643110,3,0.0,0,0,0,0.0,48.38
2026-07-18T15:27:09.643603,2,0.0,0,0,0,0.0,48.38
2026-07-18T15:27:09.643732,4,0.0,0,0,0,0.0,48.38
2026-07-18T15:27:11.650357,4,0.0,0,0,0,0.0,48.38
2026-07-18T15:27:11.661025,3,0.0,0,0,0,96.4,48.38
2026-07-18T15:27:11.661232,2,0.0,0,0,0,0.0,48.38
2026-07-18T15:27:11.661314,1,0.0,0,0,0,0.0,48.38
2026-07-18T15:27:13.646434,4,0.0,0,0,0,0.0,48.38
2026-07-18T15:27:13.648624,1,0.0,0,0,0,0.0,48.38
2026-07-18T15:27:13.648740,2,0.0,0,0,0,0.0,48.38
2026-07-18T15:27:13.648855,3,0.0,0,0,0,0.0,48.38
2026-07-18T15:27:15.648483,4,0.0,0,0,0,0.5,48.38
2026-07-18T15:27:15.651964,3,0.0,0,0,0,0.0,48.38
2026-07-18T15:27:15.652731,2,0.0,0,0,0,0.0,48.38
2026-07-18T15:27:15.653261,1,0.0,0,0,0,0.0,48.38
2026-07-18T15:27:17.649745,3,0.0,0,0,0,0.5,48.38
2026-07-18T15:27:17.649914,1,0.0,0,0,0,0.0,48.38
2026-07-18T15:27:17.652567,4,0.0,0,0,0,0.0,48.38
2026-07-18T15:27:17.653208,2,0.0,0,0,0,0.0,48.38
2026-07-18T15:27:19.711852,4,0.0,0,0,0,0.0,48.38
2026-07-18T15:27:19.752705,3,0.0,0,0,0,336.9,48.38
2026-07-18T15:27:19.753426,1,0.0,0,0,0,0.0,48.38
2026-07-18T15:27:19.753560,2,0.0,0,0,0,0.0,48.38
2026-07-18T15:27:21.683654,4,0.0,0,0,0,0.0,48.38
2026-07-18T15:27:21.873309,2,0.0,0,0,0,0.0,48.38
2026-07-18T15:27:21.873460,3,0.0,0,0,0,0.0,48.38
2026-07-18T15:27:21.873559,1,0.0,0,0,0,0.0,48.38
2026-07-18T15:27:23.724976,2,0.0,0,0,0,0.0,48.38
2026-07-18T15:27:23.725124,4,0.0,0,0,0,0.0,48.38
2026-07-18T15:27:23.725507,1,0.0,0,0,0,0.0,48.38
2026-07-18T15:27:23.725648,3,0.0,0,0,0,0.0,48.38
2026-07-18T15:27:26.585943,3,0.0,0,0,0,0.3,48.38
2026-07-18T15:27:26.586176,4,0.0,0,0,0,0.0,48.38
2026-07-18T15:27:26.586289,1,0.0,0,0,0,0.0,48.38
2026-07-18T15:27:26.586390,2,0.0,0,0,0,0.0,48.38
2026-07-18T15:27:28.630090,1,0.0,0,0,0,0.5,48.38
2026-07-18T15:27:28.633839,2,0.0,0,0,0,0.0,48.38
2026-07-18T15:27:29.907909,3,0.0,0,0,0,0.0,48.38
2026-07-18T15:27:29.910624,4,0.0,0,0,0,0.0,48.38
2026-07-18T15:27:32.872921,4,0.0,0,0,0,0.3,48.38
2026-07-18T15:27:32.873265,3,0.0,0,0,0,0.0,48.38
2026-07-18T15:27:32.873522,2,0.0,0,0,0,0.0,48.38
2026-07-18T15:27:32.873726,1,0.0,0,0,0,0.0,48.38
2026-07-18T15:27:32.950176,2,0.0,0,0,0,0.0,48.38
2026-07-18T15:27:32.950335,4,0.0,0,0,0,0.0,48.38
2026-07-18T15:27:32.950435,1,0.0,0,0,0,0.0,48.38
2026-07-18T15:27:32.950532,3,0.0,0,0,0,0.0,48.38
2026-07-18T15:27:36.142370,4,0.0,0,0,0,0.3,48.38
2026-07-18T15:27:36.142640,2,0.0,0,0,0,0.0,48.38
2026-07-18T15:27:36.143765,1,0.0,0,0,0,0.0,48.38
2026-07-18T15:27:36.143979,3,0.0,0,0,0,0.0,48.38
2026-07-18T15:27:38.380522,4,0.0,0,0,0,0.4,48.38
2026-07-18T15:27:38.383431,1,0.0,0,0,0,0.0,48.38
2026-07-18T15:27:38.383670,3,0.0,0,0,0,0.0,48.38
2026-07-18T15:27:38.385075,2,0.0,0,0,0,0.0,48.38
2026-07-18T15:27:40.910319,4,0.0,0,0,0,0.0,48.38
2026-07-18T15:27:40.911587,2,0.0,0,0,0,0.0,48.38
2026-07-18T15:27:40.911746,1,0.0,0,0,0,0.0,48.38
2026-07-18T15:27:40.911849,3,0.0,0,0,0,0.0,48.38
2026-07-18T15:27:42.911573,3,0.0,0,0,0,0.5,48.38
2026-07-18T15:27:42.911801,4,0.0,0,0,0,0.0,48.38
2026-07-18T15:27:42.912233,1,0.0,0,0,0,0.0,48.38
2026-07-18T15:27:42.912508,2,0.0,0,0,0,0.0,48.38
2026-07-18T15:27:44.913742,2,0.0,0,0,0,0.5,48.38
2026-07-18T15:27:44.913902,4,0.0,0,0,0,0.0,48.38
2026-07-18T15:27:44.914006,1,0.0,0,0,0,0.0,48.38
2026-07-18T15:27:44.914104,3,0.0,0,0,0,0.0,48.38
2026-07-18T15:27:46.914210,2,0.0,0,0,0,0.0,48.38
2026-07-18T15:27:46.914865,4,0.0,0,0,0,0.0,48.38
2026-07-18T15:27:46.915039,3,0.0,0,0,0,0.0,48.38
2026-07-18T15:27:46.916168,1,0.0,0,0,0,0.0,48.38
2026-07-18T15:27:48.916445,4,0.0,0,0,0,0.5,48.38
2026-07-18T15:27:48.917302,2,0.0,0,0,0,0.0,48.38
2026-07-18T15:27:48.917479,1,0.0,0,0,0,0.0,48.38
2026-07-18T15:27:48.917583,3,0.0,0,0,0,0.0,48.38
2026-07-18T15:27:50.921082,4,0.0,0,0,0,0.0,48.38
2026-07-18T15:27:50.921975,1,0.0,0,0,0,0.0,48.38
2026-07-18T15:27:50.922794,3,0.0,0,0,0,0.0,48.38
2026-07-18T15:27:50.924623,2,0.0,0,0,0,0.0,48.38
2026-07-18T15:27:52.927131,3,0.0,0,0,0,0.0,48.38
2026-07-18T15:27:52.927315,4,0.0,0,0,0,0.0,48.38
2026-07-18T15:27:52.927608,2,0.0,0,0,0,0.0,48.38
2026-07-18T15:27:52.927685,1,0.0,0,0,0,0.0,48.38
2026-07-18T15:27:54.934579,1,0.0,0,0,0,0.5,48.38
2026-07-18T15:27:54.934702,3,0.0,0,0,0,0.0,48.38
2026-07-18T15:27:54.934776,4,0.0,0,0,0,0.0,48.38
2026-07-18T15:27:54.934862,2,0.0,0,0,0,0.0,48.38
2026-07-18T15:27:56.934329,2,0.0,0,0,0,1.0,48.38
2026-07-18T15:27:56.934461,3,0.0,0,0,0,0.0,48.38
2026-07-18T15:27:56.934533,1,0.0,0,0,0,0.0,48.38
2026-07-18T15:27:56.934598,4,0.0,0,0,0,0.0,48.38
2026-07-18T15:27:58.935940,4,0.0,0,0,0,0.0,48.38
2026-07-18T15:27:58.937344,3,0.0,0,0,0,710.6,48.38
2026-07-18T15:27:58.937464,1,0.0,0,0,0,0.0,48.38
2026-07-18T15:27:58.937536,2,0.0,0,0,0,0.0,48.38
2026-07-18T15:28:00.938933,4,0.0,0,0,0,0.0,48.38
2026-07-18T15:28:00.940730,3,0.0,0,0,0,0.0,48.38
2026-07-18T15:28:00.941023,2,0.0,0,0,0,0.0,48.38
2026-07-18T15:28:00.941642,1,0.0,0,0,0,0.0,48.38
2026-07-18T15:28:02.941520,4,0.0,0,0,0,0.5,48.38
2026-07-18T15:28:02.942035,3,0.0,0,0,0,0.0,48.38
2026-07-18T15:28:02.942122,2,0.0,0,0,0,0.0,48.38
2026-07-18T15:28:02.942191,1,0.0,0,0,0,0.0,48.38
2026-07-18T15:28:04.945651,4,0.0,0,0,0,0.0,48.38
2026-07-18T15:28:04.946073,2,0.0,0,0,0,0.0,48.38
2026-07-18T15:28:04.946153,1,0.0,0,0,0,0.0,48.38
2026-07-18T15:28:04.946223,3,0.0,0,0,0,0.0,48.38
2026-07-18T15:28:06.949715,2,0.0,0,0,0,0.0,48.38
2026-07-18T15:28:06.949838,4,0.0,0,0,0,0.0,48.38
2026-07-18T15:28:06.949909,1,0.0,0,0,0,0.0,48.38
2026-07-18T15:28:06.949978,3,0.0,0,0,0,0.0,48.38
2026-07-18T15:28:08.950649,4,0.0,0,0,0,0.0,48.38
2026-07-18T15:28:08.951473,2,0.0,0,0,0,0.0,48.38
2026-07-18T15:28:08.951618,3,0.0,0,0,0,0.0,48.38
2026-07-18T15:28:08.951722,1,0.0,0,0,0,8257.6,48.38
2026-07-18T15:28:10.953688,4,0.0,0,0,0,0.0,48.38
2026-07-18T15:28:10.954773,3,0.0,0,0,0,0.0,48.38
2026-07-18T15:28:10.954875,1,0.0,0,0,0,0.0,48.38
2026-07-18T15:28:10.954947,2,0.0,0,0,0,0.0,48.38
2026-07-18T15:28:12.958813,4,0.0,0,0,0,0.0,48.38
2026-07-18T15:28:12.958962,2,0.0,0,0,0,0.0,48.38
2026-07-18T15:28:12.959036,1,0.0,0,0,0,0.0,48.38
2026-07-18T15:28:12.959105,3,0.0,0,0,0,0.0,48.38
2026-07-18T15:28:14.959478,4,0.0,0,0,0,0.0,48.38
2026-07-18T15:28:14.962978,2,0.0,0,0,0,291.0,48.38
2026-07-18T15:28:14.965059,3,0.0,0,0,0,0.0,48.38
2026-07-18T15:28:14.966220,1,0.0,0,0,0,467.3,48.38
2026-07-18T15:28:16.961342,4,0.0,0,0,0,0.0,48.38
2026-07-18T15:28:16.962748,3,0.0,0,0,0,0.0,48.38
2026-07-18T15:28:16.962882,1,0.0,0,0,0,0.0,48.38
2026-07-18T15:28:16.963265,2,0.0,0,0,0,0.0,48.38
2026-07-18T15:28:18.961400,2,0.0,0,0,0,0.0,48.38
2026-07-18T15:28:18.961511,4,0.0,0,0,0,0.0,48.38
2026-07-18T15:28:18.962580,1,0.0,0,0,0,0.0,48.38
2026-07-18T15:28:18.962980,3,0.0,0,0,0,0.0,48.38
2026-07-18T15:28:20.964529,4,0.0,0,0,0,0.0,48.38
2026-07-18T15:28:20.965232,1,0.0,0,0,0,0.0,48.38
2026-07-18T15:28:20.965329,2,0.0,0,0,0,0.0,48.38
2026-07-18T15:28:20.965398,3,0.0,0,0,0,0.0,48.38
2026-07-18T15:28:23.150679,3,0.0,0,0,0,0.5,48.38
2026-07-18T15:28:23.151186,2,0.0,0,0,0,0.0,48.38
2026-07-18T15:28:23.151590,4,0.0,0,0,0,0.0,48.38
2026-07-18T15:28:23.151860,1,0.0,0,0,0,0.0,48.38
2026-07-18T15:28:25.208818,1,0.0,0,0,0,0.0,48.38
2026-07-18T15:28:25.209006,3,0.0,0,0,0,0.0,48.38
2026-07-18T15:28:25.209110,2,0.0,0,0,0,0.0,48.38
2026-07-18T15:28:25.209209,4,0.0,0,0,0,0.0,48.38
2026-07-18T15:28:27.170582,4,0.0,0,0,0,0.0,48.38
2026-07-18T15:28:27.172623,1,0.0,0,0,0,0.0,48.38
2026-07-18T15:28:27.172995,3,0.0,0,0,0,0.0,48.38
2026-07-18T15:28:27.173648,2,0.0,0,0,0,0.0,48.38
2026-07-18T15:28:29.170855,4,0.0,0,0,0,0.5,48.38
2026-07-18T15:28:29.172055,1,0.0,0,0,0,0.0,48.38
2026-07-18T15:28:29.172920,3,0.0,0,0,0,0.0,48.38
2026-07-18T15:28:29.173525,2,0.0,0,0,0,0.0,48.38
2026-07-18T15:28:31.177537,2,0.0,0,0,0,0.5,48.38
2026-07-18T15:28:31.180231,4,0.0,0,0,0,0.0,48.38
2026-07-18T15:28:31.180723,3,0.0,0,0,0,0.0,48.38
2026-07-18T15:28:31.183529,1,0.0,0,0,0,0.0,48.38
2026-07-18T15:28:33.174698,4,0.0,0,0,0,0.5,48.38
2026-07-18T15:28:33.176639,2,0.0,0,0,0,0.0,48.38
2026-07-18T15:28:33.176908,3,0.0,0,0,0,0.0,48.38
2026-07-18T15:28:33.177456,1,0.0,0,0,0,0.0,48.38
2026-07-18T15:28:35.177826,4,0.0,0,0,0,0.0,48.38
2026-07-18T15:28:35.178237,1,0.0,0,0,0,0.0,48.38
2026-07-18T15:28:35.178728,2,0.0,0,0,0,0.0,48.38
2026-07-18T15:28:35.178803,3,0.0,0,0,0,0.0,48.38
2026-07-18T15:28:37.179609,4,0.0,0,0,0,0.0,48.38
2026-07-18T15:28:37.180048,1,0.0,0,0,0,0.0,48.38
2026-07-18T15:28:37.180391,3,0.0,0,0,0,0.0,48.38
2026-07-18T15:28:37.180474,2,0.0,0,0,0,0.0,48.38
2026-07-18T15:28:39.182748,4,0.0,0,0,0,0.0,48.38
2026-07-18T15:28:39.183903,3,0.0,0,0,0,0.0,48.38
2026-07-18T15:28:39.184007,2,0.0,0,0,0,0.0,48.38
2026-07-18T15:28:39.184073,1,0.0,0,0,0,0.0,48.38
2026-07-18T15:28:41.185473,4,0.0,0,0,0,0.0,48.38
2026-07-18T15:28:41.186401,1,0.0,0,0,0,941.9,48.38
2026-07-18T15:28:41.187435,2,0.0,0,0,0,982.6,48.38
2026-07-18T15:28:41.187730,3,0.0,0,0,0,0.0,48.38
2026-07-18T15:28:43.187747,2,0.0,0,0,0,0.0,48.38
2026-07-18T15:28:43.187867,3,0.0,0,0,0,0.0,48.38
2026-07-18T15:28:43.187937,4,0.0,0,0,0,0.0,48.38
2026-07-18T15:28:43.188001,1,0.0,0,0,0,0.0,48.38
2026-07-18T15:28:45.190075,4,0.0,0,0,0,0.0,48.38
2026-07-18T15:28:45.191210,1,0.0,0,0,0,0.0,48.38
2026-07-18T15:28:45.191313,2,0.0,0,0,0,0.0,48.38
2026-07-18T15:28:45.191382,3,0.0,0,0,0,0.0,48.38
2026-07-18T15:28:47.194103,4,0.0,0,0,0,0.5,48.38
2026-07-18T15:28:47.195046,3,0.0,0,0,0,0.0,48.38
2026-07-18T15:28:47.195482,2,0.0,0,0,0,0.0,48.38
2026-07-18T15:28:47.196136,1,0.0,0,0,0,2348.5,48.38
2026-07-18T15:28:49.195804,4,0.0,0,0,0,0.0,48.38
2026-07-18T15:28:49.197685,3,0.0,0,0,0,0.0,48.38
2026-07-18T15:28:49.197861,1,0.0,0,0,0,0.0,48.38
2026-07-18T15:28:49.197978,2,0.0,0,0,0,0.0,48.38
2026-07-18T15:28:51.197781,1,0.0,0,0,0,0.5,48.38
2026-07-18T15:28:51.199469,4,0.0,0,0,0,0.0,48.38
2026-07-18T15:28:51.199670,3,0.0,0,0,0,0.0,48.38
2026-07-18T15:28:51.200591,2,0.0,0,0,0,0.0,48.38
2026-07-18T15:28:53.201203,2,0.0,0,0,0,0.0,48.38
2026-07-18T15:28:53.202716,3,0.0,0,0,0,0.0,48.38
2026-07-18T15:28:53.203125,1,0.0,0,0,0,0.0,48.38
2026-07-18T15:28:53.203868,4,0.0,0,0,0,0.0,48.38
2026-07-18T15:28:55.256695,4,0.0,0,0,0,0.0,48.38
2026-07-18T15:28:55.257971,3,0.0,0,0,0,0.0,48.38
2026-07-18T15:28:55.258514,1,0.0,0,0,0,0.0,48.38
2026-07-18T15:28:55.258644,2,0.0,0,0,0,0.0,48.38
2026-07-18T15:28:57.253419,4,0.0,0,0,0,0.0,48.38
2026-07-18T15:28:57.253562,2,0.0,0,0,0,4213.2,48.38
2026-07-18T15:28:57.253964,3,0.0,0,0,0,0.0,48.38
2026-07-18T15:28:57.254043,1,0.0,0,0,0,9946.5,48.38
2026-07-18T15:28:59.257384,1,0.0,0,0,0,0.0,48.38
2026-07-18T15:28:59.257564,2,0.0,0,0,0,0.0,48.38
2026-07-18T15:28:59.257640,3,0.0,0,0,0,0.0,48.38
2026-07-18T15:28:59.257720,4,0.0,0,0,0,0.0,48.38
2026-07-18T15:29:01.259004,4,0.0,0,0,0,0.0,48.38
2026-07-18T15:29:01.260945,2,0.0,0,0,0,0.0,48.38
2026-07-18T15:29:01.261417,1,0.0,0,0,0,0.0,48.38
2026-07-18T15:29:01.261562,3,0.0,0,0,0,0.0,48.38
2026-07-18T15:29:03.261877,4,0.0,0,0,0,0.5,48.38
2026-07-18T15:29:03.263603,3,0.0,0,0,0,0.0,48.38
2026-07-18T15:29:03.263843,2,0.0,0,0,0,0.0,48.38
2026-07-18T15:29:03.263934,1,0.0,0,0,0,0.0,48.38
2026-07-18T15:29:05.263714,4,0.0,0,0,0,0.0,48.38
2026-07-18T15:29:05.264930,3,0.0,0,0,0,0.0,48.38
2026-07-18T15:29:05.265037,1,0.0,0,0,0,0.0,48.38
2026-07-18T15:29:05.265107,2,0.0,0,0,0,0.0,48.38
2026-07-18T15:29:07.266471,4,0.0,0,0,0,0.0,48.38
2026-07-18T15:29:07.267638,2,0.0,0,0,0,0.0,48.38
2026-07-18T15:29:07.267754,1,0.0,0,0,0,0.0,48.38
2026-07-18T15:29:07.268109,3,0.0,0,0,0,0.0,48.38
2026-07-18T15:29:09.268941,4,0.0,0,0,0,0.0,48.38
2026-07-18T15:29:09.270436,3,0.0,0,0,0,0.0,48.38
2026-07-18T15:29:09.270595,1,0.0,0,0,0,0.0,48.38
2026-07-18T15:29:09.270733,2,0.0,0,0,0,0.0,48.38
2026-07-18T15:29:11.276182,4,0.0,0,0,0,0.0,48.38
2026-07-18T15:29:11.281668,3,0.0,0,0,0,304.6,48.38
2026-07-18T15:29:11.281858,1,0.0,0,0,0,0.0,48.38
2026-07-18T15:29:11.281967,2,0.0,0,0,0,0.0,48.38
2026-07-18T15:29:13.275572,4,0.0,0,0,0,0.0,48.38
2026-07-18T15:29:13.278966,1,0.0,0,0,0,258.6,48.38
2026-07-18T15:29:13.279313,3,0.0,0,0,0,0.0,48.38
2026-07-18T15:29:13.279499,2,0.0,0,0,0,0.0,48.38
2026-07-18T15:29:15.278744,1,0.0,0,0,0,0.0,48.38
2026-07-18T15:29:15.279288,4,0.0,0,0,0,0.0,48.38
2026-07-18T15:29:15.280494,2,0.0,0,0,0,0.0,48.38
2026-07-18T15:29:15.280821,3,0.0,0,0,0,0.0,48.38
2026-07-18T15:29:17.281816,4,0.0,0,0,0,0.5,48.38
2026-07-18T15:29:17.285044,1,0.0,0,0,0,0.0,48.38
2026-07-18T15:29:17.285954,2,0.0,0,0,0,0.0,48.38
2026-07-18T15:29:17.286362,3,0.0,0,0,0,0.0,48.38
2026-07-18T15:29:19.285148,3,0.0,0,0,0,0.0,48.38
2026-07-18T15:29:19.285847,1,0.0,0,0,0,1374.6,48.38
2026-07-18T15:29:19.286383,4,0.0,0,0,0,0.0,48.38
2026-07-18T15:29:19.287559,2,0.0,0,0,0,0.0,48.38
2026-07-18T15:29:21.286470,3,0.0,0,0,0,0.0,48.38
2026-07-18T15:29:21.286817,1,0.0,0,0,0,0.0,48.38
2026-07-18T15:29:21.286952,2,0.0,0,0,0,0.0,48.38
2026-07-18T15:29:21.287055,4,0.0,0,0,0,0.0,48.38
2026-07-18T15:29:23.291878,2,0.0,0,0,0,0.0,48.38
2026-07-18T15:29:23.292780,4,0.0,0,0,0,0.0,48.38
2026-07-18T15:29:23.293590,3,0.0,0,0,0,0.0,48.38
2026-07-18T15:29:23.294316,1,0.0,0,0,0,1172.6,48.38
2026-07-18T15:29:25.291716,4,0.0,0,0,0,0.0,48.38
2026-07-18T15:29:25.294819,2,0.0,0,0,0,0.0,48.38
2026-07-18T15:29:25.295778,1,0.0,0,0,0,0.0,48.38
2026-07-18T15:29:25.296315,3,0.0,0,0,0,0.0,48.38
2026-07-18T15:29:27.294644,4,0.0,0,0,0,0.5,48.38
2026-07-18T15:29:27.295750,1,0.0,0,0,0,0.0,48.38
2026-07-18T15:29:27.295898,3,0.0,0,0,0,0.0,48.38
2026-07-18T15:29:27.295996,2,0.0,0,0,0,0.0,48.38
2026-07-18T15:29:29.301435,4,0.0,0,0,0,0.0,48.38
2026-07-18T15:29:29.302841,3,0.0,0,0,0,537.7,48.38
2026-07-18T15:29:29.302996,1,0.0,0,0,0,0.0,48.38
2026-07-18T15:29:29.303092,2,0.0,0,0,0,0.0,48.38
2026-07-18T15:29:31.300675,4,0.0,0,0,0,0.0,48.38
2026-07-18T15:29:31.301939,1,0.0,0,0,0,0.0,48.38
2026-07-18T15:29:31.302562,2,0.0,0,0,0,2958.8,48.38
2026-07-18T15:29:31.302862,3,0.0,0,0,0,0.0,48.38
2026-07-18T15:29:33.303859,4,0.0,0,0,0,0.0,48.38
2026-07-18T15:29:33.305639,1,0.0,0,0,0,0.0,48.38
2026-07-18T15:29:33.305784,3,0.0,0,0,0,0.0,48.38
2026-07-18T15:29:33.305885,2,0.0,0,0,0,0.0,48.38
2026-07-18T15:29:35.306587,4,0.0,0,0,0,0.0,48.38
2026-07-18T15:29:35.307228,3,0.0,0,0,0,0.0,48.38
2026-07-18T15:29:35.307374,1,0.0,0,0,0,0.0,48.38
2026-07-18T15:29:35.308533,2,0.0,0,0,0,986.6,48.38
2026-07-18T15:29:37.311730,2,0.0,0,0,0,0.0,48.38
2026-07-18T15:29:37.312063,1,0.0,0,0,0,0.0,48.38
2026-07-18T15:29:37.312552,4,0.0,0,0,0,0.0,48.38
2026-07-18T15:29:37.312688,3,0.0,0,0,0,0.0,48.38
2026-07-18T15:29:39.312852,4,0.0,0,0,0,0.0,48.38
2026-07-18T15:29:39.315162,3,0.0,0,0,0,442.7,48.38
2026-07-18T15:29:39.315840,1,0.0,0,0,0,0.0,48.38
2026-07-18T15:29:39.316436,2,0.0,0,0,0,0.0,48.38
2026-07-18T15:29:41.319868,2,0.0,0,0,0,0.0,48.38
2026-07-18T15:29:41.320549,3,0.0,0,0,0,0.0,48.38
2026-07-18T15:29:41.320708,4,0.0,0,0,0,0.0,48.38
2026-07-18T15:29:41.323134,1,0.0,0,0,0,0.0,48.38
2026-07-18T15:29:43.323777,2,0.0,0,0,0,0.5,48.38
2026-07-18T15:29:43.324044,4,0.0,0,0,0,0.0,48.38
2026-07-18T15:29:43.327077,1,0.0,0,0,0,0.0,48.38
2026-07-18T15:29:43.327432,3,0.0,0,0,0,0.0,48.38
2026-07-18T15:29:45.325517,4,0.0,0,0,0,0.5,48.38
2026-07-18T15:29:45.327287,3,0.0,0,0,0,0.0,48.38
2026-07-18T15:29:45.327455,2,0.0,0,0,0,0.0,48.38
2026-07-18T15:29:45.327852,1,0.0,0,0,0,0.0,48.38
2026-07-18T15:29:47.327344,4,0.0,0,0,0,0.5,48.38
2026-07-18T15:29:47.328664,3,0.0,0,0,0,0.0,48.38
2026-07-18T15:29:47.328815,1,0.0,0,0,0,0.0,48.38
2026-07-18T15:29:47.329366,2,0.0,0,0,0,0.0,48.38
2026-07-18T15:29:49.331988,2,0.0,0,0,0,0.0,48.38
2026-07-18T15:29:49.332151,3,0.0,0,0,0,0.0,48.38
2026-07-18T15:29:49.332249,4,0.0,0,0,0,0.0,48.38
2026-07-18T15:29:49.333384,1,0.0,0,0,0,1104.3,48.38
2026-07-18T15:29:51.333738,4,0.0,0,0,0,0.0,48.38
2026-07-18T15:29:51.334734,1,0.0,0,0,0,0.0,48.38
2026-07-18T15:29:51.334927,2,0.0,0,0,0,0.0,48.38
2026-07-18T15:29:51.335059,3,0.0,0,0,0,0.0,48.38
2026-07-18T15:29:53.340969,3,0.0,0,0,0,0.0,48.38
2026-07-18T15:29:53.341810,1,0.0,0,0,0,0.0,48.38
2026-07-18T15:29:53.342831,4,0.0,0,0,0,0.0,48.38
2026-07-18T15:29:53.344420,2,0.0,0,0,0,0.0,48.38
2026-07-18T15:29:55.342321,4,0.0,0,0,0,0.5,48.38
2026-07-18T15:29:55.344801,1,0.0,0,0,0,0.0,48.38
2026-07-18T15:29:55.345389,3,0.0,0,0,0,0.0,48.38
2026-07-18T15:29:55.346622,2,0.0,0,0,0,0.0,48.38
2026-07-18T15:29:57.346352,4,0.0,0,0,0,0.5,48.38
2026-07-18T15:29:57.346700,2,0.0,0,0,0,0.0,48.38
2026-07-18T15:29:57.348778,1,0.0,0,0,0,0.0,48.38
2026-07-18T15:29:57.349657,3,0.0,0,0,0,0.0,48.38
2026-07-18T15:29:59.347592,4,0.0,0,0,0,0.0,48.38
2026-07-18T15:29:59.348952,1,0.0,0,0,0,0.0,48.38
2026-07-18T15:29:59.349108,2,0.0,0,0,0,0.0,48.38
2026-07-18T15:29:59.349546,3,0.0,0,0,0,0.0,48.38
2026-07-18T15:30:02.224186,1,0.0,0,0,0,0.3,48.38
2026-07-18T15:30:02.224372,4,0.0,0,0,0,0.0,48.38
2026-07-18T15:30:02.226884,2,0.0,0,0,0,0.0,48.38
2026-07-18T15:30:02.227038,3,0.0,0,0,0,0.0,48.38
2026-07-18T15:30:03.444252,4,0.0,0,0,0,0.0,48.38
2026-07-18T15:30:03.444686,3,0.0,0,0,0,0.0,48.38
2026-07-18T15:30:03.444817,1,0.0,0,0,0,0.0,48.38
2026-07-18T15:30:03.444915,2,0.0,0,0,0,0.0,48.38
2026-07-18T15:30:05.449903,1,0.0,0,0,0,0.0,48.38
2026-07-18T15:30:05.450551,3,0.0,0,0,0,0.0,48.38
2026-07-18T15:30:05.450842,2,0.0,0,0,0,1464.9,48.38
2026-07-18T15:30:05.451005,4,0.0,0,0,0,0.0,48.38
2026-07-18T15:30:07.451313,4,0.0,0,0,0,0.5,48.38
2026-07-18T15:30:07.452797,3,0.0,0,0,0,0.0,48.38
2026-07-18T15:30:07.453840,1,0.0,0,0,0,0.0,48.38
2026-07-18T15:30:07.455732,2,0.0,0,0,0,0.0,48.38
2026-07-18T15:30:09.456576,3,0.0,0,0,0,0.0,48.38
2026-07-18T15:30:09.457549,4,0.0,0,0,0,0.0,48.38
2026-07-18T15:30:09.457744,1,0.0,0,0,0,0.0,48.38
2026-07-18T15:30:09.457972,2,0.0,0,0,0,0.0,48.38
2026-07-18T15:30:11.455917,4,0.0,0,0,0,0.5,48.38
2026-07-18T15:30:11.456820,1,0.0,0,0,0,0.0,48.38
2026-07-18T15:30:11.458028,3,0.0,0,0,0,0.0,48.38
2026-07-18T15:30:11.458206,2,0.0,0,0,0,0.0,48.38
2026-07-18T15:30:13.459608,4,0.0,0,0,0,0.5,48.38
2026-07-18T15:30:13.461915,3,0.0,0,0,0,0.0,48.38
2026-07-18T15:30:13.462287,2,0.0,0,0,0,0.0,48.38
2026-07-18T15:30:13.463266,1,0.0,0,0,0,0.0,48.38
2026-07-18T15:30:15.461472,4,0.0,0,0,0,0.5,48.38
2026-07-18T15:30:15.463735,3,0.0,0,0,0,0.0,48.38
2026-07-18T15:30:15.463867,2,0.0,0,0,0,0.0,48.38
2026-07-18T15:30:15.463946,1,0.0,0,0,0,0.0,48.38
2026-07-18T15:30:17.463788,4,0.0,0,0,0,0.0,48.38
2026-07-18T15:30:17.464541,2,0.0,0,0,0,0.0,48.38
2026-07-18T15:30:17.464632,1,0.0,0,0,0,0.0,48.38
2026-07-18T15:30:17.464702,3,0.0,0,0,0,0.0,48.38
2026-07-18T15:30:19.466580,4,0.0,0,0,0,0.0,48.38
2026-07-18T15:30:19.467590,2,0.0,0,0,0,0.0,48.38
2026-07-18T15:30:19.467732,1,0.0,0,0,0,0.0,48.38
2026-07-18T15:30:19.467888,3,0.0,0,0,0,0.0,48.38
2026-07-18T15:30:21.473940,4,0.0,0,0,0,0.5,48.38
2026-07-18T15:30:21.476325,1,0.0,0,0,0,0.0,48.38
2026-07-18T15:30:21.476530,2,0.0,0,0,0,0.0,48.38
2026-07-18T15:30:21.476677,3,0.0,0,0,0,0.0,48.38
2026-07-18T15:30:23.476871,2,0.0,0,0,0,0.5,48.38
2026-07-18T15:30:23.477645,3,0.0,0,0,0,0.0,48.38
2026-07-18T15:30:23.477953,1,0.0,0,0,0,0.0,48.38
2026-07-18T15:30:23.478889,4,0.0,0,0,0,0.0,48.38
2026-07-18T15:30:25.478456,4,0.0,0,0,0,0.0,48.38
2026-07-18T15:30:25.480420,3,0.0,0,0,0,0.0,48.38
2026-07-18T15:30:25.480674,1,0.0,0,0,0,0.0,48.38
2026-07-18T15:30:25.480808,2,0.0,0,0,0,0.0,48.38
2026-07-18T15:30:27.479061,4,0.0,0,0,0,0.0,48.38
2026-07-18T15:30:27.480468,1,0.0,0,0,0,0.0,48.38
2026-07-18T15:30:27.480658,3,0.0,0,0,0,0.0,48.38
2026-07-18T15:30:27.480766,2,0.0,0,0,0,8275.0,48.38
2026-07-18T15:30:29.482967,4,0.0,0,0,0,0.5,48.38
2026-07-18T15:30:29.484788,2,0.0,0,0,0,0.0,48.38
2026-07-18T15:30:29.485507,3,0.0,0,0,0,0.0,48.38
2026-07-18T15:30:29.485899,1,0.0,0,0,0,0.0,48.38
2026-07-18T15:30:31.487604,4,0.0,0,0,0,0.0,48.38
2026-07-18T15:30:31.487868,3,0.0,0,0,0,0.0,48.38
2026-07-18T15:30:31.487988,1,0.0,0,0,0,0.0,48.38
2026-07-18T15:30:31.488064,2,0.0,0,0,0,0.0,48.38
2026-07-18T15:30:33.487915,4,0.0,0,0,0,0.0,48.38
2026-07-18T15:30:33.490337,3,0.0,0,0,0,0.0,48.38
2026-07-18T15:30:33.490892,2,0.0,0,0,0,0.0,48.38
2026-07-18T15:30:33.491596,1,0.0,0,0,0,0.0,48.38
2026-07-18T15:30:35.489726,4,0.0,0,0,0,0.0,48.38
2026-07-18T15:30:35.490662,3,0.0,0,0,0,0.0,48.38
2026-07-18T15:30:35.490828,1,0.0,0,0,0,0.0,48.38
2026-07-18T15:30:35.490944,2,0.0,0,0,0,6668.8,48.38
2026-07-18T15:30:37.492171,4,0.0,0,0,0,0.0,48.38
2026-07-18T15:30:37.494914,1,0.0,0,0,0,381.8,48.38
2026-07-18T15:30:37.495477,3,0.0,0,0,0,0.0,48.38
2026-07-18T15:30:37.495718,2,0.0,0,0,0,0.0,48.38
2026-07-18T15:30:39.498073,4,0.0,0,0,0,0.0,48.38
2026-07-18T15:30:39.501562,2,0.0,0,0,0,0.0,48.38
2026-07-18T15:30:39.503471,1,0.0,0,0,0,0.0,48.38
2026-07-18T15:30:39.504616,3,0.0,0,0,0,529.2,48.38
2026-07-18T15:30:41.498636,4,0.0,0,0,0,0.0,48.38
2026-07-18T15:30:41.499553,3,0.0,0,0,0,0.0,48.38
2026-07-18T15:30:41.499895,1,0.0,0,0,0,0.0,48.38
2026-07-18T15:30:41.500878,2,0.0,0,0,0,0.0,48.38
2026-07-18T15:30:43.500862,4,0.0,0,0,0,0.0,48.38
2026-07-18T15:30:43.502418,1,0.0,0,0,0,0.0,48.38
2026-07-18T15:30:43.502615,3,0.0,0,0,0,0.0,48.38
2026-07-18T15:30:43.502723,2,0.0,0,0,0,0.0,48.38
2026-07-18T15:30:45.503683,4,0.0,0,0,0,0.5,48.38
2026-07-18T15:30:45.505641,2,0.0,0,0,0,0.0,48.38
2026-07-18T15:30:45.505761,3,0.0,0,0,0,0.0,48.38
2026-07-18T15:30:45.505837,1,0.0,0,0,0,0.0,48.38
2026-07-18T15:30:47.506175,4,0.0,0,0,0,0.0,48.38
2026-07-18T15:30:47.508233,2,0.0,0,0,0,0.0,48.38
2026-07-18T15:30:47.508431,3,0.0,0,0,0,0.0,48.38
2026-07-18T15:30:47.508508,1,0.0,0,0,0,0.0,48.38
2026-07-18T15:30:49.506935,4,0.0,0,0,0,0.5,48.38
2026-07-18T15:30:49.507921,1,0.0,0,0,0,0.0,48.38
2026-07-18T15:30:49.508026,2,0.0,0,0,0,0.0,48.38
2026-07-18T15:30:49.508095,3,0.0,0,0,0,0.0,48.38
2026-07-18T15:30:51.510556,4,0.0,0,0,0,0.0,48.38
2026-07-18T15:30:51.512435,2,0.0,0,0,0,0.0,48.38
2026-07-18T15:30:51.512710,1,0.0,0,0,0,0.0,48.38
2026-07-18T15:30:51.512798,3,0.0,0,0,0,0.0,48.38
2026-07-18T15:30:53.513461,1,0.0,0,0,0,0.0,48.38
2026-07-18T15:30:53.513658,4,0.0,0,0,0,0.0,48.38
2026-07-18T15:30:53.514452,2,0.0,0,0,0,0.0,48.38
2026-07-18T15:30:53.514661,3,0.0,0,0,0,0.0,48.38
2026-07-18T15:30:55.517204,4,0.0,0,0,0,0.0,48.38
2026-07-18T15:30:55.519461,2,0.0,0,0,0,303.2,48.38
2026-07-18T15:30:55.519681,3,0.0,0,0,0,0.0,48.38
2026-07-18T15:30:55.519766,1,0.0,0,0,0,0.0,48.38
2026-07-18T15:30:57.520449,3,0.0,0,0,0,0.5,48.38
2026-07-18T15:30:57.520772,4,0.0,0,0,0,0.0,48.38
2026-07-18T15:30:57.520912,1,0.0,0,0,0,0.0,48.38
2026-07-18T15:30:57.521621,2,0.0,0,0,0,0.0,48.38
2026-07-18T15:30:59.521680,4,0.0,0,0,0,0.0,48.38
2026-07-18T15:30:59.523198,1,0.0,0,0,0,0.0,48.38
2026-07-18T15:30:59.523351,2,0.0,0,0,0,0.0,48.38
2026-07-18T15:30:59.523425,3,0.0,0,0,0,0.0,48.38
2026-07-18T15:31:01.524482,2,0.0,0,0,0,0.5,48.38
2026-07-18T15:31:01.524792,3,0.0,0,0,0,0.0,48.38
2026-07-18T15:31:01.524920,4,0.0,0,0,0,0.0,48.38
2026-07-18T15:31:01.524993,1,0.0,0,0,0,0.0,48.38
2026-07-18T15:31:03.527699,4,0.0,0,0,0,0.0,48.38
2026-07-18T15:31:03.528048,1,0.0,0,0,0,0.0,48.38
2026-07-18T15:31:03.530135,2,0.0,0,0,0,0.0,48.38
2026-07-18T15:31:03.530928,3,0.0,0,0,0,0.0,48.38
2026-07-18T15:31:05.528347,4,0.0,0,0,0,0.0,48.38
2026-07-18T15:31:05.528802,2,0.0,0,0,0,0.0,48.38
2026-07-18T15:31:05.529072,1,0.0,0,0,0,0.0,48.38
2026-07-18T15:31:05.529227,3,0.0,0,0,0,0.0,48.38
2026-07-18T15:31:07.532965,4,0.0,0,0,0,0.5,48.38
2026-07-18T15:31:07.535743,2,0.0,0,0,0,0.0,48.38
2026-07-18T15:31:07.536120,1,0.0,0,0,0,0.0,48.38
2026-07-18T15:31:07.536855,3,0.0,0,0,0,0.0,48.38
2026-07-18T15:31:09.535644,4,0.0,0,0,0,0.0,48.38
2026-07-18T15:31:09.537209,3,0.0,0,0,0,0.0,48.38
2026-07-18T15:31:09.537362,2,0.0,0,0,0,0.0,48.38
2026-07-18T15:31:09.537461,1,0.0,0,0,0,0.0,48.38
2026-07-18T15:31:11.537461,4,0.0,0,0,0,0.5,48.38
2026-07-18T15:31:11.538944,1,0.0,0,0,0,0.0,48.38
2026-07-18T15:31:11.539090,2,0.0,0,0,0,0.0,48.38
2026-07-18T15:31:11.539273,3,0.0,0,0,0,0.0,48.38
2026-07-18T15:31:13.540898,4,0.0,0,0,0,0.0,48.38
2026-07-18T15:31:13.542179,3,0.0,0,0,0,0.0,48.38
2026-07-18T15:31:13.542615,1,0.0,0,0,0,0.0,48.38
2026-07-18T15:31:13.543714,2,0.0,0,0,0,0.0,48.38
2026-07-18T15:31:15.607459,4,0.0,0,0,0,0.5,48.38
2026-07-18T15:31:15.609118,1,0.0,0,0,0,0.0,48.38
2026-07-18T15:31:15.609293,3,0.0,0,0,0,0.0,48.38
2026-07-18T15:31:15.609391,2,0.0,0,0,0,0.0,48.38
2026-07-18T15:31:17.609711,4,0.0,0,0,0,0.0,48.38
2026-07-18T15:31:17.612619,3,0.0,0,0,0,0.0,48.38
2026-07-18T15:31:17.612904,2,0.0,0,0,0,0.0,48.38
2026-07-18T15:31:17.613011,1,0.0,0,0,0,0.0,48.38
2026-07-18T15:31:19.611546,1,0.0,0,0,0,0.5,48.38
2026-07-18T15:31:19.611693,4,0.0,0,0,0,0.0,48.38
2026-07-18T15:31:19.612358,2,0.0,0,0,0,0.0,48.38
2026-07-18T15:31:19.612488,3,0.0,0,0,0,0.0,48.38
2026-07-18T15:31:21.616681,4,0.0,0,0,0,0.5,48.38
2026-07-18T15:31:21.617197,1,0.0,0,0,0,0.0,48.38
2026-07-18T15:31:21.618308,2,0.0,0,0,0,0.0,48.38
2026-07-18T15:31:21.618680,3,0.0,0,0,0,0.0,48.38
2026-07-18T15:31:23.619963,1,0.0,0,0,0,0.0,48.38
2026-07-18T15:31:23.620146,4,0.0,0,0,0,0.0,48.38
2026-07-18T15:31:23.620243,3,0.0,0,0,0,0.0,48.38
2026-07-18T15:31:23.620928,2,0.0,0,0,0,0.0,48.38
2026-07-18T15:31:25.621702,4,0.0,0,0,0,0.5,48.38
2026-07-18T15:31:25.622624,1,0.0,0,0,0,0.0,48.38
2026-07-18T15:31:25.622758,2,0.0,0,0,0,0.0,48.38
2026-07-18T15:31:25.622851,3,0.0,0,0,0,0.0,48.38
2026-07-18T15:31:27.623858,4,0.0,0,0,0,0.5,48.38
2026-07-18T15:31:27.626308,3,0.0,0,0,0,0.0,48.38
2026-07-18T15:31:27.626610,2,0.0,0,0,0,0.0,48.38
2026-07-18T15:31:27.626740,1,0.0,0,0,0,0.0,48.38
2026-07-18T15:31:29.626023,4,0.0,0,0,0,0.0,48.38
2026-07-18T15:31:29.628088,2,0.0,0,0,0,0.0,48.38
2026-07-18T15:31:29.628611,1,0.0,0,0,0,0.0,48.38
2026-07-18T15:31:29.628751,3,0.0,0,0,0,0.0,48.38
2026-07-18T15:31:31.632050,4,0.0,0,0,0,0.5,48.38
2026-07-18T15:31:31.634030,2,0.0,0,0,0,0.0,48.38
2026-07-18T15:31:31.634823,1,0.0,0,0,0,0.0,48.38
2026-07-18T15:31:31.635454,3,0.0,0,0,0,0.0,48.38
2026-07-18T15:31:36.206339,4,0.0,0,0,0,10.9,48.38
2026-07-18T15:31:36.206910,4,0.0,0,0,0,0.0,48.38
2026-07-18T15:31:36.207742,3,0.0,0,0,0,0.0,48.38
2026-07-18T15:31:36.208479,3,0.0,0,0,0,0.0,48.38
2026-07-18T15:31:36.209691,2,0.0,0,0,0,0.0,48.38
2026-07-18T15:31:36.210510,2,0.0,0,0,0,0.0,48.38
2026-07-18T15:31:36.210931,1,0.0,0,0,0,0.0,48.38
2026-07-18T15:31:36.211729,1,0.0,0,0,0,0.0,48.38
2026-07-18T15:31:37.641961,4,0.0,0,0,0,0.0,48.38
2026-07-18T15:31:37.645438,2,0.0,0,0,0,307.7,48.38
2026-07-18T15:31:37.645968,1,0.0,0,0,0,1359.4,48.38
2026-07-18T15:31:37.646271,3,0.0,0,0,0,0.0,48.38
2026-07-18T15:31:39.646063,4,0.0,0,0,0,0.0,48.38
2026-07-18T15:31:39.647583,2,0.0,0,0,0,0.0,48.38
2026-07-18T15:31:39.647766,1,0.0,0,0,0,0.0,48.38
2026-07-18T15:31:39.647866,3,0.0,0,0,0,0.0,48.38
2026-07-18T15:31:41.648816,4,0.0,0,0,0,0.0,48.38
2026-07-18T15:31:41.650542,3,0.0,0,0,0,0.0,48.38
2026-07-18T15:31:41.650790,1,0.0,0,0,0,0.0,48.38
2026-07-18T15:31:41.650919,2,0.0,0,0,0,0.0,48.38
2026-07-18T15:31:43.653242,3,0.0,0,0,0,0.5,48.38
2026-07-18T15:31:43.653866,4,0.0,0,0,0,0.0,48.38
2026-07-18T15:31:43.654089,2,0.0,0,0,0,0.0,48.38
2026-07-18T15:31:43.655849,1,0.0,0,0,0,0.0,48.38
2026-07-18T15:31:45.655579,1,0.0,0,0,0,0.0,48.38
2026-07-18T15:31:45.655921,4,0.0,0,0,0,1323.3,48.38
2026-07-18T15:31:45.657081,3,0.0,0,0,0,0.0,48.38
2026-07-18T15:31:45.657751,2,0.0,0,0,0,0.0,48.38
2026-07-18T15:31:47.657841,4,0.0,0,0,0,0.0,48.38
2026-07-18T15:31:47.659773,1,0.0,0,0,0,0.0,48.38
2026-07-18T15:31:47.660159,3,0.0,0,0,0,0.0,48.38
2026-07-18T15:31:47.661142,2,0.0,0,0,0,0.0,48.38
2026-07-18T15:31:49.660112,4,0.0,0,0,0,0.0,48.38
2026-07-18T15:31:49.660249,3,0.0,0,0,0,0.0,48.38
2026-07-18T15:31:49.661383,1,0.0,0,0,0,0.0,48.38
2026-07-18T15:31:49.661617,2,0.0,0,0,0,0.0,48.38
2026-07-18T15:31:51.663612,4,0.0,0,0,0,0.5,48.38
2026-07-18T15:31:51.663736,1,0.0,0,0,0,0.0,48.38
2026-07-18T15:31:51.664234,3,0.0,0,0,0,0.0,48.38
2026-07-18T15:31:51.664322,2,0.0,0,0,0,0.0,48.38
2026-07-18T15:31:53.665338,4,0.0,0,0,0,0.5,48.38
2026-07-18T15:31:53.667632,1,0.0,0,0,0,0.0,48.38
2026-07-18T15:31:53.667841,3,0.0,0,0,0,0.0,48.38
2026-07-18T15:31:53.667956,2,0.0,0,0,0,0.0,48.38
2026-07-18T15:31:55.667181,1,0.0,0,0,0,0.0,48.38
2026-07-18T15:31:55.667363,4,0.0,0,0,0,0.0,48.38
2026-07-18T15:31:55.668955,3,0.0,0,0,0,0.0,48.38
2026-07-18T15:31:55.669085,2,0.0,0,0,0,0.0,48.38
2026-07-18T15:31:57.668906,4,0.0,0,0,0,0.0,48.38
2026-07-18T15:31:57.670528,3,0.0,0,0,0,0.0,48.38
2026-07-18T15:31:57.670701,2,0.0,0,0,0,0.0,48.38
2026-07-18T15:31:57.670779,1,0.0,0,0,0,0.0,48.38
2026-07-18T15:31:59.671918,3,0.0,0,0,0,0.5,48.38
2026-07-18T15:31:59.672391,4,0.0,0,0,0,0.0,48.38
2026-07-18T15:31:59.672508,1,0.0,0,0,0,0.0,48.38
2026-07-18T15:31:59.672579,2,0.0,0,0,0,0.0,48.38
2026-07-18T15:32:01.675600,4,0.0,0,0,0,0.5,48.38
2026-07-18T15:32:01.676894,3,0.0,0,0,0,0.0,48.38
2026-07-18T15:32:01.677042,2,0.0,0,0,0,0.0,48.38
2026-07-18T15:32:01.677181,1,0.0,0,0,0,0.0,48.38
2026-07-18T15:32:03.679837,4,0.0,0,0,0,0.5,48.38
2026-07-18T15:32:03.684612,2,0.0,0,0,0,0.0,48.38
2026-07-18T15:32:03.685376,3,0.0,0,0,0,0.0,48.38
2026-07-18T15:32:03.685787,1,0.0,0,0,0,0.0,48.38
2026-07-18T15:32:05.684230,2,0.0,0,0,0,0.5,48.38
2026-07-18T15:32:05.684497,4,0.0,0,0,0,0.0,48.38
2026-07-18T15:32:05.684630,3,0.0,0,0,0,0.0,48.38
2026-07-18T15:32:05.684774,1,0.0,0,0,0,0.0,48.38
2026-07-18T15:32:07.682460,4,0.0,0,0,0,0.0,48.38
2026-07-18T15:32:07.683602,3,0.0,0,0,0,0.0,48.38
2026-07-18T15:32:07.683901,1,0.0,0,0,0,0.0,48.38
2026-07-18T15:32:07.684031,2,0.0,0,0,0,0.0,48.38
2026-07-18T15:32:09.686453,3,0.0,0,0,0,0.0,48.38
2026-07-18T15:32:09.686656,4,0.0,0,0,0,0.0,48.38
2026-07-18T15:32:09.686747,2,0.0,0,0,0,0.0,48.38
2026-07-18T15:32:09.686818,1,0.0,0,0,0,0.0,48.38
2026-07-18T15:32:11.689611,4,0.0,0,0,0,1.0,48.38
2026-07-18T15:32:11.691056,1,0.0,0,0,0,0.0,48.38
2026-07-18T15:32:11.691258,3,0.0,0,0,0,0.0,48.38
2026-07-18T15:32:11.691355,2,0.0,0,0,0,7913.5,48.38
2026-07-18T15:32:13.690830,4,0.0,0,0,0,0.5,48.38
2026-07-18T15:32:13.692141,3,0.0,0,0,0,0.0,48.38
2026-07-18T15:32:13.692347,1,0.0,0,0,0,0.0,48.38
2026-07-18T15:32:13.692464,2,0.0,0,0,0,0.0,48.38
2026-07-18T15:32:15.692498,4,0.0,0,0,0,0.5,48.38
2026-07-18T15:32:15.692988,3,0.0,0,0,0,0.0,48.38
2026-07-18T15:32:15.693071,2,0.0,0,0,0,0.0,48.38
2026-07-18T15:32:15.693140,1,0.0,0,0,0,0.0,48.38
2026-07-18T15:32:17.696192,4,0.0,0,0,0,0.0,48.38
2026-07-18T15:32:17.697081,1,0.0,0,0,0,0.0,48.38
2026-07-18T15:32:17.697954,3,0.0,0,0,0,0.0,48.38
2026-07-18T15:32:17.698900,2,0.0,0,0,0,0.0,48.38
2026-07-18T15:32:19.697798,4,0.0,0,0,0,0.0,48.38
2026-07-18T15:32:19.698671,3,0.0,0,0,0,0.0,48.38
2026-07-18T15:32:19.698771,1,0.0,0,0,0,0.0,48.38
2026-07-18T15:32:19.698988,2,0.0,0,0,0,0.0,48.38
2026-07-18T15:32:21.701142,4,0.0,0,0,0,1.0,48.38
2026-07-18T15:32:21.703485,2,0.0,0,0,0,0.0,48.38
2026-07-18T15:32:21.703631,3,0.0,0,0,0,0.0,48.38
2026-07-18T15:32:21.703758,1,0.0,0,0,0,0.0,48.38
2026-07-18T15:32:23.702262,4,0.0,0,0,0,0.0,48.38
2026-07-18T15:32:23.703556,1,0.0,0,0,0,0.0,48.38
2026-07-18T15:32:23.703669,3,0.0,0,0,0,0.0,48.38
2026-07-18T15:32:23.704231,2,0.0,0,0,0,0.0,48.38
2026-07-18T15:32:25.705934,4,0.0,0,0,0,0.0,48.38
2026-07-18T15:32:25.707199,2,0.0,0,0,0,0.0,48.38
2026-07-18T15:32:25.707326,3,0.0,0,0,0,0.0,48.38
2026-07-18T15:32:25.707746,1,0.0,0,0,0,0.0,48.38
2026-07-18T15:32:27.707240,4,0.0,0,0,0,0.5,48.38
2026-07-18T15:32:27.708736,2,0.0,0,0,0,0.0,48.38
2026-07-18T15:32:27.708880,3,0.0,0,0,0,0.0,48.38
2026-07-18T15:32:27.709398,1,0.0,0,0,0,0.0,48.38
2026-07-18T15:32:29.710441,4,0.0,0,0,0,0.0,48.38
2026-07-18T15:32:29.710709,3,0.0,0,0,0,0.0,48.38
2026-07-18T15:32:29.711789,1,0.0,0,0,0,0.0,48.38
2026-07-18T15:32:29.711969,2,0.0,0,0,0,0.0,48.38
2026-07-18T15:32:31.713388,4,0.0,0,0,0,0.0,48.38
2026-07-18T15:32:31.716010,2,0.0,0,0,0,0.0,48.38
2026-07-18T15:32:31.716620,3,0.0,0,0,0,0.0,48.38
2026-07-18T15:32:31.716804,1,0.0,0,0,0,0.0,48.38
2026-07-18T15:32:33.717698,2,0.0,0,0,0,1.0,48.38
2026-07-18T15:32:33.718277,4,0.0,0,0,0,0.0,48.38
2026-07-18T15:32:33.719718,1,0.0,0,0,0,0.0,48.38
2026-07-18T15:32:33.720000,3,0.0,0,0,0,0.0,48.38
2026-07-18T15:32:35.719725,4,0.0,0,0,0,0.0,48.38
2026-07-18T15:32:35.719871,2,0.0,0,0,0,0.0,48.38
2026-07-18T15:32:35.720479,1,0.0,0,0,0,0.0,48.38
2026-07-18T15:32:35.720571,3,0.0,0,0,0,0.0,48.38
2026-07-18T15:32:37.722203,3,0.0,0,0,0,0.0,48.38
2026-07-18T15:32:37.722824,4,0.0,0,0,0,0.0,48.38
2026-07-18T15:32:37.722957,1,0.0,0,0,0,0.0,48.38
2026-07-18T15:32:37.723571,2,0.0,0,0,0,0.0,48.38
2026-07-18T15:32:39.723721,4,0.0,0,0,0,0.5,48.38
2026-07-18T15:32:39.724936,3,0.0,0,0,0,0.0,48.38
2026-07-18T15:32:39.725078,1,0.0,0,0,0,0.0,48.38
2026-07-18T15:32:39.725155,2,0.0,0,0,0,0.0,48.38
2026-07-18T15:32:41.727206,4,0.0,0,0,0,0.0,48.38
2026-07-18T15:32:41.728706,2,0.0,0,0,0,0.0,48.38
2026-07-18T15:32:41.728867,1,0.0,0,0,0,0.0,48.38
2026-07-18T15:32:41.729268,3,0.0,0,0,0,0.0,48.38
2026-07-18T15:32:43.727683,4,0.0,0,0,0,0.0,48.38
2026-07-18T15:32:43.729913,2,0.0,0,0,0,0.0,48.38
2026-07-18T15:32:43.730490,1,0.0,0,0,0,0.0,48.38
2026-07-18T15:32:43.730769,3,0.0,0,0,0,0.0,48.38
2026-07-18T15:32:45.729438,4,0.0,0,0,0,0.5,48.38
2026-07-18T15:32:45.730464,3,0.0,0,0,0,0.0,48.38
2026-07-18T15:32:45.730571,1,0.0,0,0,0,0.0,48.38
2026-07-18T15:32:45.730640,2,0.0,0,0,0,0.0,48.38
2026-07-18T15:32:47.731192,4,0.0,0,0,0,0.5,48.38
2026-07-18T15:32:47.732335,2,0.0,0,0,0,0.0,48.38
2026-07-18T15:32:47.732474,3,0.0,0,0,0,0.0,48.38
2026-07-18T15:32:47.732548,1,0.0,0,0,0,0.0,48.38
2026-07-18T15:32:49.733867,4,0.0,0,0,0,0.0,48.38
2026-07-18T15:32:49.736036,2,0.0,0,0,0,0.0,48.38
2026-07-18T15:32:49.736424,3,0.0,0,0,0,0.0,48.38
2026-07-18T15:32:49.736581,1,0.0,0,0,0,0.0,48.38
2026-07-18T15:32:51.737896,4,0.0,0,0,0,0.5,48.38
2026-07-18T15:32:51.739021,2,0.0,0,0,0,0.0,48.38
2026-07-18T15:32:51.739505,3,0.0,0,0,0,0.0,48.38
2026-07-18T15:32:51.739658,1,0.0,0,0,0,0.0,48.38
2026-07-18T15:32:53.740718,4,0.0,0,0,0,0.0,48.38
2026-07-18T15:32:53.746054,3,0.0,0,0,0,0.0,48.38
2026-07-18T15:32:53.746574,2,0.0,0,0,0,0.0,48.38
2026-07-18T15:32:53.746765,1,0.0,0,0,0,0.0,48.38
2026-07-18T15:32:55.743541,4,0.0,0,0,0,0.0,48.38
2026-07-18T15:32:55.745017,1,0.0,0,0,0,0.0,48.38
2026-07-18T15:32:55.745494,2,0.0,0,0,0,0.0,48.38
2026-07-18T15:32:55.745680,3,0.0,0,0,0,0.0,48.38
2026-07-18T15:32:57.746759,3,0.0,0,0,0,0.5,48.38
2026-07-18T15:32:57.747743,4,0.0,0,0,0,0.0,48.38
2026-07-18T15:32:57.749993,2,0.0,0,0,0,0.0,48.38
2026-07-18T15:32:57.750741,1,0.0,0,0,0,0.0,48.38
2026-07-18T15:32:59.748300,4,0.0,0,0,0,0.0,48.38
2026-07-18T15:32:59.748796,1,0.0,0,0,0,0.0,48.38
2026-07-18T15:32:59.750349,3,0.0,0,0,0,0.0,48.38
2026-07-18T15:32:59.750606,2,0.0,0,0,0,0.0,48.38
2026-07-18T15:33:01.750058,4,0.0,0,0,0,0.5,48.38
2026-07-18T15:33:01.750605,3,0.0,0,0,0,0.0,48.38
2026-07-18T15:33:01.750698,2,0.0,0,0,0,0.0,48.38
2026-07-18T15:33:01.750768,1,0.0,0,0,0,0.0,48.38
2026-07-18T15:33:03.754130,3,0.0,0,0,0,0.0,48.38
2026-07-18T15:33:03.754489,1,0.0,0,0,0,0.0,48.38
2026-07-18T15:33:03.754576,2,0.0,0,0,0,0.0,48.38
2026-07-18T15:33:03.755509,4,0.0,0,0,0,0.0,48.38
2026-07-18T15:33:05.755789,4,0.0,0,0,0,0.0,48.38
2026-07-18T15:33:05.757878,3,0.0,0,0,0,0.0,48.38
2026-07-18T15:33:05.758061,2,0.0,0,0,0,3382.6,48.38
2026-07-18T15:33:05.758155,1,0.0,0,0,0,0.0,48.38
2026-07-18T15:33:07.760473,2,0.0,0,0,0,0.5,48.38
2026-07-18T15:33:07.760606,4,0.0,0,0,0,0.0,48.38
2026-07-18T15:33:07.760680,3,0.0,0,0,0,0.0,48.38
2026-07-18T15:33:07.760748,1,0.0,0,0,0,0.0,48.38
2026-07-18T15:33:09.762520,1,0.0,0,0,0,0.0,48.38
2026-07-18T15:33:09.762708,4,0.0,0,0,0,0.0,48.38
2026-07-18T15:33:09.763248,2,0.0,0,0,0,0.0,48.38
2026-07-18T15:33:09.763876,3,0.0,0,0,0,0.0,48.38
2026-07-18T15:33:11.763206,4,0.0,0,0,0,0.0,48.38
2026-07-18T15:33:11.765041,3,0.0,0,0,0,0.0,48.38
2026-07-18T15:33:11.765214,2,0.0,0,0,0,0.0,48.38
2026-07-18T15:33:11.765288,1,0.0,0,0,0,0.0,48.38
2026-07-18T15:33:13.765272,4,0.0,0,0,0,0.0,48.38
2026-07-18T15:33:13.767519,1,0.0,0,0,0,0.0,48.38
2026-07-18T15:33:13.767758,3,0.0,0,0,0,3282.0,48.38
2026-07-18T15:33:13.768234,2,0.0,0,0,0,0.0,48.38
2026-07-18T15:33:15.768903,4,0.0,0,0,0,0.0,48.38
2026-07-18T15:33:15.770267,1,0.0,0,0,0,0.0,48.38
2026-07-18T15:33:15.770437,2,0.0,0,0,0,0.0,48.38
2026-07-18T15:33:15.770519,3,0.0,0,0,0,0.0,48.38
2026-07-18T15:33:17.771596,4,0.0,0,0,0,0.0,48.38
2026-07-18T15:33:17.772424,1,0.0,0,0,0,0.0,48.38
2026-07-18T15:33:17.772572,3,0.0,0,0,0,0.0,48.38
2026-07-18T15:33:17.772890,2,0.0,0,0,0,0.0,48.38
2026-07-18T15:33:19.772902,4,0.0,0,0,0,0.0,48.38
2026-07-18T15:33:19.774752,1,0.0,0,0,0,542.9,48.38
2026-07-18T15:33:19.774885,3,0.0,0,0,0,0.0,48.38
2026-07-18T15:33:19.774959,2,0.0,0,0,0,0.0,48.38
2026-07-18T15:33:21.775016,4,0.0,0,0,0,0.0,48.38
2026-07-18T15:33:21.776933,2,0.0,0,0,0,0.0,48.38
2026-07-18T15:33:21.777335,1,0.0,0,0,0,0.0,48.38
2026-07-18T15:33:21.777568,3,0.0,0,0,0,0.0,48.38
2026-07-18T15:33:23.779476,2,0.0,0,0,0,0.0,48.38
2026-07-18T15:33:23.780215,4,0.0,0,0,0,0.0,48.38
2026-07-18T15:33:23.780612,1,0.0,0,0,0,0.0,48.38
2026-07-18T15:33:23.780918,3,0.0,0,0,0,0.0,48.38
2026-07-18T15:33:25.781744,4,0.0,0,0,0,0.0,48.38
2026-07-18T15:33:25.781879,1,0.0,0,0,0,0.0,48.38
2026-07-18T15:33:25.782847,2,0.0,0,0,0,1105.1,48.38
2026-07-18T15:33:25.783025,3,0.0,0,0,0,0.0,48.38
2026-07-18T15:33:27.785196,4,0.0,0,0,0,0.0,48.38
2026-07-18T15:33:27.786343,3,0.0,0,0,0,0.0,48.38
2026-07-18T15:33:27.786501,2,0.0,0,0,0,0.0,48.38
2026-07-18T15:33:27.786579,1,0.0,0,0,0,0.0,48.38
2026-07-18T15:33:29.788308,1,0.0,0,0,0,0.0,48.38
2026-07-18T15:33:29.788556,4,0.0,0,0,0,0.0,48.38
2026-07-18T15:33:29.789902,3,0.0,0,0,0,0.0,48.38
2026-07-18T15:33:29.790823,2,0.0,0,0,0,0.0,48.38
2026-07-18T15:33:31.791636,4,0.0,0,0,0,0.5,48.38
2026-07-18T15:33:31.794346,2,0.0,0,0,0,0.0,48.38
2026-07-18T15:33:31.794660,1,0.0,0,0,0,0.0,48.38
2026-07-18T15:33:31.794808,3,0.0,0,0,0,0.0,48.38
2026-07-18T15:33:33.793507,4,0.0,0,0,0,0.0,48.38
2026-07-18T15:33:33.794568,3,0.0,0,0,0,0.0,48.38
2026-07-18T15:33:33.794797,1,0.0,0,0,0,0.0,48.38
2026-07-18T15:33:33.794872,2,0.0,0,0,0,0.0,48.38
2026-07-18T15:33:35.798192,4,0.0,0,0,0,0.5,48.38
2026-07-18T15:33:35.798762,2,0.0,0,0,0,0.0,48.38
2026-07-18T15:33:35.798897,3,0.0,0,0,0,0.0,48.38
2026-07-18T15:33:35.798963,1,0.0,0,0,0,0.0,48.38
2026-07-18T15:33:37.800793,4,0.0,0,0,0,0.5,48.38
2026-07-18T15:33:37.803998,3,0.0,0,0,0,0.0,48.38
2026-07-18T15:33:37.804633,2,0.0,0,0,0,0.0,48.38
2026-07-18T15:33:37.804996,1,0.0,0,0,0,0.0,48.38
2026-07-18T15:33:39.800585,4,0.0,0,0,0,0.0,48.38
2026-07-18T15:33:39.802520,3,0.0,0,0,0,0.0,48.38
2026-07-18T15:33:39.802764,2,0.0,0,0,0,0.0,48.38
2026-07-18T15:33:39.802879,1,0.0,0,0,0,0.0,48.38
2026-07-18T15:33:41.803798,4,0.0,0,0,0,0.5,48.38
2026-07-18T15:33:41.807009,1,0.0,0,0,0,0.0,48.38
2026-07-18T15:33:41.807162,3,0.0,0,0,0,0.0,48.38
2026-07-18T15:33:41.807275,2,0.0,0,0,0,0.0,48.38
2026-07-18T15:33:43.808296,4,0.0,0,0,0,0.0,48.38
2026-07-18T15:33:43.809399,3,0.0,0,0,0,0.0,48.38
2026-07-18T15:33:43.809640,2,0.0,0,0,0,0.0,48.38
2026-07-18T15:33:43.809723,1,0.0,0,0,0,0.0,48.38
2026-07-18T15:33:45.816457,1,0.0,0,0,0,0.5,48.38
2026-07-18T15:33:45.816923,3,0.0,0,0,0,0.0,48.38
2026-07-18T15:33:45.817666,2,0.0,0,0,0,0.0,48.38
2026-07-18T15:33:45.818334,4,0.0,0,0,0,0.0,48.38
2026-07-18T15:33:47.813904,4,0.0,0,0,0,0.5,48.38
2026-07-18T15:33:47.815293,1,0.0,0,0,0,759.7,48.38
2026-07-18T15:33:47.815552,3,0.0,0,0,0,0.0,48.38
2026-07-18T15:33:47.815708,2,0.0,0,0,0,0.0,48.38
2026-07-18T15:33:49.815689,4,0.0,0,0,0,0.0,48.38
2026-07-18T15:33:49.817336,2,0.0,0,0,0,0.0,48.38
2026-07-18T15:33:49.817491,1,0.0,0,0,0,0.0,48.38
2026-07-18T15:33:49.817566,3,0.0,0,0,0,0.0,48.38
2026-07-18T15:33:51.818081,4,0.0,0,0,0,0.0,48.38
2026-07-18T15:33:51.819507,3,0.0,0,0,0,0.0,48.38
2026-07-18T15:33:51.819761,2,0.0,0,0,0,0.0,48.38
2026-07-18T15:33:51.819846,1,0.0,0,0,0,0.0,48.38
2026-07-18T15:33:53.822839,4,0.0,0,0,0,0.0,48.38
2026-07-18T15:33:53.823502,2,0.0,0,0,0,0.0,48.38
2026-07-18T15:33:53.824450,1,0.0,0,0,0,0.0,48.38
2026-07-18T15:33:53.824574,3,0.0,0,0,0,0.0,48.38
2026-07-18T15:33:55.823802,4,0.0,0,0,0,0.5,48.38
2026-07-18T15:33:55.825361,2,0.0,0,0,0,0.0,48.38
2026-07-18T15:33:55.825718,3,0.0,0,0,0,0.0,48.38
2026-07-18T15:33:55.825915,1,0.0,0,0,0,0.0,48.38
2026-07-18T15:33:57.825329,4,0.0,0,0,0,0.0,48.38
2026-07-18T15:33:57.827698,3,0.0,0,0,0,0.0,48.38
2026-07-18T15:33:57.827990,1,0.0,0,0,0,0.0,48.38
2026-07-18T15:33:57.829070,2,0.0,0,0,0,0.0,48.38
2026-07-18T15:33:59.828806,4,0.0,0,0,0,0.0,48.38
2026-07-18T15:33:59.829798,2,0.0,0,0,0,0.0,48.38
2026-07-18T15:33:59.829893,3,0.0,0,0,0,0.0,48.38
2026-07-18T15:33:59.829962,1,0.0,0,0,0,0.0,48.38
2026-07-18T15:34:01.830981,4,0.0,0,0,0,0.5,48.38
2026-07-18T15:34:01.831754,1,0.0,0,0,0,0.0,48.38
2026-07-18T15:34:01.832557,3,0.0,0,0,0,0.0,48.38
2026-07-18T15:34:01.832674,2,0.0,0,0,0,0.0,48.38
2026-07-18T15:34:03.833132,4,0.0,0,0,0,0.0,48.38
2026-07-18T15:34:03.834403,3,0.0,0,0,0,0.0,48.38
2026-07-18T15:34:03.834820,1,0.0,0,0,0,0.0,48.38
2026-07-18T15:34:03.859543,2,0.0,0,0,0,121.7,48.38
2026-07-18T15:34:05.835708,4,0.0,0,0,0,0.0,48.38
2026-07-18T15:34:05.837762,2,0.0,0,0,0,0.0,48.38
2026-07-18T15:34:05.838031,1,0.0,0,0,0,0.0,48.38
2026-07-18T15:34:05.838553,3,0.0,0,0,0,0.0,48.38
2026-07-18T15:34:07.839344,2,0.0,0,0,0,0.0,48.38
2026-07-18T15:34:07.839821,4,0.0,0,0,0,1301.5,48.38
2026-07-18T15:34:07.840754,1,0.0,0,0,0,0.0,48.38
2026-07-18T15:34:07.840888,3,0.0,0,0,0,0.0,48.38
2026-07-18T15:34:09.842119,4,0.0,0,0,0,0.0,48.38
2026-07-18T15:34:09.842455,1,0.0,0,0,0,0.0,48.38
2026-07-18T15:34:09.842551,3,0.0,0,0,0,0.0,48.38
2026-07-18T15:34:09.842982,2,0.0,0,0,0,0.0,48.38
2026-07-18T15:34:11.845377,3,0.0,0,0,0,0.0,48.38
2026-07-18T15:34:11.845526,2,0.0,0,0,0,0.0,48.38
2026-07-18T15:34:11.845597,1,0.0,0,0,0,0.0,48.38
2026-07-18T15:34:11.845663,4,0.0,0,0,0,0.0,48.38
2026-07-18T15:34:13.847139,1,0.0,0,0,0,0.0,48.38
2026-07-18T15:34:13.847286,3,0.0,0,0,0,0.0,48.38
2026-07-18T15:34:13.847379,4,0.0,0,0,0,0.0,48.38
2026-07-18T15:34:13.847726,2,0.0,0,0,0,0.0,48.38
2026-07-18T15:34:15.850078,4,0.0,0,0,0,0.5,48.38
2026-07-18T15:34:15.851804,1,0.0,0,0,0,567.4,48.38
2026-07-18T15:34:15.851981,3,0.0,0,0,0,0.0,48.38
2026-07-18T15:34:15.852305,2,0.0,0,0,0,0.0,48.38
2026-07-18T15:34:17.852039,4,0.0,0,0,0,0.0,48.38
2026-07-18T15:34:17.852251,2,0.0,0,0,0,0.0,48.38
2026-07-18T15:34:17.855826,3,0.0,0,0,0,0.0,48.38
2026-07-18T15:34:17.856172,1,0.0,0,0,0,0.0,48.38
2026-07-18T15:34:19.854871,4,0.0,0,0,0,0.5,48.38
2026-07-18T15:34:19.855279,3,0.0,0,0,0,0.0,48.38
2026-07-18T15:34:19.855459,1,0.0,0,0,0,0.0,48.38
2026-07-18T15:34:19.856095,2,0.0,0,0,0,0.0,48.38
2026-07-18T15:34:21.857560,4,0.0,0,0,0,0.0,48.38
2026-07-18T15:34:21.859130,2,0.0,0,0,0,0.0,48.38
2026-07-18T15:34:21.859255,1,0.0,0,0,0,0.0,48.38
2026-07-18T15:34:21.859548,3,0.0,0,0,0,0.0,48.38
2026-07-18T15:34:23.859049,4,0.0,0,0,0,0.0,48.38
2026-07-18T15:34:23.860634,3,0.0,0,0,0,644.8,48.38
2026-07-18T15:34:23.860854,2,0.0,0,0,0,0.0,48.38
2026-07-18T15:34:23.860939,1,0.0,0,0,0,0.0,48.38
2026-07-18T15:34:25.861760,1,0.0,0,0,0,0.0,48.38
2026-07-18T15:34:25.861874,4,0.0,0,0,0,0.0,48.38
2026-07-18T15:34:25.861946,3,0.0,0,0,0,0.0,48.38
2026-07-18T15:34:25.862307,2,0.0,0,0,0,0.0,48.38
2026-07-18T15:34:27.864144,4,0.0,0,0,0,0.0,48.38
2026-07-18T15:34:27.864630,1,0.0,0,0,0,0.0,48.38
2026-07-18T15:34:27.865537,2,0.0,0,0,0,0.0,48.38
2026-07-18T15:34:27.865697,3,0.0,0,0,0,0.0,48.38
2026-07-18T15:34:29.867056,1,0.0,0,0,0,0.0,48.38
2026-07-18T15:34:29.867510,4,0.0,0,0,0,0.0,48.38
2026-07-18T15:34:29.868065,3,0.0,0,0,0,0.0,48.38
2026-07-18T15:34:29.868378,2,0.0,0,0,0,0.0,48.38
2026-07-18T15:34:31.871378,4,0.0,0,0,0,0.5,48.38
2026-07-18T15:34:31.871585,1,0.0,0,0,0,0.0,48.38
2026-07-18T15:34:31.871662,2,0.0,0,0,0,0.0,48.38
2026-07-18T15:34:31.871800,3,0.0,0,0,0,0.0,48.38
2026-07-18T15:34:33.874720,3,0.0,0,0,0,0.5,48.38
2026-07-18T15:34:33.875063,2,0.0,0,0,0,0.0,48.38
2026-07-18T15:34:33.875345,1,0.0,0,0,0,0.0,48.38
2026-07-18T15:34:33.875920,4,0.0,0,0,0,0.0,48.38
2026-07-18T15:34:35.875461,4,0.0,0,0,0,0.0,48.38
2026-07-18T15:34:35.875875,1,0.0,0,0,0,0.0,48.38
2026-07-18T15:34:35.876728,3,0.0,0,0,0,0.0,48.38
2026-07-18T15:34:35.876839,2,0.0,0,0,0,0.0,48.38
2026-07-18T15:34:37.879012,1,0.0,0,0,0,0.5,48.38
2026-07-18T15:34:37.879213,4,0.0,0,0,0,0.0,48.38
2026-07-18T15:34:37.879822,2,0.0,0,0,0,0.0,48.38
2026-07-18T15:34:37.879917,3,0.0,0,0,0,0.0,48.38
2026-07-18T15:34:39.880989,4,0.0,0,0,0,0.0,48.38
2026-07-18T15:34:39.882357,1,0.0,0,0,0,0.0,48.38
2026-07-18T15:34:39.882832,3,0.0,0,0,0,0.0,48.38
2026-07-18T15:34:39.882967,2,0.0,0,0,0,0.0,48.38
2026-07-18T15:34:41.883675,4,0.0,0,0,0,0.0,48.38
2026-07-18T15:34:41.885366,1,0.0,0,0,0,0.0,48.38
2026-07-18T15:34:41.886289,3,0.0,0,0,0,0.0,48.38
2026-07-18T15:34:41.886530,2,0.0,0,0,0,0.0,48.38
2026-07-18T15:34:43.889337,3,0.0,0,0,0,0.0,48.38
2026-07-18T15:34:43.889575,1,0.0,0,0,0,1868.1,48.38
2026-07-18T15:34:43.889768,4,0.0,0,0,0,0.0,48.38
2026-07-18T15:34:43.889954,2,0.0,0,0,0,0.0,48.38
2026-07-18T15:34:45.889822,4,0.0,0,0,0,0.0,48.38
2026-07-18T15:34:45.891725,3,0.0,0,0,0,0.0,48.38
2026-07-18T15:34:45.891986,1,0.0,0,0,0,0.0,48.38
2026-07-18T15:34:45.892520,2,0.0,0,0,0,0.0,48.38
2026-07-18T15:34:47.891524,4,0.0,0,0,0,0.0,48.38
2026-07-18T15:34:47.891700,1,0.0,0,0,0,0.0,48.38
2026-07-18T15:34:47.892410,3,0.0,0,0,0,0.0,48.38
2026-07-18T15:34:47.892508,2,0.0,0,0,0,0.0,48.38
2026-07-18T15:34:49.895384,3,0.0,0,0,0,0.5,48.38
2026-07-18T15:34:49.895611,2,0.0,0,0,0,0.0,48.38
2026-07-18T15:34:49.895692,4,0.0,0,0,0,0.0,48.38
2026-07-18T15:34:49.895760,1,0.0,0,0,0,0.0,48.38
2026-07-18T15:34:51.896225,4,0.0,0,0,0,0.0,48.38
2026-07-18T15:34:51.898504,3,0.0,0,0,0,0.0,48.38
2026-07-18T15:34:51.898745,2,0.0,0,0,0,0.0,48.38
2026-07-18T15:34:51.898875,1,0.0,0,0,0,0.0,48.38
2026-07-18T15:34:53.899841,4,0.0,0,0,0,0.0,48.38
2026-07-18T15:34:53.901842,1,0.0,0,0,0,0.0,48.38
2026-07-18T15:34:53.902079,3,0.0,0,0,0,0.0,48.38
2026-07-18T15:34:53.902185,2,0.0,0,0,0,0.0,48.38
2026-07-18T15:34:55.902140,4,0.0,0,0,0,0.5,48.38
2026-07-18T15:34:55.904272,2,0.0,0,0,0,0.0,48.38
2026-07-18T15:34:55.905148,1,0.0,0,0,0,0.0,48.38
2026-07-18T15:34:55.905282,3,0.0,0,0,0,0.0,48.38
2026-07-18T15:34:57.904860,4,0.0,0,0,0,0.5,48.38
2026-07-18T15:34:57.906918,3,0.0,0,0,0,0.0,48.38
2026-07-18T15:34:57.907073,1,0.0,0,0,0,0.0,48.38
2026-07-18T15:34:57.907190,2,0.0,0,0,0,0.0,48.38
2026-07-18T15:34:59.907380,4,0.0,0,0,0,0.0,48.38
2026-07-18T15:34:59.908453,3,0.0,0,0,0,0.0,48.38
2026-07-18T15:34:59.908640,1,0.0,0,0,0,0.0,48.38
2026-07-18T15:34:59.908726,2,0.0,0,0,0,0.0,48.38
2026-07-18T15:35:01.908885,4,0.0,0,0,0,0.0,48.38
2026-07-18T15:35:01.909842,2,0.0,0,0,0,996.0,48.38
2026-07-18T15:35:01.909940,1,0.0,0,0,0,0.0,48.38
2026-07-18T15:35:01.910011,3,0.0,0,0,0,0.0,48.38
2026-07-18T15:35:03.913917,4,0.0,0,0,0,0.0,48.38
2026-07-18T15:35:03.916014,3,0.0,0,0,0,0.0,48.38
2026-07-18T15:35:03.916662,2,0.0,0,0,0,0.0,48.38
2026-07-18T15:35:03.917092,1,0.0,0,0,0,0.0,48.38
2026-07-18T15:35:05.915852,4,0.0,0,0,0,0.0,48.38
2026-07-18T15:35:05.918847,3,0.0,0,0,0,0.0,48.38
2026-07-18T15:35:05.919649,2,0.0,0,0,0,0.0,48.38
2026-07-18T15:35:05.919925,1,0.0,0,0,0,0.0,48.38
2026-07-18T15:35:07.918039,4,0.0,0,0,0,0.5,48.38
2026-07-18T15:35:07.919613,2,0.0,0,0,0,0.0,48.38
2026-07-18T15:35:07.920011,3,0.0,0,0,0,0.0,48.38
2026-07-18T15:35:07.920605,1,0.0,0,0,0,0.0,48.38
2026-07-18T15:35:09.921877,4,0.0,0,0,0,0.0,48.38
2026-07-18T15:35:09.924471,2,0.0,0,0,0,0.0,48.38
2026-07-18T15:35:09.924785,1,0.0,0,0,0,0.0,48.38
2026-07-18T15:35:09.925356,3,0.0,0,0,0,0.0,48.38
2026-07-18T15:35:11.925382,4,0.0,0,0,0,1.0,48.38
2026-07-18T15:35:11.925702,2,0.0,0,0,0,0.0,48.38
2026-07-18T15:35:11.925830,3,0.0,0,0,0,0.0,48.38
2026-07-18T15:35:11.925933,1,0.0,0,0,0,0.0,48.38
2026-07-18T15:35:13.927445,4,0.0,0,0,0,0.0,48.38
2026-07-18T15:35:13.928675,3,0.0,0,0,0,0.0,48.38
2026-07-18T15:35:13.928917,2,0.0,0,0,0,0.0,48.38
2026-07-18T15:35:13.929033,1,0.0,0,0,0,0.0,48.38
2026-07-18T15:35:15.929736,4,0.0,0,0,0,0.0,48.38
2026-07-18T15:35:15.929976,1,0.0,0,0,0,0.0,48.38
2026-07-18T15:35:15.930086,3,0.0,0,0,0,0.0,48.38
2026-07-18T15:35:15.931592,2,0.0,0,0,0,945.9,48.38
2026-07-18T15:35:17.932408,4,0.0,0,0,0,0.0,48.38
2026-07-18T15:35:17.934502,3,0.0,0,0,0,0.0,48.38
2026-07-18T15:35:17.934735,1,0.0,0,0,0,0.0,48.38
2026-07-18T15:35:17.934849,2,0.0,0,0,0,0.0,48.38
2026-07-18T15:35:19.938289,2,0.0,0,0,0,0.0,48.38
2026-07-18T15:35:19.939122,4,0.0,0,0,0,0.0,48.38
2026-07-18T15:35:19.939784,3,0.0,0,0,0,0.0,48.38
2026-07-18T15:35:19.941770,1,0.0,0,0,0,0.0,48.38
2026-07-18T15:35:21.939147,4,0.0,0,0,0,0.5,48.38
2026-07-18T15:35:21.941248,1,0.0,0,0,0,0.0,48.38
2026-07-18T15:35:21.941953,3,0.0,0,0,0,0.0,48.38
2026-07-18T15:35:21.942614,2,0.0,0,0,0,0.0,48.38
2026-07-18T15:35:23.941039,4,0.0,0,0,0,0.5,48.38
2026-07-18T15:35:23.942310,1,0.0,0,0,0,863.2,48.38
2026-07-18T15:35:23.942620,2,0.0,0,0,0,0.0,48.38
2026-07-18T15:35:23.942784,3,0.0,0,0,0,0.0,48.38
2026-07-18T15:35:25.943576,3,0.0,0,0,0,0.0,48.38
2026-07-18T15:35:25.943819,2,0.0,0,0,0,0.0,48.38
2026-07-18T15:35:25.944049,1,0.0,0,0,0,0.0,48.38
2026-07-18T15:35:25.944148,4,0.0,0,0,0,0.0,48.38
2026-07-18T15:35:27.946633,4,0.0,0,0,0,0.0,48.38
2026-07-18T15:35:27.947510,1,0.0,0,0,0,0.0,48.38
2026-07-18T15:35:27.947691,3,0.0,0,0,0,0.0,48.38
2026-07-18T15:35:27.947810,2,0.0,0,0,0,0.0,48.38
2026-07-18T15:35:29.947136,4,0.0,0,0,0,0.0,48.38
2026-07-18T15:35:29.949653,3,0.0,0,0,0,0.0,48.38
2026-07-18T15:35:29.950108,2,0.0,0,0,0,0.0,48.38
2026-07-18T15:35:29.950379,1,0.0,0,0,0,0.0,48.38
2026-07-18T15:35:31.949997,4,0.0,0,0,0,0.0,48.38
2026-07-18T15:35:31.951874,1,0.0,0,0,0,0.0,48.38
2026-07-18T15:35:31.952005,3,0.0,0,0,0,0.0,48.38
2026-07-18T15:35:31.952079,2,0.0,0,0,0,0.0,48.38
2026-07-18T15:35:33.953788,4,0.0,0,0,0,0.5,48.38
2026-07-18T15:35:33.955571,1,0.0,0,0,0,0.0,48.38
2026-07-18T15:35:33.956106,2,0.0,0,0,0,0.0,48.38
2026-07-18T15:35:33.956414,3,0.0,0,0,0,0.0,48.38
2026-07-18T15:35:35.955478,4,0.0,0,0,0,0.0,48.38
2026-07-18T15:35:35.957592,1,0.0,0,0,0,0.0,48.38
2026-07-18T15:35:35.957805,3,0.0,0,0,0,0.0,48.38
2026-07-18T15:35:35.957894,2,0.0,0,0,0,0.0,48.38
2026-07-18T15:35:37.959322,4,0.0,0,0,0,0.5,48.38
2026-07-18T15:35:37.961814,1,0.0,0,0,0,371.5,48.38
2026-07-18T15:35:37.962318,2,0.0,0,0,0,0.0,48.38
2026-07-18T15:35:37.962457,3,0.0,0,0,0,0.0,48.38
2026-07-18T15:35:39.960907,1,0.0,0,0,0,0.0,48.38
2026-07-18T15:35:39.961433,4,0.0,0,0,0,0.0,48.38
2026-07-18T15:35:39.962462,2,0.0,0,0,0,0.0,48.38
2026-07-18T15:35:39.962679,3,0.0,0,0,0,0.0,48.38
2026-07-18T15:35:41.963063,4,0.0,0,0,0,0.0,48.38
2026-07-18T15:35:41.965855,2,0.0,0,0,0,0.0,48.38
2026-07-18T15:35:41.966555,3,0.0,0,0,0,0.0,48.38
2026-07-18T15:35:41.966817,1,0.0,0,0,0,0.0,48.38
2026-07-18T15:35:43.966859,4,0.0,0,0,0,0.5,48.38
2026-07-18T15:35:43.968919,3,0.0,0,0,0,0.0,48.38
2026-07-18T15:35:43.969255,1,0.0,0,0,0,0.0,48.38
2026-07-18T15:35:43.969902,2,0.0,0,0,0,0.0,48.38
2026-07-18T15:35:45.967666,4,0.0,0,0,0,0.0,48.38
2026-07-18T15:35:45.969065,3,0.0,0,0,0,709.8,48.38
2026-07-18T15:35:45.969409,1,0.0,0,0,0,0.0,48.38
2026-07-18T15:35:45.969536,2,0.0,0,0,0,0.0,48.38
2026-07-18T15:35:47.971223,3,0.0,0,0,0,0.0,48.38
2026-07-18T15:35:47.971400,4,0.0,0,0,0,0.0,48.38
2026-07-18T15:35:47.971476,2,0.0,0,0,0,0.0,48.38
2026-07-18T15:35:47.971546,1,0.0,0,0,0,0.0,48.38
2026-07-18T15:35:49.973693,4,0.0,0,0,0,0.0,48.38
2026-07-18T15:35:49.974657,2,0.0,0,0,0,0.0,48.38
2026-07-18T15:35:49.974776,1,0.0,0,0,0,0.0,48.38
2026-07-18T15:35:49.974847,3,0.0,0,0,0,0.0,48.38
2026-07-18T15:35:51.975854,4,0.0,0,0,0,0.5,48.38
2026-07-18T15:35:51.976852,1,0.0,0,0,0,0.0,48.38
2026-07-18T15:35:51.977269,2,0.0,0,0,0,0.0,48.38
2026-07-18T15:35:51.977405,3,0.0,0,0,0,0.0,48.38
2026-07-18T15:35:53.979738,4,0.0,0,0,0,0.0,48.38
2026-07-18T15:35:53.982077,3,0.0,0,0,0,0.0,48.38
2026-07-18T15:35:53.982552,2,0.0,0,0,0,0.0,48.38
2026-07-18T15:35:53.982979,1,0.0,0,0,0,0.0,48.38
2026-07-18T15:35:55.981469,4,0.0,0,0,0,0.0,48.38
2026-07-18T15:35:55.981594,1,0.0,0,0,0,0.0,48.38
2026-07-18T15:35:55.981865,2,0.0,0,0,0,0.0,48.38
2026-07-18T15:35:55.981938,3,0.0,0,0,0,0.0,48.38
2026-07-18T15:35:57.983858,4,0.0,0,0,0,0.0,48.38
2026-07-18T15:35:57.984950,2,0.0,0,0,0,1247.7,48.38
2026-07-18T15:35:57.985336,3,0.0,0,0,0,0.0,48.38
2026-07-18T15:35:57.985457,1,0.0,0,0,0,0.0,48.38
2026-07-18T15:35:59.988580,2,0.0,0,0,0,0.0,48.38
2026-07-18T15:35:59.988759,1,0.0,0,0,0,0.0,48.38
2026-07-18T15:35:59.988838,3,0.0,0,0,0,0.0,48.38
2026-07-18T15:35:59.988908,4,0.0,0,0,0,0.0,48.38
2026-07-18T15:36:01.991117,4,0.0,0,0,0,0.0,48.38
2026-07-18T15:36:01.993207,3,0.0,0,0,0,0.0,48.38
2026-07-18T15:36:01.993324,2,0.0,0,0,0,0.0,48.38
2026-07-18T15:36:01.993394,1,0.0,0,0,0,0.0,48.38
2026-07-18T15:36:03.993124,4,0.0,0,0,0,1.0,48.38
2026-07-18T15:36:03.993802,3,0.0,0,0,0,0.0,48.38
2026-07-18T15:36:03.994092,2,0.0,0,0,0,0.0,48.38
2026-07-18T15:36:03.995837,1,0.0,0,0,0,0.0,48.38
2026-07-18T15:36:05.994816,1,0.0,0,0,0,0.0,48.38
2026-07-18T15:36:05.995297,4,0.0,0,0,0,0.0,48.38
2026-07-18T15:36:05.996349,3,0.0,0,0,0,0.0,48.38
2026-07-18T15:36:05.996528,2,0.0,0,0,0,0.0,48.38
2026-07-18T15:36:07.997785,4,0.0,0,0,0,0.0,48.38
2026-07-18T15:36:07.999164,2,0.0,0,0,0,0.0,48.38
2026-07-18T15:36:07.999655,1,0.0,0,0,0,0.0,48.38
2026-07-18T15:36:07.999763,3,0.0,0,0,0,0.0,48.38
2026-07-18T15:36:10.000646,4,0.0,0,0,0,0.0,48.38
2026-07-18T15:36:10.002235,2,0.0,0,0,0,696.5,48.38
2026-07-18T15:36:10.002427,1,0.0,0,0,0,0.0,48.38
2026-07-18T15:36:10.002531,3,0.0,0,0,0,0.0,48.38
2026-07-18T15:36:12.001978,4,0.0,0,0,0,0.0,48.38
2026-07-18T15:36:12.003466,3,0.0,0,0,0,0.0,48.38
2026-07-18T15:36:12.003638,2,0.0,0,0,0,0.0,48.38
2026-07-18T15:36:12.003786,1,0.0,0,0,0,0.0,48.38
2026-07-18T15:36:14.005537,4,0.0,0,0,0,0.0,48.38
2026-07-18T15:36:14.006562,3,0.0,0,0,0,0.0,48.38
2026-07-18T15:36:14.006687,1,0.0,0,0,0,0.0,48.38
2026-07-18T15:36:14.006756,2,0.0,0,0,0,0.0,48.38
2026-07-18T15:36:16.008356,1,0.0,0,0,0,0.0,48.38
2026-07-18T15:36:16.009251,2,0.0,0,0,0,0.0,48.38
2026-07-18T15:36:16.009474,3,0.0,0,0,0,0.0,48.38
2026-07-18T15:36:16.009631,4,0.0,0,0,0,0.0,48.38
2026-07-18T15:36:18.009445,4,0.0,0,0,0,0.5,48.38
2026-07-18T15:36:18.010791,3,0.0,0,0,0,0.0,48.38
2026-07-18T15:36:18.011003,2,0.0,0,0,0,0.0,48.38
2026-07-18T15:36:18.011562,1,0.0,0,0,0,0.0,48.38
2026-07-18T15:36:20.016934,4,0.0,0,0,0,0.5,48.38
2026-07-18T15:36:20.019098,2,0.0,0,0,0,0.0,48.38
2026-07-18T15:36:20.019319,1,0.0,0,0,0,0.0,48.38
2026-07-18T15:36:20.019398,3,0.0,0,0,0,0.0,48.38
2026-07-18T15:36:22.017535,4,0.0,0,0,0,0.5,48.38
2026-07-18T15:36:22.018797,3,0.0,0,0,0,0.0,48.38
2026-07-18T15:36:22.019049,1,0.0,0,0,0,0.0,48.38
2026-07-18T15:36:22.019203,2,0.0,0,0,0,0.0,48.38
2026-07-18T15:36:24.021648,4,0.0,0,0,0,0.0,48.38
2026-07-18T15:36:24.023801,3,0.0,0,0,0,0.0,48.38
2026-07-18T15:36:24.024408,2,0.0,0,0,0,0.0,48.38
2026-07-18T15:36:24.024763,1,0.0,0,0,0,0.0,48.38
2026-07-18T15:36:26.023244,4,0.0,0,0,0,0.0,48.38
2026-07-18T15:36:26.024376,2,0.0,0,0,0,0.0,48.38
2026-07-18T15:36:26.024629,1,0.0,0,0,0,0.0,48.38
2026-07-18T15:36:26.024782,3,0.0,0,0,0,0.0,48.38
2026-07-18T15:36:28.026743,2,0.0,0,0,0,0.5,48.38
2026-07-18T15:36:28.026922,1,0.0,0,0,0,0.0,48.38
2026-07-18T15:36:28.026995,3,0.0,0,0,0,0.0,48.38
2026-07-18T15:36:28.027061,4,0.0,0,0,0,0.0,48.38
2026-07-18T15:36:30.027929,4,0.0,0,0,0,0.0,48.38
2026-07-18T15:36:30.029535,1,0.0,0,0,0,0.0,48.38
2026-07-18T15:36:30.029852,2,0.0,0,0,0,0.0,48.38
2026-07-18T15:36:30.030057,3,0.0,0,0,0,0.0,48.38
2026-07-18T15:36:32.030558,4,0.0,0,0,0,0.0,48.38
2026-07-18T15:36:32.032922,1,0.0,0,0,0,0.0,48.38
2026-07-18T15:36:32.033302,3,0.0,0,0,0,0.0,48.38
2026-07-18T15:36:32.034248,2,0.0,0,0,0,0.0,48.38
2026-07-18T15:36:34.033563,4,0.0,0,0,0,0.5,48.38
2026-07-18T15:36:34.035672,1,0.0,0,0,0,0.0,48.38
2026-07-18T15:36:34.036131,3,0.0,0,0,0,0.0,48.38
2026-07-18T15:36:34.036762,2,0.0,0,0,0,0.0,48.38
2026-07-18T15:36:36.037007,2,0.0,0,0,0,0.5,48.38
2026-07-18T15:36:36.037534,1,0.0,0,0,0,0.0,48.38
2026-07-18T15:36:36.037708,4,0.0,0,0,0,0.0,48.38
2026-07-18T15:36:36.037795,3,0.0,0,0,0,0.0,48.38
2026-07-18T15:36:38.039697,2,0.0,0,0,0,0.0,48.38
2026-07-18T15:36:38.039804,4,0.0,0,0,0,0.0,48.38
2026-07-18T15:36:38.039875,1,0.0,0,0,0,0.0,48.38
2026-07-18T15:36:38.039942,3,0.0,0,0,0,0.0,48.38
2026-07-18T15:36:40.043560,3,0.0,0,0,0,0.5,48.38
2026-07-18T15:36:40.043789,2,0.0,0,0,0,0.0,48.38
2026-07-18T15:36:40.043867,1,0.0,0,0,0,0.0,48.38
2026-07-18T15:36:40.043938,4,0.0,0,0,0,0.0,48.38
2026-07-18T15:36:42.045792,2,0.0,0,0,0,0.0,48.38
2026-07-18T15:36:42.046815,1,0.0,0,0,0,0.0,48.38
2026-07-18T15:36:42.047215,3,0.0,0,0,0,0.0,48.38
2026-07-18T15:36:42.047721,4,0.0,0,0,0,0.0,48.38
2026-07-18T15:36:44.048379,4,0.0,0,0,0,0.0,48.38
2026-07-18T15:36:44.049458,3,0.0,0,0,0,0.0,48.38
2026-07-18T15:36:44.049572,2,0.0,0,0,0,0.0,48.38
2026-07-18T15:36:44.049641,1,0.0,0,0,0,0.0,48.38
2026-07-18T15:36:46.050960,4,0.0,0,0,0,0.0,48.38
2026-07-18T15:36:46.051427,2,0.0,0,0,0,0.0,48.38
2026-07-18T15:36:46.051504,1,0.0,0,0,0,0.0,48.38
2026-07-18T15:36:46.051975,3,0.0,0,0,0,0.0,48.38
2026-07-18T15:36:48.052988,4,0.0,0,0,0,1.0,48.38
2026-07-18T15:36:48.055179,3,0.0,0,0,0,0.0,48.38
2026-07-18T15:36:48.055545,2,0.0,0,0,0,0.0,48.38
2026-07-18T15:36:48.055707,1,0.0,0,0,0,0.0,48.38
2026-07-18T15:36:50.056185,4,0.0,0,0,0,0.0,48.38
2026-07-18T15:36:50.056565,2,0.0,0,0,0,0.0,48.38
2026-07-18T15:36:50.056660,1,0.0,0,0,0,0.0,48.38
2026-07-18T15:36:50.056727,3,0.0,0,0,0,0.0,48.38
2026-07-18T15:36:52.057568,1,0.0,0,0,0,0.0,48.38
2026-07-18T15:36:52.057802,2,0.0,0,0,0,0.0,48.38
2026-07-18T15:36:52.057882,4,0.0,0,0,0,0.0,48.38
2026-07-18T15:36:52.058152,3,0.0,0,0,0,0.0,48.38
2026-07-18T15:36:54.059659,4,0.0,0,0,0,0.5,48.38
2026-07-18T15:36:54.060855,2,0.0,0,0,0,0.0,48.38
2026-07-18T15:36:54.061428,3,0.0,0,0,0,0.0,48.38
2026-07-18T15:36:54.061606,1,0.0,0,0,0,0.0,48.38
2026-07-18T15:36:56.062567,4,0.0,0,0,0,0.0,48.38
2026-07-18T15:36:56.064297,3,0.0,0,0,0,0.0,48.38
2026-07-18T15:36:56.064461,1,0.0,0,0,0,0.0,48.38
2026-07-18T15:36:56.064534,2,0.0,0,0,0,0.0,48.38
2026-07-18T15:36:58.065100,4,0.0,0,0,0,0.0,48.38
2026-07-18T15:36:58.066219,2,0.0,0,0,0,0.0,48.38
2026-07-18T15:36:58.066333,1,0.0,0,0,0,0.0,48.38
2026-07-18T15:36:58.066402,3,0.0,0,0,0,0.0,48.38
2026-07-18T15:37:00.067513,4,0.0,0,0,0,0.0,48.38
2026-07-18T15:37:00.068907,1,0.0,0,0,0,0.0,48.38
2026-07-18T15:37:00.069026,2,0.0,0,0,0,0.0,48.38
2026-07-18T15:37:00.069095,3,0.0,0,0,0,0.0,48.38
2026-07-18T15:37:02.069996,4,0.0,0,0,0,0.5,48.38
2026-07-18T15:37:02.071210,2,0.0,0,0,0,0.0,48.38
2026-07-18T15:37:02.071886,1,0.0,0,0,0,0.0,48.38
2026-07-18T15:37:02.072042,3,0.0,0,0,0,0.0,48.38
2026-07-18T15:37:04.071739,4,0.0,0,0,0,0.0,48.38
2026-07-18T15:37:04.073722,3,0.0,0,0,0,0.0,48.38
2026-07-18T15:37:04.073929,2,0.0,0,0,0,0.0,48.38
2026-07-18T15:37:04.074291,1,0.0,0,0,0,0.0,48.38
2026-07-18T15:37:06.075698,4,0.0,0,0,0,0.0,48.38
2026-07-18T15:37:06.077162,1,0.0,0,0,0,0.0,48.38
2026-07-18T15:37:06.077354,2,0.0,0,0,0,0.0,48.38
2026-07-18T15:37:06.077446,3,0.0,0,0,0,8288.0,48.38
2026-07-18T15:37:08.077203,4,0.0,0,0,0,0.5,48.38
2026-07-18T15:37:08.078281,3,0.0,0,0,0,0.0,48.38
2026-07-18T15:37:08.078463,2,0.0,0,0,0,0.0,48.38
2026-07-18T15:37:08.078539,1,0.0,0,0,0,0.0,48.38
2026-07-18T15:37:10.081301,4,0.0,0,0,0,0.0,48.38
2026-07-18T15:37:10.083034,2,0.0,0,0,0,0.0,48.38
2026-07-18T15:37:10.083744,1,0.0,0,0,0,0.0,48.38
2026-07-18T15:37:10.084018,3,0.0,0,0,0,0.0,48.38
2026-07-18T15:37:12.083770,1,0.0,0,0,0,0.0,48.38
2026-07-18T15:37:12.083881,2,0.0,0,0,0,0.0,48.38
2026-07-18T15:37:12.083950,3,0.0,0,0,0,0.0,48.38
2026-07-18T15:37:12.084019,4,0.0,0,0,0,0.0,48.38
2026-07-18T15:37:14.085676,4,0.0,0,0,0,0.5,48.38
2026-07-18T15:37:14.087025,2,0.0,0,0,0,0.0,48.38
2026-07-18T15:37:14.087563,1,0.0,0,0,0,0.0,48.38
2026-07-18T15:37:14.087790,3,0.0,0,0,0,0.0,48.38
2026-07-18T15:37:16.087567,4,0.0,0,0,0,0.0,48.38
2026-07-18T15:37:16.089014,1,0.0,0,0,0,0.0,48.38
2026-07-18T15:37:16.089327,3,0.0,0,0,0,0.0,48.38
2026-07-18T15:37:16.089441,2,0.0,0,0,0,0.0,48.38
2026-07-18T15:37:18.090413,4,0.0,0,0,0,0.0,48.38
2026-07-18T15:37:18.091941,1,0.0,0,0,0,0.0,48.38
2026-07-18T15:37:18.093154,3,0.0,0,0,0,0.0,48.38
2026-07-18T15:37:18.093407,2,0.0,0,0,0,0.0,48.38
2026-07-18T15:37:20.091816,4,0.0,0,0,0,0.0,48.38
2026-07-18T15:37:20.092440,2,0.0,0,0,0,0.0,48.38
2026-07-18T15:37:20.092800,1,0.0,0,0,0,0.0,48.38
2026-07-18T15:37:20.092914,3,0.0,0,0,0,0.0,48.38
2026-07-18T15:37:22.095287,4,0.0,0,0,0,0.5,48.38
2026-07-18T15:37:22.095966,3,0.0,0,0,0,0.0,48.38
2026-07-18T15:37:22.096068,2,0.0,0,0,0,0.0,48.38
2026-07-18T15:37:22.096292,1,0.0,0,0,0,0.0,48.38
2026-07-18T15:37:24.097757,4,0.0,0,0,0,0.5,48.38
2026-07-18T15:37:24.098846,3,0.0,0,0,0,0.0,48.38
2026-07-18T15:37:24.098964,2,0.0,0,0,0,0.0,48.38
2026-07-18T15:37:24.099034,1,0.0,0,0,0,0.0,48.38
2026-07-18T15:37:26.100933,4,0.0,0,0,0,0.0,48.38
2026-07-18T15:37:26.101250,2,0.0,0,0,0,0.0,48.38
2026-07-18T15:37:26.103307,1,0.0,0,0,0,0.0,48.38
2026-07-18T15:37:26.103440,3,0.0,0,0,0,0.0,48.38
2026-07-18T15:37:28.103044,3,0.0,0,0,0,0.0,48.38
2026-07-18T15:37:28.103170,2,0.0,0,0,0,0.0,48.38
2026-07-18T15:37:28.103239,1,0.0,0,0,0,0.0,48.38
2026-07-18T15:37:28.103306,4,0.0,0,0,0,0.0,48.38
2026-07-18T15:37:30.104077,4,0.0,0,0,0,0.5,48.38
2026-07-18T15:37:30.105370,1,0.0,0,0,0,0.0,48.38
2026-07-18T15:37:30.105545,3,0.0,0,0,0,0.0,48.38
2026-07-18T15:37:30.106076,2,0.0,0,0,0,0.0,48.38
2026-07-18T15:37:32.107572,4,0.0,0,0,0,0.0,48.38
2026-07-18T15:37:32.107729,1,0.0,0,0,0,0.0,48.38
2026-07-18T15:37:32.108170,2,0.0,0,0,0,0.0,48.38
2026-07-18T15:37:32.108259,3,0.0,0,0,0,0.0,48.38
2026-07-18T15:37:34.110100,4,0.0,0,0,0,0.0,48.38
2026-07-18T15:37:34.111103,1,0.0,0,0,0,0.0,48.38
2026-07-18T15:37:34.112250,2,0.0,0,0,0,0.0,48.38
2026-07-18T15:37:34.112627,3,0.0,0,0,0,0.0,48.38
2026-07-18T15:37:36.112732,4,0.0,0,0,0,0.5,48.38
2026-07-18T15:37:36.114816,2,0.0,0,0,0,0.0,48.38
2026-07-18T15:37:36.114941,1,0.0,0,0,0,0.0,48.38
2026-07-18T15:37:36.115010,3,0.0,0,0,0,0.0,48.38
2026-07-18T15:37:38.116934,4,0.0,0,0,0,0.0,48.38
2026-07-18T15:37:38.117915,2,0.0,0,0,0,0.0,48.38
2026-07-18T15:37:38.118066,3,0.0,0,0,0,0.0,48.38
2026-07-18T15:37:38.118643,1,0.0,0,0,0,0.0,48.38
2026-07-18T15:37:40.117564,4,0.0,0,0,0,0.0,48.38
2026-07-18T15:37:40.118400,3,0.0,0,0,0,0.0,48.38
2026-07-18T15:37:40.118599,1,0.0,0,0,0,0.0,48.38
2026-07-18T15:37:40.118686,2,0.0,0,0,0,0.0,48.38
2026-07-18T15:37:42.118560,4,0.0,0,0,0,0.5,48.38
2026-07-18T15:37:42.120378,3,0.0,0,0,0,675.1,48.38
2026-07-18T15:37:42.120646,2,0.0,0,0,0,0.0,48.38
2026-07-18T15:37:42.120770,1,0.0,0,0,0,0.0,48.38
2026-07-18T15:37:44.121053,4,0.0,0,0,0,0.0,48.38
2026-07-18T15:37:44.123394,2,0.0,0,0,0,0.0,48.38
2026-07-18T15:37:44.123824,1,0.0,0,0,0,0.0,48.38
2026-07-18T15:37:44.124161,3,0.0,0,0,0,0.0,48.38
2026-07-18T15:37:46.123841,4,0.0,0,0,0,0.0,48.38
2026-07-18T15:37:46.126981,1,0.0,0,0,0,295.1,48.38
2026-07-18T15:37:46.127094,2,0.0,0,0,0,0.0,48.38
2026-07-18T15:37:46.127228,3,0.0,0,0,0,0.0,48.38
2026-07-18T15:37:48.125513,4,0.0,0,0,0,0.0,48.38
2026-07-18T15:37:48.127733,2,0.0,0,0,0,0.0,48.38
2026-07-18T15:37:48.127945,3,0.0,0,0,0,0.0,48.38
2026-07-18T15:37:48.128028,1,0.0,0,0,0,0.0,48.38
2026-07-18T15:37:50.128683,1,0.0,0,0,0,0.0,48.38
2026-07-18T15:37:50.128842,4,0.0,0,0,0,0.0,48.38
2026-07-18T15:37:50.129333,3,0.0,0,0,0,0.0,48.38
2026-07-18T15:37:50.129420,2,0.0,0,0,0,0.0,48.38
2026-07-18T15:37:52.130971,4,0.0,0,0,0,0.0,48.38
2026-07-18T15:37:52.133475,3,0.0,0,0,0,0.0,48.38
2026-07-18T15:37:52.133742,2,0.0,0,0,0,1303.9,48.38
2026-07-18T15:37:52.134405,1,0.0,0,0,0,0.0,48.38
2026-07-18T15:37:54.135773,1,0.0,0,0,0,0.0,48.38
2026-07-18T15:37:54.136140,4,0.0,0,0,0,0.0,48.38
2026-07-18T15:37:54.136776,2,0.0,0,0,0,0.0,48.38
2026-07-18T15:37:54.137920,3,0.0,0,0,0,0.0,48.38
2026-07-18T15:37:56.134988,4,0.0,0,0,0,0.0,48.38
2026-07-18T15:37:56.136145,1,0.0,0,0,0,0.0,48.38
2026-07-18T15:37:56.136696,2,0.0,0,0,0,0.0,48.38
2026-07-18T15:37:56.136848,3,0.0,0,0,0,0.0,48.38
2026-07-18T15:37:58.138279,4,0.0,0,0,0,0.0,48.38
2026-07-18T15:37:58.138422,1,0.0,0,0,0,0.0,48.38
2026-07-18T15:37:58.138495,2,0.0,0,0,0,0.0,48.38
2026-07-18T15:37:58.138563,3,0.0,0,0,0,0.0,48.38
2026-07-18T15:38:00.142339,4,0.0,0,0,0,0.5,48.38
2026-07-18T15:38:00.143102,2,0.0,0,0,0,0.0,48.38
2026-07-18T15:38:00.143678,1,0.0,0,0,0,0.0,48.38
2026-07-18T15:38:00.143871,3,0.0,0,0,0,0.0,48.38
2026-07-18T15:38:02.651767,2,0.0,0,0,0,0.0,48.38
2026-07-18T15:38:02.651986,3,0.0,0,0,0,0.0,48.38
2026-07-18T15:38:02.652067,1,0.0,0,0,0,0.0,48.38
2026-07-18T15:38:02.652137,4,0.0,0,0,0,0.0,48.38
2026-07-18T15:38:04.652728,4,0.0,0,0,0,0.0,48.38
2026-07-18T15:38:04.652966,2,0.0,0,0,0,0.0,48.38
2026-07-18T15:38:04.653050,3,0.0,0,0,0,0.0,48.38
2026-07-18T15:38:04.653119,1,0.0,0,0,0,0.0,48.38
2026-07-18T15:38:06.757280,1,0.0,0,0,0,0.5,48.38
2026-07-18T15:38:06.757535,3,0.0,0,0,0,0.0,48.38
2026-07-18T15:38:06.757657,4,0.0,0,0,0,0.0,48.38
2026-07-18T15:38:06.758163,2,0.0,0,0,0,0.0,48.38
2026-07-18T15:38:08.758892,4,0.0,0,0,0,0.0,48.38
2026-07-18T15:38:08.760646,3,0.0,0,0,0,0.0,48.38
2026-07-18T15:38:08.761453,2,0.0,0,0,0,0.0,48.38
2026-07-18T15:38:08.761689,1,0.0,0,0,0,0.0,48.38
2026-07-18T15:38:10.760999,4,0.0,0,0,0,0.0,48.38
2026-07-18T15:38:10.762378,1,0.0,0,0,0,0.0,48.38
2026-07-18T15:38:10.762512,3,0.0,0,0,0,0.0,48.38
2026-07-18T15:38:10.762580,2,0.0,0,0,0,0.0,48.38
2026-07-18T15:38:12.762858,4,0.0,0,0,0,0.5,48.38
2026-07-18T15:38:12.764158,3,0.0,0,0,0,539.8,48.38
2026-07-18T15:38:12.765309,1,0.0,0,0,0,0.0,48.38
2026-07-18T15:38:12.765827,2,0.0,0,0,0,0.0,48.38
2026-07-18T15:38:14.766691,4,0.0,0,0,0,0.0,48.38
2026-07-18T15:38:14.767715,2,0.0,0,0,0,0.0,48.38
2026-07-18T15:38:14.767824,1,0.0,0,0,0,0.0,48.38
2026-07-18T15:38:14.767892,3,0.0,0,0,0,0.0,48.38
2026-07-18T15:38:16.772634,2,0.0,0,0,0,0.0,48.38
2026-07-18T15:38:16.772800,3,0.0,0,0,0,0.0,48.38
2026-07-18T15:38:16.772876,1,0.0,0,0,0,0.0,48.38
2026-07-18T15:38:16.772946,4,0.0,0,0,0,0.0,48.38
2026-07-18T15:38:18.772499,4,0.0,0,0,0,0.0,48.38
2026-07-18T15:38:18.773787,2,0.0,0,0,0,0.0,48.38
2026-07-18T15:38:18.773934,3,0.0,0,0,0,0.0,48.38
2026-07-18T15:38:18.774423,1,0.0,0,0,0,0.0,48.38
2026-07-18T15:38:20.774903,4,0.0,0,0,0,0.5,48.38
2026-07-18T15:38:20.775575,2,0.0,0,0,0,0.0,48.38
2026-07-18T15:38:20.776129,3,0.0,0,0,0,0.0,48.38
2026-07-18T15:38:20.776376,1,0.0,0,0,0,0.0,48.38
2026-07-18T15:38:22.780614,3,0.0,0,0,0,0.0,48.38
2026-07-18T15:38:22.780837,1,0.0,0,0,0,0.0,48.38
2026-07-18T15:38:22.780915,4,0.0,0,0,0,0.0,48.38
2026-07-18T15:38:22.780982,2,0.0,0,0,0,0.0,48.38
2026-07-18T15:38:24.785248,4,0.0,0,0,0,0.0,48.38
2026-07-18T15:38:24.785531,1,0.0,0,0,0,0.0,48.38
2026-07-18T15:38:24.786385,2,0.0,0,0,0,1245.6,48.38
2026-07-18T15:38:24.786991,3,0.0,0,0,0,0.0,48.38
2026-07-18T15:38:26.783682,4,0.0,0,0,0,0.5,48.38
2026-07-18T15:38:26.784732,1,0.0,0,0,0,0.0,48.38
2026-07-18T15:38:26.784846,3,0.0,0,0,0,0.0,48.38
2026-07-18T15:38:26.784915,2,0.0,0,0,0,0.0,48.38
2026-07-18T15:38:28.786683,4,0.0,0,0,0,0.0,48.38
2026-07-18T15:38:28.790620,3,0.0,0,0,0,0.0,48.38
2026-07-18T15:38:28.791284,2,0.0,0,0,0,0.0,48.38
2026-07-18T15:38:28.791747,1,0.0,0,0,0,0.0,48.38
2026-07-18T15:38:30.788477,4,0.0,0,0,0,0.5,48.38
2026-07-18T15:38:30.789261,3,0.0,0,0,0,0.0,48.38
2026-07-18T15:38:30.789360,2,0.0,0,0,0,0.0,48.38
2026-07-18T15:38:30.789428,1,0.0,0,0,0,0.0,48.38
2026-07-18T15:38:32.790650,4,0.0,0,0,0,0.0,48.38
2026-07-18T15:38:32.792935,2,0.0,0,0,0,0.0,48.38
2026-07-18T15:38:32.793344,3,0.0,0,0,0,0.0,48.38
2026-07-18T15:38:32.793466,1,0.0,0,0,0,0.0,48.38
2026-07-18T15:38:34.793975,4,0.0,0,0,0,0.0,48.38
2026-07-18T15:38:34.795657,1,0.0,0,0,0,0.0,48.38
2026-07-18T15:38:34.795779,3,0.0,0,0,0,0.0,48.38
2026-07-18T15:38:34.795849,2,0.0,0,0,0,0.0,48.38
2026-07-18T15:38:36.796731,2,0.0,0,0,0,0.5,48.38
2026-07-18T15:38:36.796854,4,0.0,0,0,0,0.0,48.38
2026-07-18T15:38:36.796923,1,0.0,0,0,0,0.0,48.38
2026-07-18T15:38:36.796989,3,0.0,0,0,0,0.0,48.38
2026-07-18T15:38:38.799594,1,0.0,0,0,0,0.0,48.38
2026-07-18T15:38:38.799834,3,0.0,0,0,0,0.0,48.38
2026-07-18T15:38:38.799981,4,0.0,0,0,0,0.0,48.38
2026-07-18T15:38:38.801058,2,0.0,0,0,0,0.0,48.38
2026-07-18T15:38:40.801627,4,0.0,0,0,0,0.0,48.38
2026-07-18T15:38:40.803496,2,0.0,0,0,0,0.0,48.38
2026-07-18T15:38:40.803795,3,0.0,0,0,0,0.0,48.38
2026-07-18T15:38:40.803954,1,0.0,0,0,0,0.0,48.38
2026-07-18T15:38:42.803676,4,0.0,0,0,0,0.0,48.38
2026-07-18T15:38:42.804477,2,0.0,0,0,0,0.0,48.38
2026-07-18T15:38:42.804573,3,0.0,0,0,0,0.0,48.38
2026-07-18T15:38:42.804648,1,0.0,0,0,0,0.0,48.38
2026-07-18T15:38:44.807540,4,0.0,0,0,0,0.5,48.38
2026-07-18T15:38:44.808204,3,0.0,0,0,0,0.0,48.38
2026-07-18T15:38:44.808681,2,0.0,0,0,0,0.0,48.38
2026-07-18T15:38:44.808852,1,0.0,0,0,0,0.0,48.38
2026-07-18T15:38:46.809621,4,0.0,0,0,0,0.0,48.38
2026-07-18T15:38:46.811146,1,0.0,0,0,0,0.0,48.38
2026-07-18T15:38:46.811678,2,0.0,0,0,0,0.0,48.38
2026-07-18T15:38:46.811944,3,0.0,0,0,0,0.0,48.38
2026-07-18T15:38:48.811699,4,0.0,0,0,0,0.0,48.38
2026-07-18T15:38:48.812820,3,0.0,0,0,0,0.0,48.38
2026-07-18T15:38:48.813034,2,0.0,0,0,0,0.0,48.38
2026-07-18T15:38:48.813180,1,0.0,0,0,0,0.0,48.38
2026-07-18T15:38:50.815897,4,0.0,0,0,0,0.0,48.38
2026-07-18T15:38:50.818479,2,0.0,0,0,0,329.2,48.38
2026-07-18T15:38:50.818690,1,0.0,0,0,0,0.0,48.38
2026-07-18T15:38:50.818832,3,0.0,0,0,0,0.0,48.38
2026-07-18T15:38:52.816801,4,0.0,0,0,0,0.5,48.38
2026-07-18T15:38:52.818732,1,0.0,0,0,0,0.0,48.38
2026-07-18T15:38:52.819045,3,0.0,0,0,0,0.0,48.38
2026-07-18T15:38:52.819203,2,0.0,0,0,0,0.0,48.38
2026-07-18T15:38:54.818576,4,0.0,0,0,0,0.0,48.38
2026-07-18T15:38:54.819597,2,0.0,0,0,0,0.0,48.38
2026-07-18T15:38:54.820260,1,0.0,0,0,0,0.0,48.38
2026-07-18T15:38:54.820365,3,0.0,0,0,0,0.0,48.38
2026-07-18T15:38:56.821525,4,0.0,0,0,0,0.5,48.38
2026-07-18T15:38:56.822908,3,0.0,0,0,0,0.0,48.38
2026-07-18T15:38:56.823365,1,0.0,0,0,0,0.0,48.38
2026-07-18T15:38:56.823482,2,0.0,0,0,0,0.0,48.38
2026-07-18T15:38:58.824875,3,0.0,0,0,0,0.0,48.38
2026-07-18T15:38:58.825895,4,0.0,0,0,0,0.0,48.38
2026-07-18T15:38:58.826116,2,0.0,0,0,0,0.0,48.38
2026-07-18T15:38:58.826229,1,0.0,0,0,0,0.0,48.38
2026-07-18T15:39:00.826830,4,0.0,0,0,0,0.0,48.38
2026-07-18T15:39:00.827526,3,0.0,0,0,0,0.0,48.38
2026-07-18T15:39:00.827631,1,0.0,0,0,0,0.0,48.38
2026-07-18T15:39:00.827746,2,0.0,0,0,0,0.0,48.38
2026-07-18T15:39:02.830913,4,0.0,0,0,0,0.5,48.38
2026-07-18T15:39:02.832271,3,0.0,0,0,0,0.0,48.38
2026-07-18T15:39:02.832430,1,0.0,0,0,0,0.0,48.38
2026-07-18T15:39:02.832502,2,0.0,0,0,0,0.0,48.38
2026-07-18T15:39:04.831052,4,0.0,0,0,0,0.0,48.38
2026-07-18T15:39:04.832730,2,0.0,0,0,0,0.0,48.38
2026-07-18T15:39:04.832980,3,0.0,0,0,0,0.0,48.38
2026-07-18T15:39:04.833100,1,0.0,0,0,0,0.0,48.38
2026-07-18T15:39:06.835066,4,0.0,0,0,0,0.0,48.38
2026-07-18T15:39:06.836467,1,0.0,0,0,0,0.0,48.38
2026-07-18T15:39:06.836608,3,0.0,0,0,0,0.0,48.38
2026-07-18T15:39:06.837033,2,0.0,0,0,0,0.0,48.38
2026-07-18T15:39:08.837513,4,0.0,0,0,0,0.5,48.38
2026-07-18T15:39:08.838680,3,0.0,0,0,0,0.0,48.38
2026-07-18T15:39:08.838793,2,0.0,0,0,0,0.0,48.38
2026-07-18T15:39:08.838861,1,0.0,0,0,0,0.0,48.38
2026-07-18T15:39:10.839751,4,0.0,0,0,0,0.0,48.38
2026-07-18T15:39:10.840887,2,0.0,0,0,0,0.0,48.38
2026-07-18T15:39:10.841396,3,0.0,0,0,0,0.0,48.38
2026-07-18T15:39:10.841664,1,0.0,0,0,0,0.0,48.38
2026-07-18T15:39:12.842838,4,0.0,0,0,0,0.0,48.38
2026-07-18T15:39:12.844601,2,0.0,0,0,0,0.0,48.38
2026-07-18T15:39:12.844715,3,0.0,0,0,0,0.0,48.38
2026-07-18T15:39:12.844787,1,0.0,0,0,0,0.0,48.38
2026-07-18T15:39:14.845880,1,0.0,0,0,0,0.5,48.38
2026-07-18T15:39:14.846002,4,0.0,0,0,0,0.0,48.38
2026-07-18T15:39:14.846589,3,0.0,0,0,0,0.0,48.38
2026-07-18T15:39:14.846677,2,0.0,0,0,0,0.0,48.38
2026-07-18T15:39:16.848799,4,0.0,0,0,0,0.0,48.38
2026-07-18T15:39:16.849832,2,0.0,0,0,0,0.0,48.38
2026-07-18T15:39:16.849936,1,0.0,0,0,0,0.0,48.38
2026-07-18T15:39:16.850006,3,0.0,0,0,0,0.0,48.38
2026-07-18T15:39:18.851892,4,0.0,0,0,0,0.0,48.38
2026-07-18T15:39:18.852060,3,0.0,0,0,0,0.0,48.38
2026-07-18T15:39:18.852510,1,0.0,0,0,0,0.0,48.38
2026-07-18T15:39:18.852664,2,0.0,0,0,0,0.0,48.38
2026-07-18T15:39:20.852834,4,0.0,0,0,0,0.5,48.38
2026-07-18T15:39:20.853117,1,0.0,0,0,0,0.0,48.38
2026-07-18T15:39:20.853972,2,0.0,0,0,0,1200.0,48.38
2026-07-18T15:39:20.854081,3,0.0,0,0,0,0.0,48.38
2026-07-18T15:39:22.855845,1,0.0,0,0,0,0.0,48.38
2026-07-18T15:39:22.856131,4,0.0,0,0,0,0.0,48.38
2026-07-18T15:39:22.856786,3,0.0,0,0,0,0.0,48.38
2026-07-18T15:39:22.857557,2,0.0,0,0,0,0.0,48.38
2026-07-18T15:39:24.855660,4,0.0,0,0,0,0.0,48.38
2026-07-18T15:39:24.856647,2,0.0,0,0,0,0.0,48.38
2026-07-18T15:39:24.856905,1,0.0,0,0,0,0.0,48.38
2026-07-18T15:39:24.857007,3,0.0,0,0,0,0.0,48.38
2026-07-18T15:39:26.857248,4,0.0,0,0,0,0.0,48.38
2026-07-18T15:39:26.859398,1,0.0,0,0,0,0.0,48.38
2026-07-18T15:39:26.860045,2,0.0,0,0,0,0.0,48.38
2026-07-18T15:39:26.860237,3,0.0,0,0,0,0.0,48.38
2026-07-18T15:39:28.861136,1,0.0,0,0,0,0.5,48.38
2026-07-18T15:39:28.861844,2,0.0,0,0,0,0.0,48.38
2026-07-18T15:39:28.862519,3,0.0,0,0,0,0.0,48.38
2026-07-18T15:39:28.862648,4,0.0,0,0,0,0.0,48.38
2026-07-18T15:39:30.864783,4,0.0,0,0,0,0.0,48.38
2026-07-18T15:39:30.865258,3,0.0,0,0,0,0.0,48.38
2026-07-18T15:39:30.865338,1,0.0,0,0,0,0.0,48.38
2026-07-18T15:39:30.865700,2,0.0,0,0,0,0.0,48.38
2026-07-18T15:39:32.865855,4,0.0,0,0,0,0.0,48.38
2026-07-18T15:39:32.868008,3,0.0,0,0,0,0.0,48.38
2026-07-18T15:39:32.868714,2,0.0,0,0,0,0.0,48.38
2026-07-18T15:39:32.869038,1,0.0,0,0,0,0.0,48.38
2026-07-18T15:39:34.868196,4,0.0,0,0,0,0.5,48.38
2026-07-18T15:39:34.870481,1,0.0,0,0,0,0.0,48.38
2026-07-18T15:39:34.870759,3,0.0,0,0,0,0.0,48.38
2026-07-18T15:39:34.871170,2,0.0,0,0,0,0.0,48.38
2026-07-18T15:39:36.871021,4,0.0,0,0,0,0.0,48.38
2026-07-18T15:39:36.872910,1,0.0,0,0,0,549.1,48.38
2026-07-18T15:39:36.873208,3,0.0,0,0,0,0.0,48.38
2026-07-18T15:39:36.873352,2,0.0,0,0,0,0.0,48.38
2026-07-18T15:39:38.872831,4,0.0,0,0,0,0.0,48.38
2026-07-18T15:39:38.874123,2,0.0,0,0,0,0.0,48.38
2026-07-18T15:39:38.874809,3,0.0,0,0,0,0.0,48.38
2026-07-18T15:39:38.874960,1,0.0,0,0,0,0.0,48.38
2026-07-18T15:39:40.876651,4,0.0,0,0,0,0.5,48.38
2026-07-18T15:39:40.877698,2,0.0,0,0,0,0.0,48.38
2026-07-18T15:39:40.877818,3,0.0,0,0,0,0.0,48.38
2026-07-18T15:39:40.877887,1,0.0,0,0,0,0.0,48.38
2026-07-18T15:39:42.878627,4,0.0,0,0,0,0.0,48.38
2026-07-18T15:39:42.880263,1,0.0,0,0,0,0.0,48.38
2026-07-18T15:39:42.880522,3,0.0,0,0,0,0.0,48.38
2026-07-18T15:39:42.880964,2,0.0,0,0,0,0.0,48.38
2026-07-18T15:39:44.880979,4,0.0,0,0,0,0.0,48.38
2026-07-18T15:39:44.881777,1,0.0,0,0,0,0.0,48.38
2026-07-18T15:39:44.882132,2,0.0,0,0,0,0.0,48.38
2026-07-18T15:39:44.882242,3,0.0,0,0,0,0.0,48.38
2026-07-18T15:39:46.911515,4,0.0,0,0,0,2.5,48.38
2026-07-18T15:39:46.912737,1,0.0,0,0,0,0.0,48.38
2026-07-18T15:39:46.913884,3,0.0,0,0,0,0.0,48.38
2026-07-18T15:39:46.914293,2,0.0,0,0,0,0.0,48.38
2026-07-18T15:39:48.913743,4,0.0,0,0,0,0.0,48.38
2026-07-18T15:39:48.914487,1,0.0,0,0,0,0.0,48.38
2026-07-18T15:39:48.914959,2,0.0,0,0,0,0.0,48.38
2026-07-18T15:39:48.915059,3,0.0,0,0,0,0.0,48.38
2026-07-18T15:39:50.918118,3,0.0,0,0,0,0.0,48.38
2026-07-18T15:39:50.918733,1,0.0,0,0,0,0.0,48.38
2026-07-18T15:39:50.918857,2,0.0,0,0,0,0.0,48.38
2026-07-18T15:39:50.918929,4,0.0,0,0,0,0.0,48.38
2026-07-18T15:39:52.919325,4,0.0,0,0,0,0.5,48.38
2026-07-18T15:39:52.919777,3,0.0,0,0,0,0.0,48.38
2026-07-18T15:39:52.919854,1,0.0,0,0,0,0.0,48.38
2026-07-18T15:39:52.919924,2,0.0,0,0,0,0.0,48.38
2026-07-18T15:39:54.921617,4,0.0,0,0,0,0.0,48.38
2026-07-18T15:39:54.922264,1,0.0,0,0,0,0.0,48.38
2026-07-18T15:39:54.922729,2,0.0,0,0,0,0.0,48.38
2026-07-18T15:39:54.922812,3,0.0,0,0,0,0.0,48.38
2026-07-18T15:39:56.925266,4,0.0,0,0,0,0.0,48.38
2026-07-18T15:39:56.926489,3,0.0,0,0,0,0.0,48.38
2026-07-18T15:39:56.926681,1,0.0,0,0,0,0.0,48.38
2026-07-18T15:39:56.926771,2,0.0,0,0,0,0.0,48.38
2026-07-18T15:39:58.925786,4,0.0,0,0,0,0.0,48.38
2026-07-18T15:39:58.926864,2,0.0,0,0,0,0.0,48.38
2026-07-18T15:39:58.926988,1,0.0,0,0,0,0.0,48.38
2026-07-18T15:39:58.927079,3,0.0,0,0,0,0.0,48.38
2026-07-18T15:40:00.929371,4,0.0,0,0,0,0.0,48.38
2026-07-18T15:40:00.930343,3,0.0,0,0,0,691.2,48.38
2026-07-18T15:40:00.930605,1,0.0,0,0,0,0.0,48.38
2026-07-18T15:40:00.931472,2,0.0,0,0,0,0.0,48.38
2026-07-18T15:40:02.930002,4,0.0,0,0,0,0.0,48.38
2026-07-18T15:40:02.931804,2,0.0,0,0,0,0.0,48.38
2026-07-18T15:40:02.931932,1,0.0,0,0,0,0.0,48.38
2026-07-18T15:40:02.932045,3,0.0,0,0,0,0.0,48.38
2026-07-18T15:40:04.932717,4,0.0,0,0,0,0.0,48.38
2026-07-18T15:40:04.934350,1,0.0,0,0,0,0.0,48.38
2026-07-18T15:40:04.934927,2,0.0,0,0,0,0.0,48.38
2026-07-18T15:40:04.935334,3,0.0,0,0,0,0.0,48.38
2026-07-18T15:40:06.937276,4,0.0,0,0,0,0.5,48.38
2026-07-18T15:40:06.939755,1,0.0,0,0,0,0.0,48.38
2026-07-18T15:40:06.940544,3,0.0,0,0,0,0.0,48.38
2026-07-18T15:40:06.940858,2,0.0,0,0,0,0.0,48.38
2026-07-18T15:40:08.939990,4,0.0,0,0,0,0.0,48.38
2026-07-18T15:40:08.942060,1,0.0,0,0,0,478.4,48.38
2026-07-18T15:40:08.943857,2,0.0,0,0,0,735.0,48.38
2026-07-18T15:40:08.944220,3,0.0,0,0,0,0.0,48.38
2026-07-18T15:40:10.944702,4,0.0,0,0,0,0.0,48.38
2026-07-18T15:40:10.944908,3,0.0,0,0,0,0.0,48.38
2026-07-18T15:40:10.945023,2,0.0,0,0,0,0.0,48.38
2026-07-18T15:40:10.945541,1,0.0,0,0,0,0.0,48.38
2026-07-18T15:40:12.944620,4,0.0,0,0,0,0.0,48.38
2026-07-18T15:40:12.945903,1,0.0,0,0,0,0.0,48.38
2026-07-18T15:40:12.946131,2,0.0,0,0,0,0.0,48.38
2026-07-18T15:40:12.946236,3,0.0,0,0,0,0.0,48.38
2026-07-18T15:40:14.946866,4,0.0,0,0,0,0.5,48.38
2026-07-18T15:40:14.948286,3,0.0,0,0,0,0.0,48.38
2026-07-18T15:40:14.948576,2,0.0,0,0,0,0.0,48.38
2026-07-18T15:40:14.948687,1,0.0,0,0,0,0.0,48.38
2026-07-18T15:40:16.950564,4,0.0,0,0,0,0.0,48.38
2026-07-18T15:40:16.951842,3,0.0,0,0,0,0.0,48.38
2026-07-18T15:40:16.951988,1,0.0,0,0,0,0.0,48.38
2026-07-18T15:40:16.953286,2,0.0,0,0,0,0.0,48.38
2026-07-18T15:40:18.952997,2,0.0,0,0,0,0.5,48.38
2026-07-18T15:40:18.953765,4,0.0,0,0,0,0.0,48.38
2026-07-18T15:40:18.955126,3,0.0,0,0,0,569.4,48.38
2026-07-18T15:40:18.955847,1,0.0,0,0,0,0.0,48.38
2026-07-18T15:40:20.954898,4,0.0,0,0,0,0.5,48.38
2026-07-18T15:40:20.955012,1,0.0,0,0,0,0.0,48.38
2026-07-18T15:40:20.955272,2,0.0,0,0,0,0.0,48.38
2026-07-18T15:40:20.955486,3,0.0,0,0,0,0.0,48.38
2026-07-18T15:40:22.958079,3,0.0,0,0,0,0.0,48.38
2026-07-18T15:40:22.958193,4,0.0,0,0,0,0.0,48.38
2026-07-18T15:40:22.958263,2,0.0,0,0,0,0.0,48.38
2026-07-18T15:40:22.958331,1,0.0,0,0,0,0.0,48.38
2026-07-18T15:40:24.965434,4,0.0,0,0,0,0.0,48.38
2026-07-18T15:40:24.965677,1,0.0,0,0,0,0.0,48.38
2026-07-18T15:40:24.965776,3,0.0,0,0,0,0.0,48.38
2026-07-18T15:40:24.966020,2,0.0,0,0,0,0.0,48.38
2026-07-18T15:40:26.963947,4,0.0,0,0,0,0.5,48.38
2026-07-18T15:40:26.965276,2,0.0,0,0,0,0.0,48.38
2026-07-18T15:40:26.965458,1,0.0,0,0,0,0.0,48.38
2026-07-18T15:40:26.965585,3,0.0,0,0,0,0.0,48.38
2026-07-18T15:40:28.968486,3,0.0,0,0,0,0.0,48.38
2026-07-18T15:40:28.968763,2,0.0,0,0,0,0.0,48.38
2026-07-18T15:40:28.968893,4,0.0,0,0,0,0.0,48.38
2026-07-18T15:40:28.968999,1,0.0,0,0,0,0.0,48.38
2026-07-18T15:40:31.214843,1,0.0,0,0,0,0.0,48.38
2026-07-18T15:40:31.215004,2,0.0,0,0,0,0.0,48.38
2026-07-18T15:40:31.215113,4,0.0,0,0,0,0.0,48.38
2026-07-18T15:40:31.216515,3,0.0,0,0,0,0.0,48.38
2026-07-18T15:40:33.108629,4,0.0,0,0,0,0.5,48.38
2026-07-18T15:40:33.110261,2,0.0,0,0,0,0.0,48.38
2026-07-18T15:40:33.110500,1,0.0,0,0,0,0.0,48.38
2026-07-18T15:40:33.110632,3,0.0,0,0,0,0.0,48.38
2026-07-18T15:40:35.109687,1,0.0,0,0,0,0.0,48.38
2026-07-18T15:40:35.109825,4,0.0,0,0,0,0.0,48.38
2026-07-18T15:40:35.110913,3,0.0,0,0,0,0.0,48.38
2026-07-18T15:40:35.111336,2,0.0,0,0,0,0.0,48.38
2026-07-18T15:40:37.112430,4,0.0,0,0,0,0.5,48.38
2026-07-18T15:40:37.112592,1,0.0,0,0,0,0.0,48.38
2026-07-18T15:40:37.113063,2,0.0,0,0,0,0.0,48.38
2026-07-18T15:40:37.113225,3,0.0,0,0,0,0.0,48.38
2026-07-18T15:40:39.113942,4,0.0,0,0,0,0.0,48.38
2026-07-18T15:40:39.116122,1,0.0,0,0,0,463.2,48.38
2026-07-18T15:40:39.116340,3,0.0,0,0,0,0.0,48.38
2026-07-18T15:40:39.116772,2,0.0,0,0,0,0.0,48.38
2026-07-18T15:40:41.119308,3,0.0,0,0,0,0.0,48.38
2026-07-18T15:40:41.119488,4,0.0,0,0,0,0.0,48.38
2026-07-18T15:40:41.119563,1,0.0,0,0,0,0.0,48.38
2026-07-18T15:40:41.119634,2,0.0,0,0,0,0.0,48.38
2026-07-18T15:40:43.121331,4,0.0,0,0,0,0.5,48.38
2026-07-18T15:40:43.121508,2,0.0,0,0,0,0.0,48.38
2026-07-18T15:40:43.121585,3,0.0,0,0,0,0.0,48.38
2026-07-18T15:40:43.121656,1,0.0,0,0,0,0.0,48.38
2026-07-18T15:40:45.123147,4,0.0,0,0,0,0.5,48.38
2026-07-18T15:40:45.124087,3,0.0,0,0,0,0.0,48.38
2026-07-18T15:40:45.124585,1,0.0,0,0,0,0.0,48.38
2026-07-18T15:40:45.124697,2,0.0,0,0,0,0.0,48.38
2026-07-18T15:40:47.128739,3,0.0,0,0,0,1.0,48.38
2026-07-18T15:40:47.129503,2,0.0,0,0,0,0.0,48.38
2026-07-18T15:40:47.129846,1,0.0,0,0,0,0.0,48.38
2026-07-18T15:40:47.130235,4,0.0,0,0,0,0.0,48.38
2026-07-18T15:40:49.126184,1,0.0,0,0,0,0.0,48.38
2026-07-18T15:40:49.126937,3,0.0,0,0,0,1357.3,48.38
2026-07-18T15:40:49.127125,4,0.0,0,0,0,0.0,48.38
2026-07-18T15:40:49.128714,2,0.0,0,0,0,0.0,48.38
2026-07-18T15:40:51.127941,4,0.0,0,0,0,0.0,48.38
2026-07-18T15:40:51.128071,1,0.0,0,0,0,0.0,48.38
2026-07-18T15:40:51.129552,2,0.0,0,0,0,0.0,48.38
2026-07-18T15:40:51.130076,3,0.0,0,0,0,0.0,48.38
2026-07-18T15:40:53.132719,3,0.0,0,0,0,0.5,48.38
2026-07-18T15:40:53.133003,2,0.0,0,0,0,0.0,48.38
2026-07-18T15:40:53.133374,1,0.0,0,0,0,0.0,48.38
2026-07-18T15:40:53.133480,4,0.0,0,0,0,0.0,48.38
2026-07-18T15:40:55.131968,4,0.0,0,0,0,0.0,48.38
2026-07-18T15:40:55.133130,2,0.0,0,0,0,0.0,48.38
2026-07-18T15:40:55.133255,1,0.0,0,0,0,0.0,48.38
2026-07-18T15:40:55.133754,3,0.0,0,0,0,0.0,48.38
2026-07-18T15:40:57.136136,3,0.0,0,0,0,0.0,48.38
2026-07-18T15:40:57.136362,2,0.0,0,0,0,0.0,48.38
2026-07-18T15:40:57.137163,4,0.0,0,0,0,0.0,48.38
2026-07-18T15:40:57.137747,1,0.0,0,0,0,0.0,48.38
2026-07-18T15:40:59.137847,1,0.0,0,0,0,0.5,48.38
2026-07-18T15:40:59.138426,3,0.0,0,0,0,0.0,48.38
2026-07-18T15:40:59.138626,4,0.0,0,0,0,0.0,48.38
2026-07-18T15:40:59.138706,2,0.0,0,0,0,0.0,48.38
2026-07-18T15:41:01.139891,4,0.0,0,0,0,0.0,48.38
2026-07-18T15:41:01.142415,3,0.0,0,0,0,0.0,48.38
2026-07-18T15:41:01.142659,1,0.0,0,0,0,0.0,48.38
2026-07-18T15:41:01.142752,2,0.0,0,0,0,0.0,48.38
2026-07-18T15:41:03.146834,4,0.0,0,0,0,0.5,48.38
2026-07-18T15:41:03.147072,2,0.0,0,0,0,0.0,48.38
2026-07-18T15:41:03.147816,3,0.0,0,0,0,0.0,48.38
2026-07-18T15:41:03.148463,1,0.0,0,0,0,0.0,48.38
2026-07-18T15:41:05.145226,4,0.0,0,0,0,0.0,48.38
2026-07-18T15:41:05.146530,1,0.0,0,0,0,0.0,48.38
2026-07-18T15:41:05.146695,3,0.0,0,0,0,0.0,48.38
2026-07-18T15:41:05.146795,2,0.0,0,0,0,0.0,48.38
2026-07-18T15:41:07.147128,4,0.0,0,0,0,0.0,48.38
2026-07-18T15:41:07.148527,2,0.0,0,0,0,0.0,48.38
2026-07-18T15:41:07.149064,3,0.0,0,0,0,0.0,48.38
2026-07-18T15:41:07.149625,1,0.0,0,0,0,0.0,48.38
2026-07-18T15:41:09.150094,4,0.0,0,0,0,0.5,48.38
2026-07-18T15:41:09.151516,1,0.0,0,0,0,0.0,48.38
2026-07-18T15:41:09.151920,3,0.0,0,0,0,0.0,48.38
2026-07-18T15:41:09.152111,2,0.0,0,0,0,0.0,48.38
2026-07-18T15:41:11.152595,4,0.0,0,0,0,0.5,48.38
2026-07-18T15:41:11.153253,2,0.0,0,0,0,0.0,48.38
2026-07-18T15:41:11.154345,3,0.0,0,0,0,0.0,48.38
2026-07-18T15:41:11.154595,1,0.0,0,0,0,0.0,48.38
2026-07-18T15:41:13.155260,2,0.0,0,0,0,0.0,48.38
2026-07-18T15:41:13.155415,1,0.0,0,0,0,0.0,48.38
2026-07-18T15:41:13.155511,3,0.0,0,0,0,0.0,48.38
2026-07-18T15:41:13.155582,4,0.0,0,0,0,0.0,48.38
2026-07-18T15:41:15.165290,2,0.0,0,0,0,0.0,48.38
2026-07-18T15:41:15.165776,3,0.0,0,0,0,0.0,48.38
2026-07-18T15:41:15.165904,1,0.0,0,0,0,0.0,48.38
2026-07-18T15:41:15.165977,4,0.0,0,0,0,0.0,48.38
2026-07-18T15:41:17.161866,2,0.0,0,0,0,0.5,48.38
2026-07-18T15:41:17.161989,4,0.0,0,0,0,0.0,48.38
2026-07-18T15:41:17.162653,3,0.0,0,0,0,0.0,48.38
2026-07-18T15:41:17.162772,1,0.0,0,0,0,0.0,48.38
2026-07-18T15:41:19.169921,4,0.0,0,0,0,0.0,48.38
2026-07-18T15:41:19.176473,2,0.0,0,0,0,0.0,48.38
2026-07-18T15:41:19.176761,1,0.0,0,0,0,0.0,48.38
2026-07-18T15:41:19.176879,3,0.0,0,0,0,0.0,48.38
2026-07-18T15:41:21.167803,1,0.0,0,0,0,0.5,48.38
2026-07-18T15:41:21.167924,4,0.0,0,0,0,0.0,48.38
2026-07-18T15:41:21.167996,3,0.0,0,0,0,0.0,48.38
2026-07-18T15:41:21.168244,2,0.0,0,0,0,0.0,48.38
2026-07-18T15:41:23.170614,4,0.0,0,0,0,0.0,48.38
2026-07-18T15:41:23.174548,3,0.0,0,0,0,0.0,48.38
2026-07-18T15:41:23.174901,1,0.0,0,0,0,0.0,48.38
2026-07-18T15:41:23.175292,2,0.0,0,0,0,0.0,48.38
2026-07-18T15:41:25.172754,4,0.0,0,0,0,0.0,48.38
2026-07-18T15:41:25.174984,3,0.0,0,0,0,448.8,48.38
2026-07-18T15:41:25.175125,1,0.0,0,0,0,0.0,48.38
2026-07-18T15:41:25.175206,2,0.0,0,0,0,0.0,48.38
2026-07-18T15:41:27.175393,3,0.0,0,0,0,0.0,48.38
2026-07-18T15:41:27.175604,2,0.0,0,0,0,0.0,48.38
2026-07-18T15:41:27.175699,4,0.0,0,0,0,0.0,48.38
2026-07-18T15:41:27.175777,1,0.0,0,0,0,0.0,48.38
2026-07-18T15:41:29.175774,2,0.0,0,0,0,0.5,48.38
2026-07-18T15:41:29.175892,1,0.0,0,0,0,0.0,48.38
2026-07-18T15:41:29.175962,4,0.0,0,0,0,0.0,48.38
2026-07-18T15:41:29.176028,3,0.0,0,0,0,0.0,48.38
2026-07-18T15:41:31.184858,4,0.0,0,0,0,0.5,48.38
2026-07-18T15:41:31.185630,2,0.0,0,0,0,0.0,48.38
2026-07-18T15:41:31.185991,3,0.0,0,0,0,0.0,48.38
2026-07-18T15:41:31.186226,1,0.0,0,0,0,0.0,48.38
2026-07-18T15:41:33.181204,4,0.0,0,0,0,0.0,48.38
2026-07-18T15:41:33.182556,2,0.0,0,0,0,0.0,48.38
2026-07-18T15:41:33.182828,1,0.0,0,0,0,0.0,48.38
2026-07-18T15:41:33.182919,3,0.0,0,0,0,0.0,48.38
2026-07-18T15:41:35.184186,3,0.0,0,0,0,0.0,48.38
2026-07-18T15:41:35.184746,4,0.0,0,0,0,0.0,48.38
2026-07-18T15:41:35.184912,1,0.0,0,0,0,0.0,48.38
2026-07-18T15:41:35.185484,2,0.0,0,0,0,0.0,48.38
2026-07-18T15:41:37.185803,4,0.0,0,0,0,0.5,48.38
2026-07-18T15:41:37.187402,3,0.0,0,0,0,0.0,48.38
2026-07-18T15:41:37.187581,2,0.0,0,0,0,0.0,48.38
2026-07-18T15:41:37.187658,1,0.0,0,0,0,0.0,48.38
2026-07-18T15:41:39.189089,4,0.0,0,0,0,0.0,48.38
2026-07-18T15:41:39.190818,3,0.0,0,0,0,0.0,48.38
2026-07-18T15:41:39.191016,1,0.0,0,0,0,0.0,48.38
2026-07-18T15:41:39.191341,2,0.0,0,0,0,0.0,48.38
2026-07-18T15:41:41.191597,4,0.0,0,0,0,0.0,48.38
2026-07-18T15:41:41.191776,1,0.0,0,0,0,0.0,48.38
2026-07-18T15:41:41.191847,2,0.0,0,0,0,0.0,48.38
2026-07-18T15:41:41.191912,3,0.0,0,0,0,0.0,48.38
2026-07-18T15:41:43.192705,4,0.0,0,0,0,0.5,48.38
2026-07-18T15:41:43.193605,3,0.0,0,0,0,0.0,48.38
2026-07-18T15:41:43.193717,1,0.0,0,0,0,0.0,48.38
2026-07-18T15:41:43.193786,2,0.0,0,0,0,0.0,48.38
2026-07-18T15:41:45.196570,1,0.0,0,0,0,0.0,48.38
2026-07-18T15:41:45.196793,4,0.0,0,0,0,0.0,48.38
2026-07-18T15:41:45.198023,3,0.0,0,0,0,0.0,48.38
2026-07-18T15:41:45.198683,2,0.0,0,0,0,0.0,48.38
2026-07-18T15:41:47.200298,4,0.0,0,0,0,0.5,48.38
2026-07-18T15:41:47.203724,3,0.0,0,0,0,359.5,48.38
2026-07-18T15:41:47.205233,2,0.0,0,0,0,0.0,48.38
2026-07-18T15:41:47.205816,1,0.0,0,0,0,0.0,48.38
2026-07-18T15:41:49.202731,4,0.0,0,0,0,0.0,48.38
2026-07-18T15:41:49.205793,3,0.0,0,0,0,0.0,48.38
2026-07-18T15:41:49.206471,1,0.0,0,0,0,0.0,48.38
2026-07-18T15:41:49.207038,2,0.0,0,0,0,1175.2,48.38
2026-07-18T15:41:51.204929,4,0.0,0,0,0,0.0,48.38
2026-07-18T15:41:51.205527,1,0.0,0,0,0,0.0,48.38
2026-07-18T15:41:51.207239,2,0.0,0,0,0,0.0,48.38
2026-07-18T15:41:51.207403,3,0.0,0,0,0,0.0,48.38
2026-07-18T15:41:53.204790,4,0.0,0,0,0,0.0,48.38
2026-07-18T15:41:53.205970,1,0.0,0,0,0,0.0,48.38
2026-07-18T15:41:53.207541,2,0.0,0,0,0,0.0,48.38
2026-07-18T15:41:53.207711,3,0.0,0,0,0,0.0,48.38
2026-07-18T15:41:55.206843,4,0.0,0,0,0,0.5,48.38
2026-07-18T15:41:55.207722,1,0.0,0,0,0,0.0,48.38
2026-07-18T15:41:55.207833,3,0.0,0,0,0,0.0,48.38
2026-07-18T15:41:55.208357,2,0.0,0,0,0,0.0,48.38
2026-07-18T15:41:57.210963,2,0.0,0,0,0,0.0,48.38
2026-07-18T15:41:57.211262,4,0.0,0,0,0,0.0,48.38
2026-07-18T15:41:57.211361,3,0.0,0,0,0,0.0,48.38
2026-07-18T15:41:57.211430,1,0.0,0,0,0,0.0,48.38
2026-07-18T15:41:59.212437,4,0.0,0,0,0,0.0,48.38
2026-07-18T15:41:59.214630,2,0.0,0,0,0,403.7,48.38
2026-07-18T15:41:59.214801,1,0.0,0,0,0,0.0,48.38
2026-07-18T15:41:59.215688,3,0.0,0,0,0,0.0,48.38
2026-07-18T15:42:01.218771,1,0.0,0,0,0,0.0,48.38
2026-07-18T15:42:01.219575,2,0.0,0,0,0,0.0,48.38
2026-07-18T15:42:01.220568,4,0.0,0,0,0,0.0,48.38
2026-07-18T15:42:01.221485,3,0.0,0,0,0,0.0,48.38
2026-07-18T15:42:03.217649,4,0.0,0,0,0,0.5,48.38
2026-07-18T15:42:03.218169,1,0.0,0,0,0,0.0,48.38
2026-07-18T15:42:03.219581,2,0.0,0,0,0,0.0,48.38
2026-07-18T15:42:03.219713,3,0.0,0,0,0,0.0,48.38
2026-07-18T15:42:05.220605,2,0.0,0,0,0,0.5,48.38
2026-07-18T15:42:05.220807,4,0.0,0,0,0,0.0,48.38
2026-07-18T15:42:05.221482,3,0.0,0,0,0,0.0,48.38
2026-07-18T15:42:05.221915,1,0.0,0,0,0,0.0,48.38
2026-07-18T15:42:07.222551,4,0.0,0,0,0,0.0,48.38
2026-07-18T15:42:07.224491,1,0.0,0,0,0,0.0,48.38
2026-07-18T15:42:07.224731,2,0.0,0,0,0,0.0,48.38
2026-07-18T15:42:07.224844,3,0.0,0,0,0,0.0,48.38
2026-07-18T15:42:09.224523,4,0.0,0,0,0,0.0,48.38
2026-07-18T15:42:09.225940,2,0.0,0,0,0,0.0,48.38
2026-07-18T15:42:09.226239,1,0.0,0,0,0,0.0,48.38
2026-07-18T15:42:09.226522,3,0.0,0,0,0,0.0,48.38
2026-07-18T15:42:11.227583,4,0.0,0,0,0,0.5,48.38
2026-07-18T15:42:11.228419,2,0.0,0,0,0,0.0,48.38
2026-07-18T15:42:11.228551,3,0.0,0,0,0,0.0,48.38
2026-07-18T15:42:11.228622,1,0.0,0,0,0,0.0,48.38
2026-07-18T15:42:13.231636,4,0.0,0,0,0,0.0,48.38
2026-07-18T15:42:13.233674,1,0.0,0,0,0,0.0,48.38
2026-07-18T15:42:13.233941,2,0.0,0,0,0,0.0,48.38
2026-07-18T15:42:13.234347,3,0.0,0,0,0,0.0,48.38
2026-07-18T15:42:15.235842,1,0.0,0,0,0,0.0,48.38
2026-07-18T15:42:15.236082,4,0.0,0,0,0,0.0,48.38
2026-07-18T15:42:15.236545,2,0.0,0,0,0,0.0,48.38
2026-07-18T15:42:15.236629,3,0.0,0,0,0,0.0,48.38
2026-07-18T15:42:17.235747,4,0.0,0,0,0,0.5,48.38
2026-07-18T15:42:17.236518,1,0.0,0,0,0,0.0,48.38
2026-07-18T15:42:17.236886,2,0.0,0,0,0,0.0,48.38
2026-07-18T15:42:17.236964,3,0.0,0,0,0,0.0,48.38
2026-07-18T15:42:19.239523,4,0.0,0,0,0,0.0,48.38
2026-07-18T15:42:19.239768,1,0.0,0,0,0,0.0,48.38
2026-07-18T15:42:19.240133,3,0.0,0,0,0,0.0,48.38
2026-07-18T15:42:19.240312,2,0.0,0,0,0,0.0,48.38
2026-07-18T15:42:21.242089,1,0.0,0,0,0,0.0,48.38
2026-07-18T15:42:21.242749,4,0.0,0,0,0,0.0,48.38
2026-07-18T15:42:21.243062,3,0.0,0,0,0,0.0,48.38
2026-07-18T15:42:21.244127,2,0.0,0,0,0,950.6,48.38
2026-07-18T15:42:23.244557,4,0.0,0,0,0,0.0,48.38
2026-07-18T15:42:23.246842,3,0.0,0,0,0,0.0,48.38
2026-07-18T15:42:23.247470,1,0.0,0,0,0,0.0,48.38
2026-07-18T15:42:23.248470,2,0.0,0,0,0,0.0,48.38
2026-07-18T15:42:25.247336,4,0.0,0,0,0,0.0,48.38
2026-07-18T15:42:25.248708,2,0.0,0,0,0,746.9,48.38
2026-07-18T15:42:25.249458,1,0.0,0,0,0,0.0,48.38
2026-07-18T15:42:25.249649,3,0.0,0,0,0,0.0,48.38
2026-07-18T15:42:27.253051,2,0.0,0,0,0,0.0,48.38
2026-07-18T15:42:27.253637,1,0.0,0,0,0,0.0,48.38
2026-07-18T15:42:27.253875,3,0.0,0,0,0,0.0,48.38
2026-07-18T15:42:27.253956,4,0.0,0,0,0,0.0,48.38
2026-07-18T15:42:29.251842,4,0.0,0,0,0,0.0,48.38
2026-07-18T15:42:29.254465,2,0.0,0,0,0,436.3,48.38
2026-07-18T15:42:29.254807,1,0.0,0,0,0,0.0,48.38
2026-07-18T15:42:29.254927,3,0.0,0,0,0,0.0,48.38
2026-07-18T15:42:31.254850,3,0.0,0,0,0,0.5,48.38
2026-07-18T15:42:31.255256,4,0.0,0,0,0,0.0,48.38
2026-07-18T15:42:31.255734,2,0.0,0,0,0,0.0,48.38
2026-07-18T15:42:31.255935,1,0.0,0,0,0,0.0,48.38
2026-07-18T15:42:33.255905,4,0.0,0,0,0,0.0,48.38
2026-07-18T15:42:33.257480,2,0.0,0,0,0,631.9,48.38
2026-07-18T15:42:33.257623,3,0.0,0,0,0,0.0,48.38
2026-07-18T15:42:33.257695,1,0.0,0,0,0,0.0,48.38
2026-07-18T15:42:35.257869,4,0.0,0,0,0,0.0,48.38
2026-07-18T15:42:35.258942,1,0.0,0,0,0,0.0,48.38
2026-07-18T15:42:35.259424,2,0.0,0,0,0,0.0,48.38
2026-07-18T15:42:35.259540,3,0.0,0,0,0,0.0,48.38
2026-07-18T15:42:37.261764,2,0.0,0,0,0,0.0,48.38
2026-07-18T15:42:37.261947,4,0.0,0,0,0,0.0,48.38
2026-07-18T15:42:37.262913,3,0.0,0,0,0,0.0,48.38
2026-07-18T15:42:37.263061,1,0.0,0,0,0,0.0,48.38
2026-07-18T15:42:39.264294,4,0.0,0,0,0,0.0,48.38
2026-07-18T15:42:39.265706,2,0.0,0,0,0,630.4,48.38
2026-07-18T15:42:39.265908,1,0.0,0,0,0,0.0,48.38
2026-07-18T15:42:39.265981,3,0.0,0,0,0,0.0,48.38
2026-07-18T15:42:41.266125,4,0.0,0,0,0,0.0,48.38
2026-07-18T15:42:41.267066,1,0.0,0,0,0,0.0,48.38
2026-07-18T15:42:41.267191,3,0.0,0,0,0,0.0,48.38
2026-07-18T15:42:41.267277,2,0.0,0,0,0,0.0,48.38
2026-07-18T15:42:43.268950,4,0.0,0,0,0,0.0,48.38
2026-07-18T15:42:43.270062,1,0.0,0,0,0,0.0,48.38
2026-07-18T15:42:43.270253,2,0.0,0,0,0,0.0,48.38
2026-07-18T15:42:43.270675,3,0.0,0,0,0,0.0,48.38
2026-07-18T15:42:45.271952,4,0.0,0,0,0,0.0,48.38
2026-07-18T15:42:45.274282,3,0.0,0,0,0,0.0,48.38
2026-07-18T15:42:45.274544,1,0.0,0,0,0,0.0,48.38
2026-07-18T15:42:45.274642,2,0.0,0,0,0,0.0,48.38
2026-07-18T15:42:47.276712,3,0.0,0,0,0,0.5,48.38
2026-07-18T15:42:47.276916,4,0.0,0,0,0,0.0,48.38
2026-07-18T15:42:47.277184,1,0.0,0,0,0,0.0,48.38
2026-07-18T15:42:47.277328,2,0.0,0,0,0,0.0,48.38
2026-07-18T15:42:49.278738,3,0.0,0,0,0,0.5,48.38
2026-07-18T15:42:49.278896,4,0.0,0,0,0,0.0,48.38
2026-07-18T15:42:49.279169,1,0.0,0,0,0,0.0,48.38
2026-07-18T15:42:49.279252,2,0.0,0,0,0,0.0,48.38
2026-07-18T15:42:51.281169,1,0.0,0,0,0,0.0,48.38
2026-07-18T15:42:51.281608,4,0.0,0,0,0,0.0,48.38
2026-07-18T15:42:51.282677,3,0.0,0,0,0,0.0,48.38
2026-07-18T15:42:51.282811,2,0.0,0,0,0,0.0,48.38
2026-07-18T15:42:53.284848,4,0.0,0,0,0,0.0,48.38
2026-07-18T15:42:53.285474,3,0.0,0,0,0,0.0,48.38
2026-07-18T15:42:53.285710,1,0.0,0,0,0,0.0,48.38
2026-07-18T15:42:53.285861,2,0.0,0,0,0,0.0,48.38
2026-07-18T15:42:55.284005,4,0.0,0,0,0,0.0,48.38
2026-07-18T15:42:55.284952,2,0.0,0,0,0,0.0,48.38
2026-07-18T15:42:55.285105,3,0.0,0,0,0,0.0,48.38
2026-07-18T15:42:55.285181,1,0.0,0,0,0,0.0,48.38
2026-07-18T15:42:57.288109,4,0.0,0,0,0,0.5,48.38
2026-07-18T15:42:57.291702,2,0.0,0,0,0,0.0,48.38
2026-07-18T15:42:57.291985,3,0.0,0,0,0,0.0,48.38
2026-07-18T15:42:57.292074,1,0.0,0,0,0,0.0,48.38
2026-07-18T15:42:59.290125,4,0.0,0,0,0,0.0,48.38
2026-07-18T15:42:59.292496,3,0.0,0,0,0,0.0,48.38
2026-07-18T15:42:59.295148,2,0.0,0,0,0,0.0,48.38
2026-07-18T15:42:59.296019,1,0.0,0,0,0,0.0,48.38
2026-07-18T15:43:01.293997,3,0.0,0,0,0,0.5,48.38
2026-07-18T15:43:01.294131,4,0.0,0,0,0,0.0,48.38
2026-07-18T15:43:01.294447,1,0.0,0,0,0,0.0,48.38
2026-07-18T15:43:01.294887,2,0.0,0,0,0,0.0,48.38
2026-07-18T15:43:03.295830,4,0.0,0,0,0,0.0,48.38
2026-07-18T15:43:03.297103,2,0.0,0,0,0,0.0,48.38
2026-07-18T15:43:03.297246,3,0.0,0,0,0,0.0,48.38
2026-07-18T15:43:03.297365,1,0.0,0,0,0,0.0,48.38
2026-07-18T15:43:05.298636,1,0.0,0,0,0,0.0,48.38
2026-07-18T15:43:05.298928,4,0.0,0,0,0,0.0,48.38
2026-07-18T15:43:05.300018,3,0.0,0,0,0,0.0,48.38
2026-07-18T15:43:05.300170,2,0.0,0,0,0,0.0,48.38
2026-07-18T15:43:07.299734,4,0.0,0,0,0,0.5,48.38
2026-07-18T15:43:07.301608,1,0.0,0,0,0,0.0,48.38
2026-07-18T15:43:07.301791,3,0.0,0,0,0,0.0,48.38
2026-07-18T15:43:07.301868,2,0.0,0,0,0,0.0,48.38
2026-07-18T15:43:09.303892,4,0.0,0,0,0,0.0,48.38
2026-07-18T15:43:09.326798,2,0.0,0,0,0,69.3,48.38
2026-07-18T15:43:09.327137,3,0.0,0,0,0,0.0,48.38
2026-07-18T15:43:09.328832,1,0.0,0,0,0,0.0,48.38
2026-07-18T15:43:11.315928,2,0.0,0,0,0,0.5,48.38
2026-07-18T15:43:11.316382,3,0.0,0,0,0,0.0,48.38
2026-07-18T15:43:11.316540,4,0.0,0,0,0,0.0,48.38
2026-07-18T15:43:11.316616,1,0.0,0,0,0,0.0,48.38
2026-07-18T15:43:13.311224,2,0.0,0,0,0,0.0,48.38
2026-07-18T15:43:13.311453,3,0.0,0,0,0,0.0,48.38
2026-07-18T15:43:13.311577,4,0.0,0,0,0,0.0,48.38
2026-07-18T15:43:13.311684,1,0.0,0,0,0,0.0,48.38
2026-07-18T15:43:15.312829,4,0.0,0,0,0,0.0,48.38
2026-07-18T15:43:15.313014,1,0.0,0,0,0,0.0,48.38
2026-07-18T15:43:15.314179,2,0.0,0,0,0,0.0,48.38
2026-07-18T15:43:15.314436,3,0.0,0,0,0,0.0,48.38
2026-07-18T15:43:17.315852,4,0.0,0,0,0,0.0,48.38
2026-07-18T15:43:17.316983,2,0.0,0,0,0,0.0,48.38
2026-07-18T15:43:17.317113,1,0.0,0,0,0,0.0,48.38
2026-07-18T15:43:17.317444,3,0.0,0,0,0,0.0,48.38
2026-07-18T15:43:19.318546,1,0.0,0,0,0,0.5,48.38
2026-07-18T15:43:19.318821,4,0.0,0,0,0,0.0,48.38
2026-07-18T15:43:19.318954,3,0.0,0,0,0,0.0,48.38
2026-07-18T15:43:19.319919,2,0.0,0,0,0,0.0,48.38
2026-07-18T15:43:21.323019,4,0.0,0,0,0,0.5,48.38
2026-07-18T15:43:21.325070,3,0.0,0,0,0,0.0,48.38
2026-07-18T15:43:21.325590,2,0.0,0,0,0,0.0,48.38
2026-07-18T15:43:21.325683,1,0.0,0,0,0,0.0,48.38
2026-07-18T15:43:23.323572,4,0.0,0,0,0,0.0,48.38
2026-07-18T15:43:23.325578,2,0.0,0,0,0,0.0,48.38
2026-07-18T15:43:23.325710,3,0.0,0,0,0,0.0,48.38
2026-07-18T15:43:23.325783,1,0.0,0,0,0,0.0,48.38
2026-07-18T15:43:25.334264,2,0.0,0,0,0,0.5,48.38
2026-07-18T15:43:25.334666,4,0.0,0,0,0,0.0,48.38
2026-07-18T15:43:25.334800,3,0.0,0,0,0,0.0,48.38
2026-07-18T15:43:25.336604,1,0.0,0,0,0,0.0,48.38
2026-07-18T15:43:27.330954,4,0.0,0,0,0,0.0,48.38
2026-07-18T15:43:27.333439,2,0.0,0,0,0,403.8,48.38
2026-07-18T15:43:27.333686,1,0.0,0,0,0,0.0,48.38
2026-07-18T15:43:27.333803,3,0.0,0,0,0,0.0,48.38
2026-07-18T15:43:29.335281,4,0.0,0,0,0,0.0,48.38
2026-07-18T15:43:29.335524,3,0.0,0,0,0,0.0,48.38
2026-07-18T15:43:29.336222,1,0.0,0,0,0,0.0,48.38
2026-07-18T15:43:29.337031,2,0.0,0,0,0,0.0,48.38
2026-07-18T15:43:31.339766,2,0.0,0,0,0,0.0,48.38
2026-07-18T15:43:31.339874,4,0.0,0,0,0,0.0,48.38
2026-07-18T15:43:31.340811,3,0.0,0,0,0,0.0,48.38
2026-07-18T15:43:31.341135,1,0.0,0,0,0,0.0,48.38
2026-07-18T15:43:33.342820,4,0.0,0,0,0,0.5,48.38
2026-07-18T15:43:33.344731,3,0.0,0,0,0,0.0,48.38
2026-07-18T15:43:33.345285,1,0.0,0,0,0,0.0,48.38
2026-07-18T15:43:33.346372,2,0.0,0,0,0,0.0,48.38
2026-07-18T15:43:35.344669,4,0.0,0,0,0,0.0,48.38
2026-07-18T15:43:35.344921,1,0.0,0,0,0,0.0,48.38
2026-07-18T15:43:35.346013,2,0.0,0,0,0,0.0,48.38
2026-07-18T15:43:35.346343,3,0.0,0,0,0,1172.9,48.38
2026-07-18T15:43:37.347800,4,0.0,0,0,0,0.0,48.38
2026-07-18T15:43:37.349166,2,0.0,0,0,0,0.0,48.38
2026-07-18T15:43:37.349669,1,0.0,0,0,0,0.0,48.38
2026-07-18T15:43:37.349835,3,0.0,0,0,0,0.0,48.38
2026-07-18T15:43:39.349047,4,0.0,0,0,0,0.0,48.38
2026-07-18T15:43:39.351606,1,0.0,0,0,0,0.0,48.38
2026-07-18T15:43:39.351794,2,0.0,0,0,0,0.0,48.38
2026-07-18T15:43:39.351903,3,0.0,0,0,0,0.0,48.38
2026-07-18T15:43:41.352306,4,0.0,0,0,0,0.5,48.38
2026-07-18T15:43:41.356566,2,0.0,0,0,0,0.0,48.38
2026-07-18T15:43:41.356877,3,0.0,0,0,0,0.0,48.38
2026-07-18T15:43:41.357702,1,0.0,0,0,0,0.0,48.38
2026-07-18T15:43:43.355699,4,0.0,0,0,0,0.5,48.38
2026-07-18T15:43:43.358414,3,0.0,0,0,0,0.0,48.38
2026-07-18T15:43:43.358829,1,0.0,0,0,0,0.0,48.38
2026-07-18T15:43:43.359493,2,0.0,0,0,0,0.0,48.38
2026-07-18T15:43:45.355812,4,0.0,0,0,0,0.0,48.38
2026-07-18T15:43:45.359204,1,0.0,0,0,0,0.0,48.38
2026-07-18T15:43:45.359925,3,0.0,0,0,0,0.0,48.38
2026-07-18T15:43:45.361666,2,0.0,0,0,0,0.0,48.38
2026-07-18T15:43:47.359283,4,0.0,0,0,0,0.5,48.38
2026-07-18T15:43:47.360007,3,0.0,0,0,0,0.0,48.38
2026-07-18T15:43:47.360113,2,0.0,0,0,0,0.0,48.38
2026-07-18T15:43:47.360182,1,0.0,0,0,0,0.0,48.38
2026-07-18T15:43:49.361793,3,0.0,0,0,0,0.0,48.38
2026-07-18T15:43:49.361915,2,0.0,0,0,0,0.0,48.38
2026-07-18T15:43:49.361985,4,0.0,0,0,0,0.0,48.38
2026-07-18T15:43:49.362285,1,0.0,0,0,0,0.0,48.38
2026-07-18T15:43:51.364231,4,0.0,0,0,0,0.0,48.38
2026-07-18T15:43:51.366887,3,0.0,0,0,0,0.0,48.38
2026-07-18T15:43:51.367205,2,0.0,0,0,0,0.0,48.38
2026-07-18T15:43:51.367460,1,0.0,0,0,0,0.0,48.38
2026-07-18T15:43:53.365543,3,0.0,0,0,0,0.5,48.38
2026-07-18T15:43:53.365694,1,0.0,0,0,0,0.0,48.38
2026-07-18T15:43:53.365771,2,0.0,0,0,0,0.0,48.38
2026-07-18T15:43:53.365872,4,0.0,0,0,0,0.0,48.38
2026-07-18T15:43:55.370073,3,0.0,0,0,0,0.5,48.38
2026-07-18T15:43:55.372473,2,0.0,0,0,0,0.0,48.38
2026-07-18T15:43:55.372813,4,0.0,0,0,0,0.0,48.38
2026-07-18T15:43:55.373125,1,0.0,0,0,0,0.0,48.38
2026-07-18T15:43:57.374555,2,0.0,0,0,0,0.0,48.38
2026-07-18T15:43:57.374722,3,0.0,0,0,0,0.0,48.38
2026-07-18T15:43:57.374797,1,0.0,0,0,0,0.0,48.38
2026-07-18T15:43:57.374862,4,0.0,0,0,0,0.0,48.38
2026-07-18T15:43:59.373308,4,0.0,0,0,0,0.0,48.38
2026-07-18T15:43:59.374060,2,0.0,0,0,0,0.0,48.38
2026-07-18T15:43:59.374171,3,0.0,0,0,0,0.0,48.38
2026-07-18T15:43:59.374659,1,0.0,0,0,0,0.0,48.38
2026-07-18T15:44:01.376547,4,0.0,0,0,0,0.0,48.38
2026-07-18T15:44:01.376675,2,0.0,0,0,0,0.0,48.38
2026-07-18T15:44:01.376844,3,0.0,0,0,0,0.0,48.38
2026-07-18T15:44:01.377450,1,0.0,0,0,0,0.0,48.38
2026-07-18T15:44:03.377864,1,0.0,0,0,0,0.0,48.38
2026-07-18T15:44:03.378005,4,0.0,0,0,0,0.0,48.38
2026-07-18T15:44:03.379463,2,0.0,0,0,0,0.0,48.38
2026-07-18T15:44:03.379577,3,0.0,0,0,0,0.0,48.38
2026-07-18T15:44:05.381086,4,0.0,0,0,0,0.5,48.38
2026-07-18T15:44:05.382660,2,0.0,0,0,0,0.0,48.38
2026-07-18T15:44:05.382879,3,0.0,0,0,0,0.0,48.38
2026-07-18T15:44:05.382959,1,0.0,0,0,0,0.0,48.38
2026-07-18T15:44:07.382933,4,0.0,0,0,0,0.0,48.38
2026-07-18T15:44:07.384306,2,0.0,0,0,0,0.0,48.38
2026-07-18T15:44:07.385439,3,0.0,0,0,0,0.0,48.38
2026-07-18T15:44:07.385778,1,0.0,0,0,0,0.0,48.38
2026-07-18T15:44:09.386430,4,0.0,0,0,0,0.5,48.38
2026-07-18T15:44:09.386675,3,0.0,0,0,0,0.0,48.38
2026-07-18T15:44:09.386779,1,0.0,0,0,0,0.0,48.38
2026-07-18T15:44:09.387130,2,0.0,0,0,0,0.0,48.38
2026-07-18T15:44:11.388757,4,0.0,0,0,0,0.5,48.38
2026-07-18T15:44:11.388968,1,0.0,0,0,0,0.0,48.38
2026-07-18T15:44:11.390094,2,0.0,0,0,0,0.0,48.38
2026-07-18T15:44:11.390732,3,0.0,0,0,0,0.0,48.38
2026-07-18T15:44:13.391085,4,0.0,0,0,0,0.0,48.38
2026-07-18T15:44:13.393086,1,0.0,0,0,0,509.1,48.38
2026-07-18T15:44:13.393234,2,0.0,0,0,0,0.0,48.38
2026-07-18T15:44:13.393665,3,0.0,0,0,0,0.0,48.38
2026-07-18T15:44:15.396150,2,0.0,0,0,0,0.0,48.38
2026-07-18T15:44:15.396558,1,0.0,0,0,0,0.0,48.38
2026-07-18T15:44:15.396654,4,0.0,0,0,0,0.0,48.38
2026-07-18T15:44:15.396754,3,0.0,0,0,0,0.0,48.38
2026-07-18T15:44:17.396294,4,0.0,0,0,0,0.0,48.38
2026-07-18T15:44:17.396488,1,0.0,0,0,0,0.0,48.38
2026-07-18T15:44:17.397674,2,0.0,0,0,0,0.0,48.38
2026-07-18T15:44:17.397870,3,0.0,0,0,0,0.0,48.38
2026-07-18T15:44:19.399109,3,0.0,0,0,0,0.5,48.38
2026-07-18T15:44:19.399243,4,0.0,0,0,0,0.0,48.38
2026-07-18T15:44:19.399822,2,0.0,0,0,0,0.0,48.38
2026-07-18T15:44:19.400145,1,0.0,0,0,0,0.0,48.38
2026-07-18T15:44:21.401399,4,0.0,0,0,0,0.0,48.38
2026-07-18T15:44:21.404105,3,0.0,0,0,0,0.0,48.38
2026-07-18T15:44:21.404502,1,0.0,0,0,0,0.0,48.38
2026-07-18T15:44:21.404596,2,0.0,0,0,0,0.0,48.38
2026-07-18T15:44:23.403915,4,0.0,0,0,0,0.0,48.38
2026-07-18T15:44:23.404817,1,0.0,0,0,0,0.0,48.38
2026-07-18T15:44:23.405785,2,0.0,0,0,0,0.0,48.38
2026-07-18T15:44:23.405920,3,0.0,0,0,0,0.0,48.38
2026-07-18T15:44:25.405960,4,0.0,0,0,0,0.5,48.38
2026-07-18T15:44:25.407069,2,0.0,0,0,0,0.0,48.38
2026-07-18T15:44:25.407516,3,0.0,0,0,0,0.0,48.38
2026-07-18T15:44:25.407693,1,0.0,0,0,0,0.0,48.38
2026-07-18T15:44:27.408251,4,0.0,0,0,0,0.0,48.38
2026-07-18T15:44:27.410943,3,0.0,0,0,0,0.0,48.38
2026-07-18T15:44:27.411486,2,0.0,0,0,0,0.0,48.38
2026-07-18T15:44:27.411649,1,0.0,0,0,0,0.0,48.38
2026-07-18T15:44:29.410591,4,0.0,0,0,0,0.0,48.38
2026-07-18T15:44:29.412080,1,0.0,0,0,0,0.0,48.38
2026-07-18T15:44:29.412365,2,0.0,0,0,0,0.0,48.38
2026-07-18T15:44:29.412554,3,0.0,0,0,0,0.0,48.38
2026-07-18T15:44:31.413420,4,0.0,0,0,0,0.0,48.38
2026-07-18T15:44:31.415190,2,0.0,0,0,0,460.4,48.38
2026-07-18T15:44:31.415417,3,0.0,0,0,0,0.0,48.38
2026-07-18T15:44:31.416053,1,0.0,0,0,0,0.0,48.38
2026-07-18T15:44:33.416817,4,0.0,0,0,0,0.0,48.38
2026-07-18T15:44:33.419617,3,0.0,0,0,0,0.0,48.38
2026-07-18T15:44:33.419980,2,0.0,0,0,0,0.0,48.38
2026-07-18T15:44:33.420709,1,0.0,0,0,0,3801.5,48.38
2026-07-18T15:44:35.417943,4,0.0,0,0,0,0.0,48.38
2026-07-18T15:44:35.420606,2,0.0,0,0,0,0.0,48.38
2026-07-18T15:44:35.420863,3,0.0,0,0,0,2852.4,48.38
2026-07-18T15:44:35.421000,1,0.0,0,0,0,0.0,48.38
2026-07-18T15:44:37.420485,4,0.0,0,0,0,0.0,48.38
2026-07-18T15:44:37.421251,3,0.0,0,0,0,0.0,48.38
2026-07-18T15:44:37.421739,1,0.0,0,0,0,0.0,48.38
2026-07-18T15:44:37.421958,2,0.0,0,0,0,0.0,48.38
2026-07-18T15:44:39.422043,4,0.0,0,0,0,0.0,48.38
2026-07-18T15:44:39.424583,2,0.0,0,0,0,0.0,48.38
2026-07-18T15:44:39.424816,1,0.0,0,0,0,0.0,48.38
2026-07-18T15:44:39.424908,3,0.0,0,0,0,0.0,48.38
2026-07-18T15:44:41.425255,1,0.0,0,0,0,0.0,48.38
2026-07-18T15:44:41.425853,4,0.0,0,0,0,0.0,48.38
2026-07-18T15:44:41.426950,2,0.0,0,0,0,675.2,48.38
2026-07-18T15:44:41.427064,3,0.0,0,0,0,0.0,48.38
2026-07-18T15:44:43.427738,4,0.0,0,0,0,0.0,48.38
2026-07-18T15:44:43.430512,2,0.0,0,0,0,0.0,48.38
2026-07-18T15:44:43.430807,3,0.0,0,0,0,0.0,48.38
2026-07-18T15:44:43.430899,1,0.0,0,0,0,0.0,48.38
2026-07-18T15:44:45.431114,4,0.0,0,0,0,0.0,48.38
2026-07-18T15:44:45.431245,1,0.0,0,0,0,0.0,48.38
2026-07-18T15:44:45.432151,3,0.0,0,0,0,0.0,48.38
2026-07-18T15:44:45.432515,2,0.0,0,0,0,0.0,48.38
2026-07-18T15:44:47.431509,4,0.0,0,0,0,0.0,48.38
2026-07-18T15:44:47.432647,3,0.0,0,0,0,727.5,48.38
2026-07-18T15:44:47.432755,1,0.0,0,0,0,0.0,48.38
2026-07-18T15:44:47.434354,2,0.0,0,0,0,0.0,48.38
2026-07-18T15:44:49.434707,3,0.0,0,0,0,0.0,48.38
2026-07-18T15:44:49.434821,4,0.0,0,0,0,0.0,48.38
2026-07-18T15:44:49.434891,1,0.0,0,0,0,0.0,48.38
2026-07-18T15:44:49.435672,2,0.0,0,0,0,0.0,48.38
2026-07-18T15:44:51.437442,4,0.0,0,0,0,0.0,48.38
2026-07-18T15:44:51.437585,1,0.0,0,0,0,0.0,48.38
2026-07-18T15:44:51.438403,3,0.0,0,0,0,0.0,48.38
2026-07-18T15:44:51.438555,2,0.0,0,0,0,0.0,48.38
2026-07-18T15:44:53.440096,3,0.0,0,0,0,0.0,48.38
2026-07-18T15:44:53.442881,4,0.0,0,0,0,0.0,48.38
2026-07-18T15:44:53.443020,1,0.0,0,0,0,0.0,48.38
2026-07-18T15:44:53.443853,2,0.0,0,0,0,0.0,48.38
2026-07-18T15:44:55.442027,4,0.0,0,0,0,1.0,48.38
2026-07-18T15:44:55.443946,2,0.0,0,0,0,0.0,48.38
2026-07-18T15:44:55.444456,1,0.0,0,0,0,0.0,48.38
2026-07-18T15:44:55.444735,3,0.0,0,0,0,0.0,48.38
2026-07-18T15:44:57.445234,3,0.0,0,0,0,0.0,48.38
2026-07-18T15:44:57.445775,1,0.0,0,0,0,0.0,48.38
2026-07-18T15:44:57.445888,4,0.0,0,0,0,0.0,48.38
2026-07-18T15:44:57.446313,2,0.0,0,0,0,0.0,48.38
2026-07-18T15:44:59.446722,4,0.0,0,0,0,0.0,48.38
2026-07-18T15:44:59.447992,1,0.0,0,0,0,0.0,48.38
2026-07-18T15:44:59.449896,2,0.0,0,0,0,0.0,48.38
2026-07-18T15:44:59.450455,3,0.0,0,0,0,0.0,48.38
2026-07-18T15:45:01.449689,1,0.0,0,0,0,0.0,48.38
2026-07-18T15:45:01.450393,4,0.0,0,0,0,1071.5,48.38
2026-07-18T15:45:01.451909,2,0.0,0,0,0,0.0,48.38
2026-07-18T15:45:01.452510,3,0.0,0,0,0,0.0,48.38
2026-07-18T15:45:03.452479,1,0.0,0,0,0,0.0,48.38
2026-07-18T15:45:03.452714,4,0.0,0,0,0,0.0,48.38
2026-07-18T15:45:03.453806,3,0.0,0,0,0,0.0,48.38
2026-07-18T15:45:03.453928,2,0.0,0,0,0,0.0,48.38
2026-07-18T15:45:05.455287,4,0.0,0,0,0,0.0,48.38
2026-07-18T15:45:05.455469,1,0.0,0,0,0,0.0,48.38
2026-07-18T15:45:05.456717,3,0.0,0,0,0,0.0,48.38
2026-07-18T15:45:05.457012,2,0.0,0,0,0,0.0,48.38
2026-07-18T15:45:07.457284,4,0.0,0,0,0,0.5,48.38
2026-07-18T15:45:07.458050,1,0.0,0,0,0,0.0,48.38
2026-07-18T15:45:07.458874,2,0.0,0,0,0,996.8,48.38
2026-07-18T15:45:07.459361,3,0.0,0,0,0,0.0,48.38
2026-07-18T15:45:09.460326,4,0.0,0,0,0,0.0,48.38
2026-07-18T15:45:09.461385,3,0.0,0,0,0,0.0,48.38
2026-07-18T15:45:09.462007,1,0.0,0,0,0,0.0,48.38
2026-07-18T15:45:09.462131,2,0.0,0,0,0,0.0,48.38
2026-07-18T15:45:11.463842,4,0.0,0,0,0,0.0,48.38
2026-07-18T15:45:11.465766,1,0.0,0,0,0,0.0,48.38
2026-07-18T15:45:11.466033,2,0.0,0,0,0,0.0,48.38
2026-07-18T15:45:11.466186,3,0.0,0,0,0,0.0,48.38
2026-07-18T15:45:13.466894,4,0.0,0,0,0,0.5,48.38
2026-07-18T15:45:13.467016,1,0.0,0,0,0,0.0,48.38
2026-07-18T15:45:13.468683,3,0.0,0,0,0,0.0,48.38
2026-07-18T15:45:13.468862,2,0.0,0,0,0,0.0,48.38
2026-07-18T15:45:15.467894,1,0.0,0,0,0,0.5,48.38
2026-07-18T15:45:15.468009,3,0.0,0,0,0,0.0,48.38
2026-07-18T15:45:15.468078,4,0.0,0,0,0,0.0,48.38
2026-07-18T15:45:15.468329,2,0.0,0,0,0,0.0,48.38
2026-07-18T15:45:17.470332,4,0.0,0,0,0,0.0,48.38
2026-07-18T15:45:17.471425,2,0.0,0,0,0,0.0,48.38
2026-07-18T15:45:17.472421,1,0.0,0,0,0,0.0,48.38
2026-07-18T15:45:17.472560,3,0.0,0,0,0,0.0,48.38
2026-07-18T15:45:19.473914,3,0.0,0,0,0,0.0,48.38
2026-07-18T15:45:19.474023,4,0.0,0,0,0,0.0,48.38
2026-07-18T15:45:19.474093,1,0.0,0,0,0,0.0,48.38
2026-07-18T15:45:19.474752,2,0.0,0,0,0,1665.4,48.38
2026-07-18T15:45:21.475989,1,0.0,0,0,0,0.0,48.38
2026-07-18T15:45:21.476147,4,0.0,0,0,0,0.0,48.38
2026-07-18T15:45:21.476549,3,0.0,0,0,0,0.0,48.38
2026-07-18T15:45:21.476708,2,0.0,0,0,0,0.0,48.38
2026-07-18T15:45:23.478630,4,0.0,0,0,0,0.0,48.38
2026-07-18T15:45:23.479772,1,0.0,0,0,0,0.0,48.38
2026-07-18T15:45:23.479981,3,0.0,0,0,0,0.0,48.38
2026-07-18T15:45:23.480110,2,0.0,0,0,0,0.0,48.38
2026-07-18T15:45:25.482548,2,0.0,0,0,0,0.5,48.38
2026-07-18T15:45:25.482714,4,0.0,0,0,0,0.0,48.38
2026-07-18T15:45:25.482785,3,0.0,0,0,0,0.0,48.38
2026-07-18T15:45:25.483346,1,0.0,0,0,0,0.0,48.38
2026-07-18T15:45:27.486020,4,0.0,0,0,0,0.0,48.38
2026-07-18T15:45:27.486617,2,0.0,0,0,0,0.0,48.38
2026-07-18T15:45:27.486714,3,0.0,0,0,0,0.0,48.38
2026-07-18T15:45:27.486785,1,0.0,0,0,0,0.0,48.38
2026-07-18T15:45:29.485250,4,0.0,0,0,0,0.0,48.38
2026-07-18T15:45:29.486265,2,0.0,0,0,0,0.0,48.38
2026-07-18T15:45:29.486431,1,0.0,0,0,0,0.0,48.38
2026-07-18T15:45:29.486507,3,0.0,0,0,0,0.0,48.38
2026-07-18T15:45:31.488307,4,0.0,0,0,0,0.5,48.38
2026-07-18T15:45:31.493421,3,0.0,0,0,0,0.0,48.38
2026-07-18T15:45:31.493706,2,0.0,0,0,0,0.0,48.38
2026-07-18T15:45:31.493842,1,0.0,0,0,0,0.0,48.38
2026-07-18T15:45:33.489770,4,0.0,0,0,0,0.0,48.38
2026-07-18T15:45:33.491788,2,0.0,0,0,0,0.0,48.38
2026-07-18T15:45:33.491930,1,0.0,0,0,0,0.0,48.38
2026-07-18T15:45:33.492008,3,0.0,0,0,0,0.0,48.38
2026-07-18T15:45:35.492882,1,0.0,0,0,0,0.0,48.38
2026-07-18T15:45:35.492993,2,0.0,0,0,0,0.0,48.38
2026-07-18T15:45:35.493072,3,0.0,0,0,0,0.0,48.38
2026-07-18T15:45:35.493175,4,0.0,0,0,0,0.0,48.38
2026-07-18T15:45:37.496048,4,0.0,0,0,0,0.5,48.38
2026-07-18T15:45:37.498922,3,0.0,0,0,0,0.0,48.38
2026-07-18T15:45:37.499088,2,0.0,0,0,0,0.0,48.38
2026-07-18T15:45:37.499165,1,0.0,0,0,0,0.0,48.38
2026-07-18T15:45:39.498290,1,0.0,0,0,0,0.0,48.38
2026-07-18T15:45:39.498459,4,0.0,0,0,0,0.0,48.38
2026-07-18T15:45:39.498881,2,0.0,0,0,0,0.0,48.38
2026-07-18T15:45:39.499275,3,0.0,0,0,0,0.0,48.38
2026-07-18T15:45:41.501057,4,0.0,0,0,0,0.0,48.38
2026-07-18T15:45:41.502146,3,0.0,0,0,0,0.0,48.38
2026-07-18T15:45:41.502808,1,0.0,0,0,0,0.0,48.38
2026-07-18T15:45:41.503449,2,0.0,0,0,0,0.0,48.38
2026-07-18T15:45:43.503903,4,0.0,0,0,0,0.5,48.38
2026-07-18T15:45:43.509936,1,0.0,0,0,0,0.0,48.38
2026-07-18T15:45:43.510627,2,0.0,0,0,0,0.0,48.38
2026-07-18T15:45:43.510736,3,0.0,0,0,0,0.0,48.38
2026-07-18T15:45:45.507772,4,0.0,0,0,0,0.0,48.38
2026-07-18T15:45:45.507923,1,0.0,0,0,0,0.0,48.38
2026-07-18T15:45:45.509077,3,0.0,0,0,0,0.0,48.38
2026-07-18T15:45:45.509538,2,0.0,0,0,0,2995.2,48.38
2026-07-18T15:45:47.509474,4,0.0,0,0,0,0.0,48.38
2026-07-18T15:45:47.510020,1,0.0,0,0,0,0.0,48.38
2026-07-18T15:45:47.510647,2,0.0,0,0,0,0.0,48.38
2026-07-18T15:45:47.510732,3,0.0,0,0,0,0.0,48.38
2026-07-18T15:45:49.513640,4,0.0,0,0,0,0.0,48.38
2026-07-18T15:45:49.514801,2,0.0,0,0,0,0.0,48.38
2026-07-18T15:45:49.515022,1,0.0,0,0,0,0.0,48.38
2026-07-18T15:45:49.515140,3,0.0,0,0,0,0.0,48.38
2026-07-18T15:45:51.517794,1,0.0,0,0,0,0.0,48.38
2026-07-18T15:45:51.518382,4,0.0,0,0,0,0.0,48.38
2026-07-18T15:45:51.518740,2,0.0,0,0,0,1417.3,48.38
2026-07-18T15:45:51.518961,3,0.0,0,0,0,0.0,48.38
2026-07-18T15:45:53.518696,4,0.0,0,0,0,0.0,48.38
2026-07-18T15:45:53.521409,3,0.0,0,0,0,0.0,48.38
2026-07-18T15:45:53.521776,2,0.0,0,0,0,0.0,48.38
2026-07-18T15:45:53.522036,1,0.0,0,0,0,0.0,48.38
2026-07-18T15:45:55.523765,4,0.0,0,0,0,0.5,48.38
2026-07-18T15:45:55.525618,1,0.0,0,0,0,0.0,48.38
2026-07-18T15:45:55.525780,2,0.0,0,0,0,3794.7,48.38
2026-07-18T15:45:55.525855,3,0.0,0,0,0,0.0,48.38
2026-07-18T15:45:57.523238,4,0.0,0,0,0,0.0,48.38
2026-07-18T15:45:57.524915,1,0.0,0,0,0,0.0,48.38
2026-07-18T15:45:57.525087,3,0.0,0,0,0,0.0,48.38
2026-07-18T15:45:57.525177,2,0.0,0,0,0,0.0,48.38
2026-07-18T15:45:59.525749,4,0.0,0,0,0,0.0,48.38
2026-07-18T15:45:59.527510,2,0.0,0,0,0,0.0,48.38
2026-07-18T15:45:59.527648,3,0.0,0,0,0,0.0,48.38
2026-07-18T15:45:59.527717,1,0.0,0,0,0,0.0,48.38
2026-07-18T15:46:01.527708,4,0.0,0,0,0,0.0,48.38
2026-07-18T15:46:01.529372,1,0.0,0,0,0,0.0,48.38
2026-07-18T15:46:01.529635,3,0.0,0,0,0,0.0,48.38
2026-07-18T15:46:01.529759,2,0.0,0,0,0,0.0,48.38
2026-07-18T15:46:03.530902,4,0.0,0,0,0,0.5,48.38
2026-07-18T15:46:03.531392,1,0.0,0,0,0,0.0,48.38
2026-07-18T15:46:03.532571,3,0.0,0,0,0,0.0,48.38
2026-07-18T15:46:03.532775,2,0.0,0,0,0,0.0,48.38
2026-07-18T15:46:05.532571,4,0.0,0,0,0,0.0,48.38
2026-07-18T15:46:05.535521,2,0.0,0,0,0,0.0,48.38
2026-07-18T15:46:05.535777,1,0.0,0,0,0,0.0,48.38
2026-07-18T15:46:05.535864,3,0.0,0,0,0,0.0,48.38
2026-07-18T15:46:07.538515,1,0.0,0,0,0,0.5,48.38
2026-07-18T15:46:07.538734,4,0.0,0,0,0,0.0,48.38
2026-07-18T15:46:07.538848,3,0.0,0,0,0,0.0,48.38
2026-07-18T15:46:07.538920,2,0.0,0,0,0,0.0,48.38
2026-07-18T15:46:09.538751,4,0.0,0,0,0,0.0,48.38
2026-07-18T15:46:09.541061,2,0.0,0,0,0,0.0,48.38
2026-07-18T15:46:09.541821,3,0.0,0,0,0,0.0,48.38
2026-07-18T15:46:09.543213,1,0.0,0,0,0,0.0,48.38
2026-07-18T15:46:11.539395,2,0.0,0,0,0,0.5,48.38
2026-07-18T15:46:11.539592,4,0.0,0,0,0,0.0,48.38
2026-07-18T15:46:11.540578,3,0.0,0,0,0,0.0,48.38
2026-07-18T15:46:11.540814,1,0.0,0,0,0,0.0,48.38
2026-07-18T15:46:13.540114,4,0.0,0,0,0,0.5,48.38
2026-07-18T15:46:13.542422,3,0.0,0,0,0,0.0,48.38
2026-07-18T15:46:13.543465,2,0.0,0,0,0,0.0,48.38
2026-07-18T15:46:13.543652,1,0.0,0,0,0,0.0,48.38
2026-07-18T15:46:15.542629,4,0.0,0,0,0,0.0,48.38
2026-07-18T15:46:15.543959,2,0.0,0,0,0,0.0,48.38
2026-07-18T15:46:15.544099,1,0.0,0,0,0,0.0,48.38
2026-07-18T15:46:15.544172,3,0.0,0,0,0,0.0,48.38
2026-07-18T15:46:17.545607,4,0.0,0,0,0,0.0,48.38
2026-07-18T15:46:17.547467,3,0.0,0,0,0,0.0,48.38
2026-07-18T15:46:17.547789,2,0.0,0,0,0,0.0,48.38
2026-07-18T15:46:17.548402,1,0.0,0,0,0,0.0,48.38
2026-07-18T15:46:19.547772,4,0.0,0,0,0,0.0,48.38
2026-07-18T15:46:19.551080,2,0.0,0,0,0,303.0,48.38
2026-07-18T15:46:19.551586,3,0.0,0,0,0,0.0,48.38
2026-07-18T15:46:19.551757,1,0.0,0,0,0,0.0,48.38
2026-07-18T15:46:21.551153,4,0.0,0,0,0,0.0,48.38
2026-07-18T15:46:21.551590,1,0.0,0,0,0,0.0,48.38
2026-07-18T15:46:21.551953,3,0.0,0,0,0,0.0,48.38
2026-07-18T15:46:21.552097,2,0.0,0,0,0,0.0,48.38
2026-07-18T15:46:23.552834,4,0.0,0,0,0,0.0,48.38
2026-07-18T15:46:23.553819,1,0.0,0,0,0,988.0,48.38
2026-07-18T15:46:23.554163,2,0.0,0,0,0,0.0,48.38
2026-07-18T15:46:23.554329,3,0.0,0,0,0,0.0,48.38
2026-07-18T15:46:25.556500,2,0.0,0,0,0,0.0,48.38
2026-07-18T15:46:25.557950,1,0.0,0,0,0,0.0,48.38
2026-07-18T15:46:25.558334,3,0.0,0,0,0,0.0,48.38
2026-07-18T15:46:25.558445,4,0.0,0,0,0,0.0,48.38
2026-07-18T15:46:27.558861,4,0.0,0,0,0,0.0,48.38
2026-07-18T15:46:27.560206,2,0.0,0,0,0,714.2,48.38
2026-07-18T15:46:27.560380,3,0.0,0,0,0,0.0,48.38
2026-07-18T15:46:27.560948,1,0.0,0,0,0,0.0,48.38
2026-07-18T15:46:29.560868,4,0.0,0,0,0,0.0,48.38
2026-07-18T15:46:29.560998,1,0.0,0,0,0,0.0,48.38
2026-07-18T15:46:29.562124,2,0.0,0,0,0,0.0,48.38
2026-07-18T15:46:29.562767,3,0.0,0,0,0,0.0,48.38
2026-07-18T15:46:31.562692,4,0.0,0,0,0,0.0,48.38
2026-07-18T15:46:31.563675,3,0.0,0,0,0,0.0,48.38
2026-07-18T15:46:31.563818,1,0.0,0,0,0,0.0,48.38
2026-07-18T15:46:31.563889,2,0.0,0,0,0,0.0,48.38
2026-07-18T15:46:33.564673,4,0.0,0,0,0,0.0,48.38
2026-07-18T15:46:33.565427,2,0.0,0,0,0,0.0,48.38
2026-07-18T15:46:33.567692,1,0.0,0,0,0,405.5,48.38
2026-07-18T15:46:33.568335,3,0.0,0,0,0,0.0,48.38
2026-07-18T15:46:35.568038,4,0.0,0,0,0,0.0,48.38
2026-07-18T15:46:35.570059,3,0.0,0,0,0,0.0,48.38
2026-07-18T15:46:35.570164,1,0.0,0,0,0,0.0,48.38
2026-07-18T15:46:35.570233,2,0.0,0,0,0,0.0,48.38
2026-07-18T15:46:37.568780,4,0.0,0,0,0,0.0,48.38
2026-07-18T15:46:37.571720,3,0.0,0,0,0,0.0,48.38
2026-07-18T15:46:37.571931,2,0.0,0,0,0,0.0,48.38
2026-07-18T15:46:37.572036,1,0.0,0,0,0,0.0,48.38
2026-07-18T15:46:39.573420,4,0.0,0,0,0,0.5,48.38
2026-07-18T15:46:39.573704,2,0.0,0,0,0,0.0,48.38
2026-07-18T15:46:39.576240,3,0.0,0,0,0,0.0,48.38
2026-07-18T15:46:39.577152,1,0.0,0,0,0,0.0,48.38
2026-07-18T15:46:41.576645,2,0.0,0,0,0,0.5,48.38
2026-07-18T15:46:41.576884,3,0.0,0,0,0,0.0,48.38
2026-07-18T15:46:41.576969,1,0.0,0,0,0,0.0,48.38
2026-07-18T15:46:41.577039,4,0.0,0,0,0,0.0,48.38
2026-07-18T15:46:43.575612,4,0.0,0,0,0,0.0,48.38
2026-07-18T15:46:43.579900,3,0.0,0,0,0,0.0,48.38
2026-07-18T15:46:43.580572,2,0.0,0,0,0,0.0,48.38
2026-07-18T15:46:43.580859,1,0.0,0,0,0,0.0,48.38
2026-07-18T15:46:45.577256,4,0.0,0,0,0,0.5,48.38
2026-07-18T15:46:45.581942,1,0.0,0,0,0,0.0,48.38
2026-07-18T15:46:45.582804,3,0.0,0,0,0,0.0,48.38
2026-07-18T15:46:45.584732,2,0.0,0,0,0,0.0,48.38
2026-07-18T15:46:47.578760,4,0.0,0,0,0,0.0,48.38
2026-07-18T15:46:47.579898,2,0.0,0,0,0,0.0,48.38
2026-07-18T15:46:47.580023,1,0.0,0,0,0,0.0,48.38
2026-07-18T15:46:47.580094,3,0.0,0,0,0,0.0,48.38
2026-07-18T15:46:49.584055,3,0.0,0,0,0,0.0,48.38
2026-07-18T15:46:49.584522,4,0.0,0,0,0,1768.9,48.38
2026-07-18T15:46:49.584616,2,0.0,0,0,0,0.0,48.38
2026-07-18T15:46:49.584686,1,0.0,0,0,0,0.0,48.38
2026-07-18T15:46:51.585880,3,0.0,0,0,0,0.0,48.38
2026-07-18T15:46:51.586096,4,0.0,0,0,0,0.0,48.38
2026-07-18T15:46:51.586198,1,0.0,0,0,0,0.0,48.38
2026-07-18T15:46:51.587110,2,0.0,0,0,0,0.0,48.38
2026-07-18T15:46:53.587617,4,0.0,0,0,0,0.0,48.38
2026-07-18T15:46:53.589390,1,0.0,0,0,0,734.8,48.38
2026-07-18T15:46:53.589644,2,0.0,0,0,0,0.0,48.38
2026-07-18T15:46:53.589770,3,0.0,0,0,0,0.0,48.38
2026-07-18T15:46:55.593165,3,0.0,0,0,0,0.0,48.38
2026-07-18T15:46:55.593592,2,0.0,0,0,0,0.0,48.38
2026-07-18T15:46:55.594270,1,0.0,0,0,0,0.0,48.38
2026-07-18T15:46:55.594588,4,0.0,0,0,0,0.0,48.38
2026-07-18T15:46:57.593878,4,0.0,0,0,0,0.5,48.38
2026-07-18T15:46:57.595948,3,0.0,0,0,0,0.0,48.38
2026-07-18T15:46:57.596736,1,0.0,0,0,0,0.0,48.38
2026-07-18T15:46:57.596945,2,0.0,0,0,0,0.0,48.38
2026-07-18T15:46:59.595052,4,0.0,0,0,0,0.0,48.38
2026-07-18T15:46:59.596974,2,0.0,0,0,0,0.0,48.38
2026-07-18T15:46:59.597547,1,0.0,0,0,0,0.0,48.38
2026-07-18T15:46:59.597818,3,0.0,0,0,0,0.0,48.38
2026-07-18T15:47:01.600347,4,0.0,0,0,0,0.0,48.38
2026-07-18T15:47:01.600696,1,0.0,0,0,0,0.0,48.38
2026-07-18T15:47:01.603977,2,0.0,0,0,0,353.0,48.38
2026-07-18T15:47:01.604683,3,0.0,0,0,0,0.0,48.38
2026-07-18T15:47:03.601146,1,0.0,0,0,0,0.0,48.38
2026-07-18T15:47:03.601728,4,0.0,0,0,0,0.0,48.38
2026-07-18T15:47:03.601895,3,0.0,0,0,0,0.0,48.38
2026-07-18T15:47:03.602537,2,0.0,0,0,0,0.0,48.38
2026-07-18T15:47:05.602530,4,0.0,0,0,0,0.0,48.38
2026-07-18T15:47:05.604398,1,0.0,0,0,0,0.0,48.38
2026-07-18T15:47:05.604749,3,0.0,0,0,0,0.0,48.38
2026-07-18T15:47:05.605828,2,0.0,0,0,0,0.0,48.38
2026-07-18T15:47:07.606140,4,0.0,0,0,0,0.5,48.38
2026-07-18T15:47:07.608725,1,0.0,0,0,0,385.4,48.38
2026-07-18T15:47:07.609066,3,0.0,0,0,0,0.0,48.38
2026-07-18T15:47:07.609237,2,0.0,0,0,0,0.0,48.38
2026-07-18T15:47:09.607846,4,0.0,0,0,0,0.0,48.38
2026-07-18T15:47:09.609993,2,0.0,0,0,0,0.0,48.38
2026-07-18T15:47:09.610878,1,0.0,0,0,0,0.0,48.38
2026-07-18T15:47:09.612382,3,0.0,0,0,0,0.0,48.38
2026-07-18T15:47:11.611719,4,0.0,0,0,0,0.0,48.38
2026-07-18T15:47:11.614065,1,0.0,0,0,0,0.0,48.38
2026-07-18T15:47:11.614466,3,0.0,0,0,0,1260.4,48.38
2026-07-18T15:47:11.614649,2,0.0,0,0,0,0.0,48.38
2026-07-18T15:47:13.614741,2,0.0,0,0,0,0.0,48.38
2026-07-18T15:47:13.615210,3,0.0,0,0,0,0.0,48.38
2026-07-18T15:47:13.615577,1,0.0,0,0,0,0.0,48.38
2026-07-18T15:47:13.615855,4,0.0,0,0,0,0.0,48.38
2026-07-18T15:47:15.617722,4,0.0,0,0,0,0.0,48.38
2026-07-18T15:47:15.619437,1,0.0,0,0,0,0.0,48.38
2026-07-18T15:47:15.619688,2,0.0,0,0,0,0.0,48.38
2026-07-18T15:47:15.619781,3,0.0,0,0,0,0.0,48.38
2026-07-18T15:47:17.618664,4,0.0,0,0,0,0.5,48.38
2026-07-18T15:47:17.620001,1,0.0,0,0,0,0.0,48.38
2026-07-18T15:47:17.620563,2,0.0,0,0,0,0.0,48.38
2026-07-18T15:47:17.620650,3,0.0,0,0,0,0.0,48.38
2026-07-18T15:47:19.620925,4,0.0,0,0,0,0.5,48.38
2026-07-18T15:47:19.622021,2,0.0,0,0,0,0.0,48.38
2026-07-18T15:47:19.622171,3,0.0,0,0,0,0.0,48.38
2026-07-18T15:47:19.622549,1,0.0,0,0,0,0.0,48.38
2026-07-18T15:47:21.624581,2,0.0,0,0,0,0.0,48.38
2026-07-18T15:47:21.624730,4,0.0,0,0,0,0.0,48.38
2026-07-18T15:47:21.624889,3,0.0,0,0,0,0.0,48.38
2026-07-18T15:47:21.625024,1,0.0,0,0,0,0.0,48.38
2026-07-18T15:47:23.627794,4,0.0,0,0,0,0.0,48.38
2026-07-18T15:47:23.629592,3,0.0,0,0,0,0.0,48.38
2026-07-18T15:47:23.629753,1,0.0,0,0,0,0.0,48.38
2026-07-18T15:47:23.629889,2,0.0,0,0,0,0.0,48.38
2026-07-18T15:47:25.629340,4,0.0,0,0,0,0.0,48.38
2026-07-18T15:47:25.629906,2,0.0,0,0,0,0.0,48.38
2026-07-18T15:47:25.632365,3,0.0,0,0,0,0.0,48.38
2026-07-18T15:47:25.632842,1,0.0,0,0,0,1207.6,48.38
2026-07-18T15:47:27.633030,2,0.0,0,0,0,0.0,48.38
2026-07-18T15:47:27.633171,4,0.0,0,0,0,0.0,48.38
2026-07-18T15:47:27.634742,1,0.0,0,0,0,0.0,48.38
2026-07-18T15:47:27.634886,3,0.0,0,0,0,4298.2,48.38
2026-07-18T15:47:29.635954,2,0.0,0,0,0,0.0,48.38
2026-07-18T15:47:29.636182,4,0.0,0,0,0,0.0,48.38
2026-07-18T15:47:29.637069,3,0.0,0,0,0,0.0,48.38
2026-07-18T15:47:29.637214,1,0.0,0,0,0,0.0,48.38
2026-07-18T15:47:31.638813,4,0.0,0,0,0,0.0,48.38
2026-07-18T15:47:31.641041,3,0.0,0,0,0,0.0,48.38
2026-07-18T15:47:31.641693,1,0.0,0,0,0,0.0,48.38
2026-07-18T15:47:31.641868,2,0.0,0,0,0,0.0,48.38
2026-07-18T15:47:33.641684,4,0.0,0,0,0,0.0,48.38
2026-07-18T15:47:33.643335,3,0.0,0,0,0,0.0,48.38
2026-07-18T15:47:33.643612,1,0.0,0,0,0,0.0,48.38
2026-07-18T15:47:33.643791,2,0.0,0,0,0,0.0,48.38
2026-07-18T15:47:35.643880,3,0.0,0,0,0,1.0,48.38
2026-07-18T15:47:35.644147,4,0.0,0,0,0,0.0,48.38
2026-07-18T15:47:35.645224,1,0.0,0,0,0,0.0,48.38
2026-07-18T15:47:35.645775,2,0.0,0,0,0,0.0,48.38
2026-07-18T15:47:37.646999,2,0.0,0,0,0,0.0,48.38
2026-07-18T15:47:37.647507,1,0.0,0,0,0,0.0,48.38
2026-07-18T15:47:37.647618,4,0.0,0,0,0,0.0,48.38
2026-07-18T15:47:37.647701,3,0.0,0,0,0,0.0,48.38
2026-07-18T15:47:39.649794,4,0.0,0,0,0,0.0,48.38
2026-07-18T15:47:39.649950,1,0.0,0,0,0,0.0,48.38
2026-07-18T15:47:39.651262,3,0.0,0,0,0,0.0,48.38
2026-07-18T15:47:39.651478,2,0.0,0,0,0,0.0,48.38
2026-07-18T15:47:41.653530,3,0.0,0,0,0,0.0,48.38
2026-07-18T15:47:41.653798,2,0.0,0,0,0,3044.9,48.38
2026-07-18T15:47:41.654291,4,0.0,0,0,0,0.0,48.38
2026-07-18T15:47:41.654498,1,0.0,0,0,0,0.0,48.38
2026-07-18T15:47:43.654133,4,0.0,0,0,0,0.0,48.38
2026-07-18T15:47:43.656520,3,0.0,0,0,0,0.0,48.38
2026-07-18T15:47:43.656706,1,0.0,0,0,0,0.0,48.38
2026-07-18T15:47:43.656776,2,0.0,0,0,0,0.0,48.38
2026-07-18T15:47:45.658206,2,0.0,0,0,0,0.0,48.38
2026-07-18T15:47:45.658743,3,0.0,0,0,0,0.0,48.38
2026-07-18T15:47:45.658891,4,0.0,0,0,0,0.0,48.38
2026-07-18T15:47:45.659731,1,0.0,0,0,0,0.0,48.38
2026-07-18T15:47:47.659997,4,0.0,0,0,0,0.5,48.38
2026-07-18T15:47:47.661638,2,0.0,0,0,0,0.0,48.38
2026-07-18T15:47:47.661975,1,0.0,0,0,0,0.0,48.38
2026-07-18T15:47:47.662115,3,0.0,0,0,0,0.0,48.38
2026-07-18T15:47:49.663484,4,0.0,0,0,0,0.0,48.38
2026-07-18T15:47:49.666418,3,0.0,0,0,0,0.0,48.38
2026-07-18T15:47:49.666608,1,0.0,0,0,0,0.0,48.38
2026-07-18T15:47:49.666691,2,0.0,0,0,0,0.0,48.38
2026-07-18T15:47:51.665401,4,0.0,0,0,0,0.0,48.38
2026-07-18T15:47:51.666242,1,0.0,0,0,0,0.0,48.38
2026-07-18T15:47:51.666593,2,0.0,0,0,0,0.0,48.38
2026-07-18T15:47:51.666775,3,0.0,0,0,0,0.0,48.38
2026-07-18T15:47:53.668826,2,0.0,0,0,0,0.5,48.38
2026-07-18T15:47:53.668965,4,0.0,0,0,0,0.0,48.38
2026-07-18T15:47:53.669052,1,0.0,0,0,0,0.0,48.38
2026-07-18T15:47:53.669132,3,0.0,0,0,0,0.0,48.38
2026-07-18T15:47:55.670639,4,0.0,0,0,0,0.0,48.38
2026-07-18T15:47:55.670882,1,0.0,0,0,0,0.0,48.38
2026-07-18T15:47:55.671967,3,0.0,0,0,0,0.0,48.38
2026-07-18T15:47:55.672627,2,0.0,0,0,0,0.0,48.38
2026-07-18T15:47:57.674643,3,0.0,0,0,0,0.5,48.38
2026-07-18T15:47:57.674840,1,0.0,0,0,0,0.0,48.38
2026-07-18T15:47:57.674919,4,0.0,0,0,0,0.0,48.38
2026-07-18T15:47:57.674987,2,0.0,0,0,0,0.0,48.38
2026-07-18T15:47:59.676577,4,0.0,0,0,0,0.0,48.38
2026-07-18T15:47:59.676775,1,0.0,0,0,0,0.0,48.38
2026-07-18T15:47:59.677619,2,0.0,0,0,0,1213.1,48.38
2026-07-18T15:47:59.677719,3,0.0,0,0,0,0.0,48.38
2026-07-18T15:48:01.677536,1,0.0,0,0,0,0.0,48.38
2026-07-18T15:48:01.677709,3,0.0,0,0,0,0.0,48.38
2026-07-18T15:48:01.677790,4,0.0,0,0,0,0.0,48.38
2026-07-18T15:48:01.678714,2,0.0,0,0,0,0.0,48.38
2026-07-18T15:48:03.679788,4,0.0,0,0,0,0.0,48.38
2026-07-18T15:48:03.679905,1,0.0,0,0,0,0.0,48.38
2026-07-18T15:48:03.680722,2,0.0,0,0,0,0.0,48.38
2026-07-18T15:48:03.680882,3,0.0,0,0,0,0.0,48.38
2026-07-18T15:48:05.680803,4,0.0,0,0,0,0.0,48.38
2026-07-18T15:48:05.683066,2,0.0,0,0,0,0.0,48.38
2026-07-18T15:48:05.683235,3,0.0,0,0,0,0.0,48.38
2026-07-18T15:48:05.683356,1,0.0,0,0,0,0.0,48.38
2026-07-18T15:48:07.683790,4,0.0,0,0,0,0.0,48.38
2026-07-18T15:48:07.685818,3,0.0,0,0,0,0.0,48.38
2026-07-18T15:48:07.685975,2,0.0,0,0,0,0.0,48.38
2026-07-18T15:48:07.686078,1,0.0,0,0,0,0.0,48.38
2026-07-18T15:48:09.691453,4,0.0,0,0,0,0.5,48.38
2026-07-18T15:48:09.693545,3,0.0,0,0,0,0.0,48.38
2026-07-18T15:48:09.693803,2,0.0,0,0,0,0.0,48.38
2026-07-18T15:48:09.694080,1,0.0,0,0,0,0.0,48.38
2026-07-18T15:48:11.690647,4,0.0,0,0,0,0.0,48.38
2026-07-18T15:48:11.691660,2,0.0,0,0,0,0.0,48.38
2026-07-18T15:48:11.691764,3,0.0,0,0,0,0.0,48.38
2026-07-18T15:48:11.691833,1,0.0,0,0,0,0.0,48.38
2026-07-18T15:48:13.693831,2,0.0,0,0,0,0.0,48.38
2026-07-18T15:48:13.694138,4,0.0,0,0,0,0.0,48.38
2026-07-18T15:48:13.694240,1,0.0,0,0,0,0.0,48.38
2026-07-18T15:48:13.694312,3,0.0,0,0,0,0.0,48.38
2026-07-18T15:48:15.697297,2,0.0,0,0,0,1.0,48.38
2026-07-18T15:48:15.697830,4,0.0,0,0,0,0.0,48.38
2026-07-18T15:48:15.700435,3,0.0,0,0,0,0.0,48.38
2026-07-18T15:48:15.700598,1,0.0,0,0,0,0.0,48.38
2026-07-18T15:48:17.699137,1,0.0,0,0,0,0.0,48.38
2026-07-18T15:48:17.699332,4,0.0,0,0,0,0.0,48.38
2026-07-18T15:48:17.699629,2,0.0,0,0,0,0.0,48.38
2026-07-18T15:48:17.699823,3,0.0,0,0,0,0.0,48.38
2026-07-18T15:48:19.701368,2,0.0,0,0,0,0.0,48.38
2026-07-18T15:48:19.701623,4,0.0,0,0,0,0.0,48.38
2026-07-18T15:48:19.701701,3,0.0,0,0,0,0.0,48.38
2026-07-18T15:48:19.701778,1,0.0,0,0,0,0.0,48.38
2026-07-18T15:48:21.704114,4,0.0,0,0,0,0.5,48.38
2026-07-18T15:48:21.704651,1,0.0,0,0,0,0.0,48.38
2026-07-18T15:48:21.704769,2,0.0,0,0,0,0.0,48.38
2026-07-18T15:48:21.704858,3,0.0,0,0,0,0.0,48.38
2026-07-18T15:48:23.706371,4,0.0,0,0,0,0.0,48.38
2026-07-18T15:48:23.707969,2,0.0,0,0,0,0.0,48.38
2026-07-18T15:48:23.708092,3,0.0,0,0,0,0.0,48.38
2026-07-18T15:48:23.708165,1,0.0,0,0,0,0.0,48.38
2026-07-18T15:48:25.709203,4,0.0,0,0,0,0.0,48.38
2026-07-18T15:48:25.710901,1,0.0,0,0,0,0.0,48.38
2026-07-18T15:48:25.711118,3,0.0,0,0,0,0.0,48.38
2026-07-18T15:48:25.711261,2,0.0,0,0,0,0.0,48.38
2026-07-18T15:48:27.710807,4,0.0,0,0,0,0.5,48.38
2026-07-18T15:48:27.713185,1,0.0,0,0,0,0.0,48.38
2026-07-18T15:48:27.713433,2,0.0,0,0,0,0.0,48.38
2026-07-18T15:48:27.713522,3,0.0,0,0,0,0.0,48.38
2026-07-18T15:48:29.712922,4,0.0,0,0,0,0.0,48.38
2026-07-18T15:48:29.713918,1,0.0,0,0,0,0.0,48.38
2026-07-18T15:48:29.714047,3,0.0,0,0,0,0.0,48.38
2026-07-18T15:48:29.714175,2,0.0,0,0,0,0.0,48.38
2026-07-18T15:48:31.716693,4,0.0,0,0,0,0.0,48.38
2026-07-18T15:48:31.718831,2,0.0,0,0,0,0.0,48.38
2026-07-18T15:48:31.718987,3,0.0,0,0,0,0.0,48.38
2026-07-18T15:48:31.719381,1,0.0,0,0,0,0.0,48.38
2026-07-18T15:48:33.719509,4,0.0,0,0,0,0.5,48.38
2026-07-18T15:48:33.720374,3,0.0,0,0,0,0.0,48.38
2026-07-18T15:48:33.720503,2,0.0,0,0,0,0.0,48.38
2026-07-18T15:48:33.720577,1,0.0,0,0,0,0.0,48.38
2026-07-18T15:48:35.721667,4,0.0,0,0,0,0.0,48.38
2026-07-18T15:48:35.722875,2,0.0,0,0,0,0.0,48.38
2026-07-18T15:48:35.723021,1,0.0,0,0,0,0.0,48.38
2026-07-18T15:48:35.723440,3,0.0,0,0,0,0.0,48.38
2026-07-18T15:48:37.723437,4,0.0,0,0,0,0.0,48.38
2026-07-18T15:48:37.724782,2,0.0,0,0,0,0.0,48.38
2026-07-18T15:48:37.724925,1,0.0,0,0,0,0.0,48.38
2026-07-18T15:48:37.725018,3,0.0,0,0,0,0.0,48.38
2026-07-18T15:48:39.726351,3,0.0,0,0,0,1.0,48.38
2026-07-18T15:48:39.726523,4,0.0,0,0,0,0.0,48.38
2026-07-18T15:48:39.726601,1,0.0,0,0,0,0.0,48.38
2026-07-18T15:48:39.727038,2,0.0,0,0,0,0.0,48.38
2026-07-18T15:48:41.728716,4,0.0,0,0,0,0.0,48.38
2026-07-18T15:48:41.728902,3,0.0,0,0,0,0.0,48.38
2026-07-18T15:48:41.728979,2,0.0,0,0,0,0.0,48.38
2026-07-18T15:48:41.729047,1,0.0,0,0,0,0.0,48.38
2026-07-18T15:48:43.731459,4,0.0,0,0,0,0.0,48.38
2026-07-18T15:48:43.733119,1,0.0,0,0,0,0.0,48.38
2026-07-18T15:48:43.733665,2,0.0,0,0,0,0.0,48.38
2026-07-18T15:48:43.733864,3,0.0,0,0,0,0.0,48.38
2026-07-18T15:48:45.736221,3,0.0,0,0,0,0.0,48.38
2026-07-18T15:48:45.736503,4,0.0,0,0,0,0.0,48.38
2026-07-18T15:48:45.736701,2,0.0,0,0,0,0.0,48.38
2026-07-18T15:48:45.736870,1,0.0,0,0,0,0.0,48.38
2026-07-18T15:48:47.736582,4,0.0,0,0,0,0.5,48.38
2026-07-18T15:48:47.737625,2,0.0,0,0,0,0.0,48.38
2026-07-18T15:48:47.737822,3,0.0,0,0,0,0.0,48.38
2026-07-18T15:48:47.737999,1,0.0,0,0,0,0.0,48.38
2026-07-18T15:48:49.739090,4,0.0,0,0,0,0.0,48.38
2026-07-18T15:48:49.740173,3,0.0,0,0,0,0.0,48.38
2026-07-18T15:48:49.740582,1,0.0,0,0,0,0.0,48.38
2026-07-18T15:48:49.741453,2,0.0,0,0,0,0.0,48.38
2026-07-18T15:48:51.741707,4,0.0,0,0,0,0.0,48.38
2026-07-18T15:48:51.742516,3,0.0,0,0,0,0.0,48.38
2026-07-18T15:48:51.742619,1,0.0,0,0,0,0.0,48.38
2026-07-18T15:48:51.742852,2,0.0,0,0,0,0.0,48.38
2026-07-18T15:48:53.744989,4,0.0,0,0,0,0.5,48.38
2026-07-18T15:48:53.746676,3,0.0,0,0,0,0.0,48.38
2026-07-18T15:48:53.747781,1,0.0,0,0,0,0.0,48.38
2026-07-18T15:48:53.747982,2,0.0,0,0,0,0.0,48.38
2026-07-18T15:48:55.747952,4,0.0,0,0,0,0.0,48.38
2026-07-18T15:48:55.749705,3,0.0,0,0,0,0.0,48.38
2026-07-18T15:48:55.749997,1,0.0,0,0,0,0.0,48.38
2026-07-18T15:48:55.750121,2,0.0,0,0,0,0.0,48.38
2026-07-18T15:48:57.750184,4,0.0,0,0,0,0.5,48.38
2026-07-18T15:48:57.751064,2,0.0,0,0,0,0.0,48.38
2026-07-18T15:48:57.751283,3,0.0,0,0,0,0.0,48.38
2026-07-18T15:48:57.751412,1,0.0,0,0,0,0.0,48.38
2026-07-18T15:48:59.751963,4,0.0,0,0,0,0.0,48.38
2026-07-18T15:48:59.753709,1,0.0,0,0,0,0.0,48.38
2026-07-18T15:48:59.753958,3,0.0,0,0,0,0.0,48.38
2026-07-18T15:48:59.754110,2,0.0,0,0,0,0.0,48.38
2026-07-18T15:49:01.753951,4,0.0,0,0,0,0.5,48.38
2026-07-18T15:49:01.755885,2,0.0,0,0,0,0.0,48.38
2026-07-18T15:49:01.756005,3,0.0,0,0,0,0.0,48.38
2026-07-18T15:49:01.756079,1,0.0,0,0,0,0.0,48.38
2026-07-18T15:49:03.756525,4,0.0,0,0,0,0.0,48.38
2026-07-18T15:49:03.757338,3,0.0,0,0,0,0.0,48.38
2026-07-18T15:49:03.757433,1,0.0,0,0,0,0.0,48.38
2026-07-18T15:49:03.757512,2,0.0,0,0,0,0.0,48.38
2026-07-18T15:49:05.758760,4,0.0,0,0,0,0.0,48.38
2026-07-18T15:49:05.759888,1,0.0,0,0,0,0.0,48.38
2026-07-18T15:49:05.760939,3,0.0,0,0,0,0.0,48.38
2026-07-18T15:49:05.761156,2,0.0,0,0,0,0.0,48.38
2026-07-18T15:49:07.762798,3,0.0,0,0,0,0.0,48.38
2026-07-18T15:49:07.763258,1,0.0,0,0,0,0.0,48.38
2026-07-18T15:49:07.763473,4,0.0,0,0,0,0.0,48.38
2026-07-18T15:49:07.763579,2,0.0,0,0,0,0.0,48.38
2026-07-18T15:49:09.767340,4,0.0,0,0,0,0.5,48.38
2026-07-18T15:49:09.768841,2,0.0,0,0,0,0.0,48.38
2026-07-18T15:49:09.769809,3,0.0,0,0,0,0.0,48.38
2026-07-18T15:49:09.770741,1,0.0,0,0,0,1750.4,48.38
2026-07-18T15:49:11.767942,2,0.0,0,0,0,0.0,48.38
2026-07-18T15:49:11.768061,4,0.0,0,0,0,0.0,48.38
2026-07-18T15:49:11.768128,1,0.0,0,0,0,0.0,48.38
2026-07-18T15:49:11.768192,3,0.0,0,0,0,0.0,48.38
2026-07-18T15:49:13.770058,4,0.0,0,0,0,0.0,48.38
2026-07-18T15:49:13.772409,1,0.0,0,0,0,0.0,48.38
2026-07-18T15:49:13.772620,2,0.0,0,0,0,0.0,48.38
2026-07-18T15:49:13.772701,3,0.0,0,0,0,0.0,48.38
2026-07-18T15:49:15.773737,4,0.0,0,0,0,0.5,48.38
2026-07-18T15:49:15.775353,2,0.0,0,0,0,0.0,48.38
2026-07-18T15:49:15.775622,3,0.0,0,0,0,0.0,48.38
2026-07-18T15:49:15.775729,1,0.0,0,0,0,0.0,48.38
2026-07-18T15:49:17.778907,3,0.0,0,0,0,0.0,48.38
2026-07-18T15:49:17.779583,2,0.0,0,0,0,0.0,48.38
2026-07-18T15:49:17.779822,1,0.0,0,0,0,0.0,48.38
2026-07-18T15:49:17.779950,4,0.0,0,0,0,0.0,48.38
2026-07-18T15:49:19.780843,4,0.0,0,0,0,0.0,48.38
2026-07-18T15:49:19.784235,2,0.0,0,0,0,310.0,48.38
2026-07-18T15:49:19.785916,3,0.0,0,0,0,0.0,48.38
2026-07-18T15:49:19.786702,1,0.0,0,0,0,0.0,48.38
2026-07-18T15:49:21.783005,3,0.0,0,0,0,0.0,48.38
2026-07-18T15:49:21.783254,1,0.0,0,0,0,0.0,48.38
2026-07-18T15:49:21.783804,4,0.0,0,0,0,0.0,48.38
2026-07-18T15:49:21.784934,2,0.0,0,0,0,0.0,48.38
2026-07-18T15:49:23.784088,4,0.0,0,0,0,0.0,48.38
2026-07-18T15:49:23.785206,3,0.0,0,0,0,0.0,48.38
2026-07-18T15:49:23.785703,2,0.0,0,0,0,0.0,48.38
2026-07-18T15:49:23.786095,1,0.0,0,0,0,0.0,48.38
2026-07-18T15:49:25.789088,4,0.0,0,0,0,1.0,48.38
2026-07-18T15:49:25.790936,2,0.0,0,0,0,0.0,48.38
2026-07-18T15:49:25.791367,1,0.0,0,0,0,0.0,48.38
2026-07-18T15:49:25.791480,3,0.0,0,0,0,0.0,48.38
2026-07-18T15:49:27.788748,4,0.0,0,0,0,0.0,48.38
2026-07-18T15:49:27.790390,1,0.0,0,0,0,0.0,48.38
2026-07-18T15:49:27.790646,3,0.0,0,0,0,0.0,48.38
2026-07-18T15:49:27.790747,2,0.0,0,0,0,0.0,48.38
2026-07-18T15:49:29.791181,4,0.0,0,0,0,0.5,48.38
2026-07-18T15:49:29.793510,1,0.0,0,0,0,0.0,48.38
2026-07-18T15:49:29.794246,3,0.0,0,0,0,0.0,48.38
2026-07-18T15:49:29.794512,2,0.0,0,0,0,0.0,48.38
2026-07-18T15:49:31.792968,2,0.0,0,0,0,0.0,48.38
2026-07-18T15:49:31.793520,3,0.0,0,0,0,0.0,48.38
2026-07-18T15:49:31.793759,1,0.0,0,0,0,0.0,48.38
2026-07-18T15:49:31.793856,4,0.0,0,0,0,0.0,48.38
2026-07-18T15:49:33.795252,4,0.0,0,0,0,0.0,48.38
2026-07-18T15:49:33.796031,1,0.0,0,0,0,0.0,48.38
2026-07-18T15:49:33.796137,3,0.0,0,0,0,0.0,48.38
2026-07-18T15:49:33.796207,2,0.0,0,0,0,0.0,48.38
2026-07-18T15:49:35.798596,4,0.0,0,0,0,0.0,48.38
2026-07-18T15:49:35.800189,3,0.0,0,0,0,0.0,48.38
2026-07-18T15:49:35.800630,1,0.0,0,0,0,0.0,48.38
2026-07-18T15:49:35.800846,2,0.0,0,0,0,0.0,48.38
2026-07-18T15:49:37.803166,3,0.0,0,0,0,0.5,48.38
2026-07-18T15:49:37.803836,1,0.0,0,0,0,0.0,48.38
2026-07-18T15:49:37.804125,2,0.0,0,0,0,0.0,48.38
2026-07-18T15:49:37.804744,4,0.0,0,0,0,0.0,48.38
2026-07-18T15:49:39.803867,4,0.0,0,0,0,0.5,48.38
2026-07-18T15:49:39.804145,1,0.0,0,0,0,0.0,48.38
2026-07-18T15:49:39.804725,3,0.0,0,0,0,0.0,48.38
2026-07-18T15:49:39.804938,2,0.0,0,0,0,0.0,48.38
2026-07-18T15:49:41.806839,1,0.0,0,0,0,0.0,48.38
2026-07-18T15:49:41.807432,4,0.0,0,0,0,0.0,48.38
2026-07-18T15:49:41.808507,3,0.0,0,0,0,0.0,48.38
2026-07-18T15:49:41.808739,2,0.0,0,0,0,0.0,48.38
2026-07-18T15:49:43.808916,4,0.0,0,0,0,0.5,48.38
2026-07-18T15:49:43.810387,3,0.0,0,0,0,0.0,48.38
2026-07-18T15:49:43.810510,1,0.0,0,0,0,0.0,48.38
2026-07-18T15:49:43.810580,2,0.0,0,0,0,0.0,48.38
2026-07-18T15:49:45.819753,3,0.0,0,0,0,0.0,48.38
2026-07-18T15:49:45.820479,1,0.0,0,0,0,0.0,48.38
2026-07-18T15:49:45.823842,2,0.0,0,0,0,0.0,48.38
2026-07-18T15:49:45.823966,4,0.0,0,0,0,0.0,48.38
2026-07-18T15:49:47.814587,3,0.0,0,0,0,0.0,48.38
2026-07-18T15:49:47.814705,2,0.0,0,0,0,0.0,48.38
2026-07-18T15:49:47.814774,4,0.0,0,0,0,0.0,48.38
2026-07-18T15:49:47.815795,1,0.0,0,0,0,0.0,48.38
2026-07-18T15:49:49.818299,3,0.0,0,0,0,0.5,48.38
2026-07-18T15:49:49.818434,1,0.0,0,0,0,0.0,48.38
2026-07-18T15:49:49.818505,2,0.0,0,0,0,0.0,48.38
2026-07-18T15:49:49.818573,4,0.0,0,0,0,0.0,48.38
2026-07-18T15:49:51.823657,1,0.0,0,0,0,0.0,48.38
2026-07-18T15:49:51.823951,2,0.0,0,0,0,0.0,48.38
2026-07-18T15:49:51.824111,4,0.0,0,0,0,0.0,48.38
2026-07-18T15:49:51.824206,3,0.0,0,0,0,0.0,48.38
2026-07-18T15:49:53.819307,4,0.0,0,0,0,0.0,48.38
2026-07-18T15:49:53.823160,3,0.0,0,0,0,0.0,48.38
2026-07-18T15:49:53.823385,1,0.0,0,0,0,0.0,48.38
2026-07-18T15:49:53.824733,2,0.0,0,0,0,0.0,48.38
2026-07-18T15:49:55.824585,4,0.0,0,0,0,0.5,48.38
2026-07-18T15:49:55.824768,2,0.0,0,0,0,0.0,48.38
2026-07-18T15:49:55.824867,1,0.0,0,0,0,0.0,48.38
2026-07-18T15:49:55.826793,3,0.0,0,0,0,0.0,48.38
2026-07-18T15:49:57.822977,4,0.0,0,0,0,0.0,48.38
2026-07-18T15:49:57.825056,1,0.0,0,0,0,0.0,48.38
2026-07-18T15:49:57.825512,2,0.0,0,0,0,0.0,48.38
2026-07-18T15:49:57.825780,3,0.0,0,0,0,0.0,48.38
2026-07-18T15:49:59.825861,4,0.0,0,0,0,0.0,48.38
2026-07-18T15:49:59.827516,1,0.0,0,0,0,626.3,48.38
2026-07-18T15:49:59.827691,3,0.0,0,0,0,0.0,48.38
2026-07-18T15:49:59.827764,2,0.0,0,0,0,0.0,48.38
2026-07-18T15:50:01.828695,4,0.0,0,0,0,0.0,48.38
2026-07-18T15:50:01.829709,3,0.0,0,0,0,719.9,48.38
2026-07-18T15:50:01.829831,1,0.0,0,0,0,0.0,48.38
2026-07-18T15:50:01.830148,2,0.0,0,0,0,0.0,48.38
2026-07-18T15:50:03.830112,4,0.0,0,0,0,0.0,48.38
2026-07-18T15:50:03.832077,3,0.0,0,0,0,0.0,48.38
2026-07-18T15:50:03.832285,2,0.0,0,0,0,0.0,48.38
2026-07-18T15:50:03.833697,1,0.0,0,0,0,0.0,48.38
2026-07-18T15:50:05.833684,1,0.0,0,0,0,0.0,48.38
2026-07-18T15:50:05.833810,4,0.0,0,0,0,0.0,48.38
2026-07-18T15:50:05.833882,3,0.0,0,0,0,0.0,48.38
2026-07-18T15:50:05.834429,2,0.0,0,0,0,0.0,48.38
2026-07-18T15:50:07.837782,4,0.0,0,0,0,0.0,48.38
2026-07-18T15:50:07.840356,1,0.0,0,0,0,0.0,48.38
2026-07-18T15:50:07.840992,2,0.0,0,0,0,0.0,48.38
2026-07-18T15:50:07.842023,3,0.0,0,0,0,0.0,48.38
2026-07-18T15:50:09.840403,4,0.0,0,0,0,0.5,48.38
2026-07-18T15:50:09.841202,2,0.0,0,0,0,0.0,48.38
2026-07-18T15:50:09.841816,3,0.0,0,0,0,1619.5,48.38
2026-07-18T15:50:09.842025,1,0.0,0,0,0,0.0,48.38
2026-07-18T15:50:11.844957,2,0.0,0,0,0,0.0,48.38
2026-07-18T15:50:11.845420,1,0.0,0,0,0,0.0,48.38
2026-07-18T15:50:11.845578,4,0.0,0,0,0,0.0,48.38
2026-07-18T15:50:11.845683,3,0.0,0,0,0,0.0,48.38
2026-07-18T15:50:13.845031,4,0.0,0,0,0,0.0,48.38
2026-07-18T15:50:13.846743,2,0.0,0,0,0,570.3,48.38
2026-07-18T15:50:13.847000,1,0.0,0,0,0,0.0,48.38
2026-07-18T15:50:13.847143,3,0.0,0,0,0,0.0,48.38
2026-07-18T15:50:15.850261,3,0.0,0,0,0,0.0,48.38
2026-07-18T15:50:15.850396,1,0.0,0,0,0,0.0,48.38
2026-07-18T15:50:15.850469,2,0.0,0,0,0,0.0,48.38
2026-07-18T15:50:15.850539,4,0.0,0,0,0,0.0,48.38
2026-07-18T15:50:17.854603,4,0.0,0,0,0,0.0,48.38
2026-07-18T15:50:17.854908,3,0.0,0,0,0,0.0,48.38
2026-07-18T15:50:17.855078,1,0.0,0,0,0,0.0,48.38
2026-07-18T15:50:17.855744,2,0.0,0,0,0,0.0,48.38
2026-07-18T15:50:19.855777,4,0.0,0,0,0,0.0,48.38
2026-07-18T15:50:19.857615,2,0.0,0,0,0,541.8,48.38
2026-07-18T15:50:19.857852,3,0.0,0,0,0,0.0,48.38
2026-07-18T15:50:19.858266,1,0.0,0,0,0,0.0,48.38
2026-07-18T15:50:21.858662,4,0.0,0,0,0,0.0,48.38
2026-07-18T15:50:21.859772,2,0.0,0,0,0,0.0,48.38
2026-07-18T15:50:21.860341,3,0.0,0,0,0,0.0,48.38
2026-07-18T15:50:21.860505,1,0.0,0,0,0,0.0,48.38
2026-07-18T15:50:23.865814,4,0.0,0,0,0,0.0,48.38
2026-07-18T15:50:23.869322,2,0.0,0,0,0,595.3,48.38
2026-07-18T15:50:23.870250,1,0.0,0,0,0,0.0,48.38
2026-07-18T15:50:23.870579,3,0.0,0,0,0,0.0,48.38
2026-07-18T15:50:25.868187,3,0.0,0,0,0,0.0,48.38
2026-07-18T15:50:25.868774,2,0.0,0,0,0,0.0,48.38
2026-07-18T15:50:25.869845,1,0.0,0,0,0,0.0,48.38
2026-07-18T15:50:25.870474,4,0.0,0,0,0,0.0,48.38
2026-07-18T15:50:27.868934,4,0.0,0,0,0,0.0,48.38
2026-07-18T15:50:27.869085,2,0.0,0,0,0,0.0,48.38
2026-07-18T15:50:27.869556,1,0.0,0,0,0,0.0,48.38
2026-07-18T15:50:27.869793,3,0.0,0,0,0,0.0,48.38
2026-07-18T15:50:29.871749,4,0.0,0,0,0,0.0,48.38
2026-07-18T15:50:29.873389,2,0.0,0,0,0,0.0,48.38
2026-07-18T15:50:29.873637,1,0.0,0,0,0,0.0,48.38
2026-07-18T15:50:29.873743,3,0.0,0,0,0,5985.4,48.38
2026-07-18T15:50:31.874161,4,0.0,0,0,0,0.0,48.38
2026-07-18T15:50:31.874784,3,0.0,0,0,0,0.0,48.38
2026-07-18T15:50:31.874875,1,0.0,0,0,0,0.0,48.38
2026-07-18T15:50:31.874943,2,0.0,0,0,0,0.0,48.38
2026-07-18T15:50:33.876960,4,0.0,0,0,0,0.0,48.38
2026-07-18T15:50:33.877975,2,0.0,0,0,0,0.0,48.38
2026-07-18T15:50:33.878078,1,0.0,0,0,0,0.0,48.38
2026-07-18T15:50:33.878147,3,0.0,0,0,0,0.0,48.38
2026-07-18T15:50:35.879565,4,0.0,0,0,0,0.0,48.38
2026-07-18T15:50:35.880547,2,0.0,0,0,0,0.0,48.38
2026-07-18T15:50:35.880681,1,0.0,0,0,0,0.0,48.38
2026-07-18T15:50:35.880777,3,0.0,0,0,0,0.0,48.38
2026-07-18T15:50:37.883603,3,0.0,0,0,0,0.0,48.38
2026-07-18T15:50:37.883851,4,0.0,0,0,0,0.0,48.38
2026-07-18T15:50:37.883934,2,0.0,0,0,0,8116.1,48.38
2026-07-18T15:50:37.884002,1,0.0,0,0,0,0.0,48.38
2026-07-18T15:50:39.885952,4,0.0,0,0,0,0.0,48.38
2026-07-18T15:50:39.888590,2,0.0,0,0,0,0.0,48.38
2026-07-18T15:50:39.888906,1,0.0,0,0,0,0.0,48.38
2026-07-18T15:50:39.889014,3,0.0,0,0,0,0.0,48.38
2026-07-18T15:50:41.889735,1,0.0,0,0,0,0.0,48.38
2026-07-18T15:50:41.889893,4,0.0,0,0,0,0.0,48.38
2026-07-18T15:50:41.891442,3,0.0,0,0,0,0.0,48.38
2026-07-18T15:50:41.891821,2,0.0,0,0,0,0.0,48.38
2026-07-18T15:50:43.892983,4,0.0,0,0,0,0.5,48.38
2026-07-18T15:50:43.895822,1,0.0,0,0,0,0.0,48.38
2026-07-18T15:50:43.896549,2,0.0,0,0,0,1457.6,48.38
2026-07-18T15:50:43.896882,3,0.0,0,0,0,0.0,48.38
2026-07-18T15:50:45.894464,4,0.0,0,0,0,0.0,48.38
2026-07-18T15:50:45.896246,1,0.0,0,0,0,0.0,48.38
2026-07-18T15:50:45.896835,3,0.0,0,0,0,0.0,48.38
2026-07-18T15:50:45.897060,2,0.0,0,0,0,0.0,48.38
2026-07-18T15:50:47.896843,4,0.0,0,0,0,0.5,48.38
2026-07-18T15:50:47.898391,3,0.0,0,0,0,0.0,48.38
2026-07-18T15:50:47.898665,2,0.0,0,0,0,0.0,48.38
2026-07-18T15:50:47.898771,1,0.0,0,0,0,0.0,48.38
2026-07-18T15:50:49.898550,4,0.0,0,0,0,0.0,48.38
2026-07-18T15:50:49.900535,1,0.0,0,0,0,0.0,48.38
2026-07-18T15:50:49.902541,2,0.0,0,0,0,0.0,48.38
2026-07-18T15:50:49.902686,3,0.0,0,0,0,0.0,48.38
2026-07-18T15:50:51.904308,2,0.0,0,0,0,0.0,48.38
2026-07-18T15:50:51.904693,1,0.0,0,0,0,0.0,48.38
2026-07-18T15:50:51.904841,4,0.0,0,0,0,0.0,48.38
2026-07-18T15:50:51.904928,3,0.0,0,0,0,0.0,48.38
2026-07-18T15:50:53.904686,4,0.0,0,0,0,0.5,48.38
2026-07-18T15:50:53.905808,2,0.0,0,0,0,929.1,48.38
2026-07-18T15:50:53.906013,3,0.0,0,0,0,0.0,48.38
2026-07-18T15:50:53.906134,1,0.0,0,0,0,0.0,48.38
2026-07-18T15:50:55.907075,4,0.0,0,0,0,0.0,48.38
2026-07-18T15:50:55.908254,3,0.0,0,0,0,0.0,48.38
2026-07-18T15:50:55.908405,2,0.0,0,0,0,0.0,48.38
2026-07-18T15:50:55.909651,1,0.0,0,0,0,0.0,48.38
2026-07-18T15:50:57.910251,2,0.0,0,0,0,0.0,48.38
2026-07-18T15:50:57.911733,4,0.0,0,0,0,0.0,48.38
2026-07-18T15:50:57.912709,1,0.0,0,0,0,0.0,48.38
2026-07-18T15:50:57.912881,3,0.0,0,0,0,0.0,48.38
2026-07-18T15:50:59.911673,4,0.0,0,0,0,0.0,48.38
2026-07-18T15:50:59.912669,1,0.0,0,0,0,0.0,48.38
2026-07-18T15:50:59.912828,3,0.0,0,0,0,0.0,48.38
2026-07-18T15:50:59.913452,2,0.0,0,0,0,0.0,48.38
2026-07-18T15:51:01.913816,4,0.0,0,0,0,0.0,48.38
2026-07-18T15:51:01.917738,3,0.0,0,0,0,261.0,48.38
2026-07-18T15:51:01.918484,1,0.0,0,0,0,0.0,48.38
2026-07-18T15:51:01.918878,2,0.0,0,0,0,0.0,48.38
2026-07-18T15:51:03.916310,4,0.0,0,0,0,0.0,48.38
2026-07-18T15:51:03.917510,3,0.0,0,0,0,0.0,48.38
2026-07-18T15:51:03.918403,2,0.0,0,0,0,1165.3,48.38
2026-07-18T15:51:03.918597,1,0.0,0,0,0,0.0,48.38
2026-07-18T15:51:05.919684,4,0.0,0,0,0,0.0,48.38
2026-07-18T15:51:05.921497,1,0.0,0,0,0,475.3,48.38
2026-07-18T15:51:05.921793,2,0.0,0,0,0,0.0,48.38
2026-07-18T15:51:05.921934,3,0.0,0,0,0,0.0,48.38
2026-07-18T15:51:07.920682,4,0.0,0,0,0,0.0,48.38
2026-07-18T15:51:07.922140,1,0.0,0,0,0,0.0,48.38
2026-07-18T15:51:07.922254,2,0.0,0,0,0,0.0,48.38
2026-07-18T15:51:07.922348,3,0.0,0,0,0,0.0,48.38
2026-07-18T15:51:09.923587,4,0.0,0,0,0,0.0,48.38
2026-07-18T15:51:09.924369,1,0.0,0,0,0,0.0,48.38
2026-07-18T15:51:09.924502,2,0.0,0,0,0,0.0,48.38
2026-07-18T15:51:09.924611,3,0.0,0,0,0,0.0,48.38
2026-07-18T15:51:11.926469,4,0.0,0,0,0,0.0,48.38
2026-07-18T15:51:11.927684,3,0.0,0,0,0,968.0,48.38
2026-07-18T15:51:11.928110,1,0.0,0,0,0,0.0,48.38
2026-07-18T15:51:11.928397,2,0.0,0,0,0,0.0,48.38
2026-07-18T15:51:13.927761,4,0.0,0,0,0,0.0,48.38
2026-07-18T15:51:13.929496,3,0.0,0,0,0,0.0,48.38
2026-07-18T15:51:13.929824,2,0.0,0,0,0,0.0,48.38
2026-07-18T15:51:13.929916,1,0.0,0,0,0,0.0,48.38
2026-07-18T15:51:15.931882,4,0.0,0,0,0,0.0,48.38
2026-07-18T15:51:15.933828,3,0.0,0,0,0,0.0,48.38
2026-07-18T15:51:15.934074,1,0.0,0,0,0,0.0,48.38
2026-07-18T15:51:15.934193,2,0.0,0,0,0,0.0,48.38
2026-07-18T15:51:17.933698,1,0.0,0,0,0,0.5,48.38
2026-07-18T15:51:17.933899,4,0.0,0,0,0,0.0,48.38
2026-07-18T15:51:17.933993,3,0.0,0,0,0,0.0,48.38
2026-07-18T15:51:17.934982,2,0.0,0,0,0,0.0,48.38
2026-07-18T15:51:19.935811,4,0.0,0,0,0,0.0,48.38
2026-07-18T15:51:19.936929,2,0.0,0,0,0,884.3,48.38
2026-07-18T15:51:19.937139,3,0.0,0,0,0,0.0,48.38
2026-07-18T15:51:19.937681,1,0.0,0,0,0,0.0,48.38
2026-07-18T15:51:21.940554,4,0.0,0,0,0,0.0,48.38
2026-07-18T15:51:21.940764,1,0.0,0,0,0,0.0,48.38
2026-07-18T15:51:21.941221,3,0.0,0,0,0,0.0,48.38
2026-07-18T15:51:21.941379,2,0.0,0,0,0,0.0,48.38
2026-07-18T15:51:23.942462,4,0.0,0,0,0,0.0,48.38
2026-07-18T15:51:23.944850,3,0.0,0,0,0,0.0,48.38
2026-07-18T15:51:23.945438,2,0.0,0,0,0,1485.8,48.38
2026-07-18T15:51:23.945644,1,0.0,0,0,0,0.0,48.38
2026-07-18T15:51:25.946656,1,0.0,0,0,0,0.0,48.38
2026-07-18T15:51:25.946807,4,0.0,0,0,0,0.0,48.38
2026-07-18T15:51:25.946902,2,0.0,0,0,0,0.0,48.38
2026-07-18T15:51:25.947420,3,0.0,0,0,0,0.0,48.38
2026-07-18T15:51:27.947482,4,0.0,0,0,0,0.0,48.38
2026-07-18T15:51:27.948373,3,0.0,0,0,0,0.0,48.38
2026-07-18T15:51:27.948725,1,0.0,0,0,0,0.0,48.38
2026-07-18T15:51:27.949097,2,0.0,0,0,0,0.0,48.38
2026-07-18T15:51:29.949776,4,0.0,0,0,0,0.0,48.38
2026-07-18T15:51:29.951841,1,0.0,0,0,0,475.9,48.38
2026-07-18T15:51:29.952496,3,0.0,0,0,0,0.0,48.38
2026-07-18T15:51:29.952788,2,0.0,0,0,0,0.0,48.38
2026-07-18T15:51:31.951755,4,0.0,0,0,0,0.0,48.38
2026-07-18T15:51:31.953315,2,0.0,0,0,0,0.0,48.38
2026-07-18T15:51:31.953444,3,0.0,0,0,0,0.0,48.38
2026-07-18T15:51:31.953519,1,0.0,0,0,0,0.0,48.38
2026-07-18T15:51:33.955917,4,0.0,0,0,0,0.0,48.38
2026-07-18T15:51:33.956892,2,0.0,0,0,0,0.0,48.38
2026-07-18T15:51:33.957007,3,0.0,0,0,0,0.0,48.38
2026-07-18T15:51:33.957079,1,0.0,0,0,0,0.0,48.38
2026-07-18T15:51:35.960934,4,0.0,0,0,0,0.5,48.38
2026-07-18T15:51:35.965403,3,0.0,0,0,0,199.5,48.38
2026-07-18T15:51:35.965818,1,0.0,0,0,0,0.0,48.38
2026-07-18T15:51:35.966055,2,0.0,0,0,0,0.0,48.38
2026-07-18T15:51:37.961749,4,0.0,0,0,0,0.0,48.38
2026-07-18T15:51:37.965277,3,0.0,0,0,0,0.0,48.38
2026-07-18T15:51:37.965698,2,0.0,0,0,0,0.0,48.38
2026-07-18T15:51:37.965960,1,0.0,0,0,0,0.0,48.38
2026-07-18T15:51:39.963969,4,0.0,0,0,0,0.5,48.38
2026-07-18T15:51:39.966553,2,0.0,0,0,0,0.0,48.38
2026-07-18T15:51:39.966811,3,0.0,0,0,0,0.0,48.38
2026-07-18T15:51:39.967417,1,0.0,0,0,0,0.0,48.38
2026-07-18T15:51:41.966340,4,0.0,0,0,0,0.0,48.38
2026-07-18T15:51:41.967513,2,0.0,0,0,0,0.0,48.38
2026-07-18T15:51:41.967672,3,0.0,0,0,0,0.0,48.38
2026-07-18T15:51:41.967750,1,0.0,0,0,0,0.0,48.38
2026-07-18T15:51:43.969389,1,0.0,0,0,0,0.0,48.38
2026-07-18T15:51:43.969622,4,0.0,0,0,0,0.0,48.38
2026-07-18T15:51:43.969714,3,0.0,0,0,0,0.0,48.38
2026-07-18T15:51:43.969787,2,0.0,0,0,0,0.0,48.38
2026-07-18T15:51:45.972291,2,0.0,0,0,0,0.5,48.38
2026-07-18T15:51:45.972443,3,0.0,0,0,0,0.0,48.38
2026-07-18T15:51:45.972516,4,0.0,0,0,0,0.0,48.38
2026-07-18T15:51:45.972585,1,0.0,0,0,0,0.0,48.38
2026-07-18T15:51:47.973794,4,0.0,0,0,0,0.0,48.38
2026-07-18T15:51:47.975400,2,0.0,0,0,0,0.0,48.38
2026-07-18T15:51:47.975744,3,0.0,0,0,0,0.0,48.38
2026-07-18T15:51:47.975941,1,0.0,0,0,0,0.0,48.38
2026-07-18T15:51:49.978532,4,0.0,0,0,0,0.5,48.38
2026-07-18T15:51:49.980420,2,0.0,0,0,0,0.0,48.38
2026-07-18T15:51:49.980828,3,0.0,0,0,0,0.0,48.38
2026-07-18T15:51:49.981077,1,0.0,0,0,0,3111.8,48.38
2026-07-18T15:51:51.980019,4,0.0,0,0,0,0.0,48.38
2026-07-18T15:51:51.980225,1,0.0,0,0,0,0.0,48.38
2026-07-18T15:51:51.981657,3,0.0,0,0,0,0.0,48.38
2026-07-18T15:51:51.982468,2,0.0,0,0,0,0.0,48.38
2026-07-18T15:51:53.984825,2,0.0,0,0,0,0.0,48.38
2026-07-18T15:51:53.985420,4,0.0,0,0,0,0.0,48.38
2026-07-18T15:51:53.985684,1,0.0,0,0,0,0.0,48.38
2026-07-18T15:51:53.985778,3,0.0,0,0,0,0.0,48.38
2026-07-18T15:51:55.985695,4,0.0,0,0,0,0.0,48.38
2026-07-18T15:51:55.986959,3,0.0,0,0,0,787.6,48.38
2026-07-18T15:51:55.987126,2,0.0,0,0,0,0.0,48.38
2026-07-18T15:51:55.987203,1,0.0,0,0,0,0.0,48.38
2026-07-18T15:51:57.987891,4,0.0,0,0,0,0.0,48.38
2026-07-18T15:51:57.989206,3,0.0,0,0,0,0.0,48.38
2026-07-18T15:51:57.990878,2,0.0,0,0,0,0.0,48.38
2026-07-18T15:51:57.991611,1,0.0,0,0,0,0.0,48.38
2026-07-18T15:51:59.991900,4,0.0,0,0,0,0.0,48.38
2026-07-18T15:51:59.992581,1,0.0,0,0,0,0.0,48.38
2026-07-18T15:51:59.993893,3,0.0,0,0,0,0.0,48.38
2026-07-18T15:51:59.994457,2,0.0,0,0,0,0.0,48.38
2026-07-18T15:52:01.995850,4,0.0,0,0,0,0.5,48.38
2026-07-18T15:52:01.996649,1,0.0,0,0,0,0.0,48.38
2026-07-18T15:52:01.998739,3,0.0,0,0,0,0.0,48.38
2026-07-18T15:52:01.999652,2,0.0,0,0,0,0.0,48.38
2026-07-18T15:52:03.997579,4,0.0,0,0,0,0.0,48.38
2026-07-18T15:52:03.998797,3,0.0,0,0,0,782.2,48.38
2026-07-18T15:52:03.999239,1,0.0,0,0,0,0.0,48.38
2026-07-18T15:52:03.999447,2,0.0,0,0,0,0.0,48.38
2026-07-18T15:52:06.002733,2,0.0,0,0,0,0.0,48.38
2026-07-18T15:52:06.003518,4,0.0,0,0,0,0.0,48.38
2026-07-18T15:52:06.005013,1,0.0,0,0,0,0.0,48.38
2026-07-18T15:52:06.005693,3,0.0,0,0,0,0.0,48.38
2026-07-18T15:52:08.002019,4,0.0,0,0,0,0.0,48.38
2026-07-18T15:52:08.004310,3,0.0,0,0,0,0.0,48.38
2026-07-18T15:52:08.004485,2,0.0,0,0,0,0.0,48.38
2026-07-18T15:52:08.004559,1,0.0,0,0,0,0.0,48.38
2026-07-18T15:52:10.007809,4,0.0,0,0,0,0.5,48.38
2026-07-18T15:52:10.011787,2,0.0,0,0,0,0.0,48.38
2026-07-18T15:52:10.012668,1,0.0,0,0,0,0.0,48.38
2026-07-18T15:52:10.013471,3,0.0,0,0,0,0.0,48.38
2026-07-18T15:52:12.007666,2,0.0,0,0,0,0.5,48.38
2026-07-18T15:52:12.007836,4,0.0,0,0,0,0.0,48.38
2026-07-18T15:52:12.007910,1,0.0,0,0,0,0.0,48.38
2026-07-18T15:52:12.007979,3,0.0,0,0,0,0.0,48.38
2026-07-18T15:52:14.012041,4,0.0,0,0,0,0.5,48.38
2026-07-18T15:52:14.015661,2,0.0,0,0,0,0.0,48.38
2026-07-18T15:52:14.016512,1,0.0,0,0,0,0.0,48.38
2026-07-18T15:52:14.016830,3,0.0,0,0,0,0.0,48.38
2026-07-18T15:52:16.011125,4,0.0,0,0,0,0.0,48.38
2026-07-18T15:52:16.013276,3,0.0,0,0,0,0.0,48.38
2026-07-18T15:52:16.013451,1,0.0,0,0,0,0.0,48.38
2026-07-18T15:52:16.013532,2,0.0,0,0,0,0.0,48.38
2026-07-18T15:52:18.014729,4,0.0,0,0,0,0.5,48.38
2026-07-18T15:52:18.015605,1,0.0,0,0,0,0.0,48.38
2026-07-18T15:52:18.015719,2,0.0,0,0,0,0.0,48.38
2026-07-18T15:52:18.015788,3,0.0,0,0,0,0.0,48.38
2026-07-18T15:52:20.019334,4,0.0,0,0,0,0.0,48.38
2026-07-18T15:52:20.021689,2,0.0,0,0,0,0.0,48.38
2026-07-18T15:52:20.022667,3,0.0,0,0,0,0.0,48.38
2026-07-18T15:52:20.022902,1,0.0,0,0,0,0.0,48.38
2026-07-18T15:52:22.022782,4,0.0,0,0,0,0.0,48.38
2026-07-18T15:52:22.025692,3,0.0,0,0,0,0.0,48.38
2026-07-18T15:52:22.025848,2,0.0,0,0,0,0.0,48.38
2026-07-18T15:52:22.025962,1,0.0,0,0,0,0.0,48.38
2026-07-18T15:52:24.025025,4,0.0,0,0,0,0.5,48.38
2026-07-18T15:52:24.028312,3,0.0,0,0,0,0.0,48.38
2026-07-18T15:52:24.028597,2,0.0,0,0,0,0.0,48.38
2026-07-18T15:52:24.028730,1,0.0,0,0,0,0.0,48.38
2026-07-18T15:52:26.026984,4,0.0,0,0,0,0.0,48.38
2026-07-18T15:52:26.028868,1,0.0,0,0,0,0.0,48.38
2026-07-18T15:52:26.029930,3,0.0,0,0,0,0.0,48.38
2026-07-18T15:52:26.030106,2,0.0,0,0,0,0.0,48.38
2026-07-18T15:52:28.029723,1,0.0,0,0,0,0.5,48.38
2026-07-18T15:52:28.030056,4,0.0,0,0,0,0.0,48.38
2026-07-18T15:52:28.031133,2,0.0,0,0,0,0.0,48.38
2026-07-18T15:52:28.031336,3,0.0,0,0,0,0.0,48.38
2026-07-18T15:52:30.031669,4,0.0,0,0,0,0.0,48.38
2026-07-18T15:52:30.033641,2,0.0,0,0,0,0.0,48.38
2026-07-18T15:52:30.033758,3,0.0,0,0,0,0.0,48.38
2026-07-18T15:52:30.033861,1,0.0,0,0,0,0.0,48.38
2026-07-18T15:52:32.035031,1,0.0,0,0,0,0.0,48.38
2026-07-18T15:52:32.035150,4,0.0,0,0,0,0.0,48.38
2026-07-18T15:52:32.035908,2,0.0,0,0,0,0.0,48.38
2026-07-18T15:52:32.036011,3,0.0,0,0,0,0.0,48.38
2026-07-18T15:52:34.037954,2,0.0,0,0,0,0.5,48.38
2026-07-18T15:52:34.038088,4,0.0,0,0,0,0.0,48.38
2026-07-18T15:52:34.039081,3,0.0,0,0,0,0.0,48.38
2026-07-18T15:52:34.039563,1,0.0,0,0,0,0.0,48.38
2026-07-18T15:52:36.039936,4,0.0,0,0,0,0.0,48.38
2026-07-18T15:52:36.040851,2,0.0,0,0,0,0.0,48.38
2026-07-18T15:52:36.040962,1,0.0,0,0,0,0.0,48.38
2026-07-18T15:52:36.041033,3,0.0,0,0,0,0.0,48.38
2026-07-18T15:52:38.043902,3,0.0,0,0,0,0.5,48.38
2026-07-18T15:52:38.044063,1,0.0,0,0,0,0.0,48.38
2026-07-18T15:52:38.044135,4,0.0,0,0,0,0.0,48.38
2026-07-18T15:52:38.044381,2,0.0,0,0,0,0.0,48.38
2026-07-18T15:52:40.051650,2,0.0,0,0,0,0.5,48.38
2026-07-18T15:52:40.051881,1,0.0,0,0,0,0.0,48.38
2026-07-18T15:52:40.051970,4,0.0,0,0,0,0.0,48.38
2026-07-18T15:52:40.052040,3,0.0,0,0,0,0.0,48.38
2026-07-18T15:52:42.083301,1,0.0,0,0,0,0.0,48.38
2026-07-18T15:52:42.083638,4,0.0,0,0,0,0.0,48.38
2026-07-18T15:52:42.084515,3,0.0,0,0,0,0.0,48.38
2026-07-18T15:52:42.084627,2,0.0,0,0,0,0.0,48.38
2026-07-18T15:52:44.086311,2,0.0,0,0,0,0.0,48.38
2026-07-18T15:52:44.086539,1,0.0,0,0,0,0.0,48.38
2026-07-18T15:52:44.086636,3,0.0,0,0,0,0.0,48.38
2026-07-18T15:52:44.086710,4,0.0,0,0,0,10643.3,48.38
2026-07-18T15:52:46.084719,4,0.0,0,0,0,0.0,48.38
2026-07-18T15:52:46.085826,3,0.0,0,0,0,0.0,48.38
2026-07-18T15:52:46.086296,2,0.0,0,0,0,0.0,48.38
2026-07-18T15:52:46.086539,1,0.0,0,0,0,0.0,48.38
2026-07-18T15:52:48.089409,4,0.0,0,0,0,0.0,48.38
2026-07-18T15:52:48.089699,1,0.0,0,0,0,0.0,48.38
2026-07-18T15:52:48.089792,2,0.0,0,0,0,0.0,48.38
2026-07-18T15:52:48.089865,3,0.0,0,0,0,0.0,48.38
2026-07-18T15:52:50.093173,4,0.0,0,0,0,0.5,48.38
2026-07-18T15:52:50.093389,2,0.0,0,0,0,0.0,48.38
2026-07-18T15:52:50.094897,3,0.0,0,0,0,0.0,48.38
2026-07-18T15:52:50.095645,1,0.0,0,0,0,0.0,48.38
2026-07-18T15:52:52.183938,1,0.0,0,0,0,9.1,48.38
2026-07-18T15:52:52.184775,4,0.0,0,0,0,0.0,48.38
2026-07-18T15:52:52.185161,3,0.0,0,0,0,0.0,48.38
2026-07-18T15:52:52.185903,2,0.0,0,0,0,0.0,48.38
2026-07-18T15:52:54.155661,4,0.0,0,0,0,0.5,48.38
2026-07-18T15:52:54.157775,3,0.0,0,0,0,377.0,48.38
2026-07-18T15:52:54.157998,2,0.0,0,0,0,0.0,48.38
2026-07-18T15:52:54.158100,1,0.0,0,0,0,0.0,48.38
2026-07-18T15:52:56.158334,4,0.0,0,0,0,0.0,48.38
2026-07-18T15:52:56.162293,1,0.0,0,0,0,0.0,48.38
2026-07-18T15:52:56.162560,2,0.0,0,0,0,0.0,48.38
2026-07-18T15:52:56.163026,3,0.0,0,0,0,0.0,48.38
2026-07-18T15:52:58.163549,4,0.0,0,0,0,0.5,48.38
2026-07-18T15:52:58.163983,1,0.0,0,0,0,0.0,48.38
2026-07-18T15:52:58.164485,2,0.0,0,0,0,0.0,48.38
2026-07-18T15:52:58.164937,3,0.0,0,0,0,0.0,48.38
2026-07-18T15:53:00.163643,2,0.0,0,0,0,0.0,48.38
2026-07-18T15:53:00.163832,1,0.0,0,0,0,0.0,48.38
2026-07-18T15:53:00.163912,4,0.0,0,0,0,0.0,48.38
2026-07-18T15:53:00.163982,3,0.0,0,0,0,0.0,48.38
2026-07-18T15:53:02.166226,4,0.0,0,0,0,0.0,48.38
2026-07-18T15:53:02.166922,3,0.0,0,0,0,0.0,48.38
2026-07-18T15:53:02.167036,1,0.0,0,0,0,0.0,48.38
2026-07-18T15:53:02.168032,2,0.0,0,0,0,0.0,48.38
2026-07-18T15:53:04.168101,4,0.0,0,0,0,0.0,48.38
2026-07-18T15:53:04.169060,1,0.0,0,0,0,0.0,48.38
2026-07-18T15:53:04.170621,2,0.0,0,0,0,655.4,48.38
2026-07-18T15:53:04.170823,3,0.0,0,0,0,0.0,48.38
2026-07-18T15:53:06.175269,4,0.0,0,0,0,0.0,48.38
2026-07-18T15:53:06.179039,1,0.0,0,0,0,0.0,48.38
2026-07-18T15:53:06.179988,3,0.0,0,0,0,0.0,48.38
2026-07-18T15:53:06.180924,2,0.0,0,0,0,0.0,48.38
2026-07-18T15:53:08.175817,4,0.0,0,0,0,0.5,48.38
2026-07-18T15:53:08.177804,3,0.0,0,0,0,0.0,48.38
2026-07-18T15:53:08.178119,2,0.0,0,0,0,0.0,48.38
2026-07-18T15:53:08.178853,1,0.0,0,0,0,0.0,48.38
2026-07-18T15:53:10.181986,3,0.0,0,0,0,0.0,48.38
2026-07-18T15:53:10.182588,2,0.0,0,0,0,0.0,48.38
2026-07-18T15:53:10.182722,4,0.0,0,0,0,0.0,48.38
2026-07-18T15:53:10.183939,1,0.0,0,0,0,0.0,48.38
2026-07-18T15:53:12.191948,3,0.0,0,0,0,1.0,48.38
2026-07-18T15:53:12.193464,4,0.0,0,0,0,0.0,48.38
2026-07-18T15:53:12.194485,2,0.0,0,0,0,0.0,48.38
2026-07-18T15:53:12.196711,1,0.0,0,0,0,0.0,48.38
2026-07-18T15:53:14.191670,4,0.0,0,0,0,0.0,48.38
2026-07-18T15:53:14.191894,2,0.0,0,0,0,0.0,48.38
2026-07-18T15:53:14.192566,3,0.0,0,0,0,0.0,48.38
2026-07-18T15:53:14.192660,1,0.0,0,0,0,0.0,48.38
2026-07-18T15:53:16.192476,4,0.0,0,0,0,0.0,48.38
2026-07-18T15:53:16.193662,2,0.0,0,0,0,0.0,48.38
2026-07-18T15:53:16.193766,3,0.0,0,0,0,0.0,48.38
2026-07-18T15:53:16.193833,1,0.0,0,0,0,0.0,48.38
2026-07-18T15:53:18.195175,4,0.0,0,0,0,0.5,48.38
2026-07-18T15:53:18.196754,3,0.0,0,0,0,0.0,48.38
2026-07-18T15:53:18.197276,2,0.0,0,0,0,0.0,48.38
2026-07-18T15:53:18.197419,1,0.0,0,0,0,0.0,48.38
2026-07-18T15:53:20.199030,4,0.0,0,0,0,0.0,48.38
2026-07-18T15:53:20.200786,1,0.0,0,0,0,0.0,48.38
2026-07-18T15:53:20.201131,3,0.0,0,0,0,0.0,48.38
2026-07-18T15:53:20.201654,2,0.0,0,0,0,0.0,48.38
2026-07-18T15:53:22.207117,2,0.0,0,0,0,0.5,48.38
2026-07-18T15:53:22.208244,1,0.0,0,0,0,0.0,48.38
2026-07-18T15:53:22.211614,3,0.0,0,0,0,0.0,48.38
2026-07-18T15:53:22.212193,4,0.0,0,0,0,0.0,48.38
2026-07-18T15:53:24.202546,4,0.0,0,0,0,0.5,48.38
2026-07-18T15:53:24.204035,3,0.0,0,0,0,0.0,48.38
2026-07-18T15:53:24.204193,2,0.0,0,0,0,0.0,48.38
2026-07-18T15:53:24.204693,1,0.0,0,0,0,0.0,48.38
2026-07-18T15:53:26.205197,4,0.0,0,0,0,0.0,48.38
2026-07-18T15:53:26.207867,1,0.0,0,0,0,0.0,48.38
2026-07-18T15:53:26.208111,2,0.0,0,0,0,0.0,48.38
2026-07-18T15:53:26.208200,3,0.0,0,0,0,0.0,48.38
2026-07-18T15:53:28.208176,4,0.0,0,0,0,0.0,48.38
2026-07-18T15:53:28.210439,3,0.0,0,0,0,0.0,48.38
2026-07-18T15:53:28.210702,2,0.0,0,0,0,0.0,48.38
2026-07-18T15:53:28.210819,1,0.0,0,0,0,0.0,48.38
2026-07-18T15:53:30.210879,4,0.0,0,0,0,0.5,48.38
2026-07-18T15:53:30.214732,2,0.0,0,0,0,0.0,48.38
2026-07-18T15:53:30.214963,3,0.0,0,0,0,0.0,48.38
2026-07-18T15:53:30.215088,1,0.0,0,0,0,0.0,48.38
2026-07-18T15:53:32.211143,4,0.0,0,0,0,0.0,48.38
2026-07-18T15:53:32.212623,3,0.0,0,0,0,0.0,48.38
2026-07-18T15:53:32.213322,1,0.0,0,0,0,0.0,48.38
2026-07-18T15:53:32.213611,2,0.0,0,0,0,0.0,48.38
2026-07-18T15:53:34.214827,1,0.0,0,0,0,0.0,48.38
2026-07-18T15:53:34.215251,2,0.0,0,0,0,0.0,48.38
2026-07-18T15:53:34.215511,4,0.0,0,0,0,2216.9,48.38
2026-07-18T15:53:34.215597,3,0.0,0,0,0,0.0,48.38
2026-07-18T15:53:36.218025,4,0.0,0,0,0,0.0,48.38
2026-07-18T15:53:36.220366,1,0.0,0,0,0,0.0,48.38
2026-07-18T15:53:36.220817,3,0.0,0,0,0,0.0,48.38
2026-07-18T15:53:36.221035,2,0.0,0,0,0,0.0,48.38
2026-07-18T15:53:38.218618,4,0.0,0,0,0,0.0,48.38
2026-07-18T15:53:38.219660,1,0.0,0,0,0,0.0,48.38
2026-07-18T15:53:38.219862,2,0.0,0,0,0,0.0,48.38
2026-07-18T15:53:38.220060,3,0.0,0,0,0,0.0,48.38
2026-07-18T15:53:40.222184,3,0.0,0,0,0,0.5,48.38
2026-07-18T15:53:40.222373,1,0.0,0,0,0,0.0,48.38
2026-07-18T15:53:40.222458,4,0.0,0,0,0,0.0,48.38
2026-07-18T15:53:40.222529,2,0.0,0,0,0,0.0,48.38
2026-07-18T15:53:42.223698,4,0.0,0,0,0,0.5,48.38
2026-07-18T15:53:42.224296,1,0.0,0,0,0,0.0,48.38
2026-07-18T15:53:42.225553,2,0.0,0,0,0,0.0,48.38
2026-07-18T15:53:42.225695,3,0.0,0,0,0,0.0,48.38
2026-07-18T15:53:44.225916,4,0.0,0,0,0,0.0,48.38
2026-07-18T15:53:44.227950,2,0.0,0,0,0,0.0,48.38
2026-07-18T15:53:44.228352,1,0.0,0,0,0,0.0,48.38
2026-07-18T15:53:44.228565,3,0.0,0,0,0,0.0,48.38
2026-07-18T15:53:46.229689,1,0.0,0,0,0,0.0,48.38
2026-07-18T15:53:46.229950,4,0.0,0,0,0,0.0,48.38
2026-07-18T15:53:46.232480,3,0.0,0,0,0,0.0,48.38
2026-07-18T15:53:46.232683,2,0.0,0,0,0,0.0,48.38
2026-07-18T15:53:48.231900,4,0.0,0,0,0,0.5,48.38
2026-07-18T15:53:48.234854,2,0.0,0,0,0,0.0,48.38
2026-07-18T15:53:48.235687,3,0.0,0,0,0,0.0,48.38
2026-07-18T15:53:48.236249,1,0.0,0,0,0,0.0,48.38
2026-07-18T15:53:50.234268,4,0.0,0,0,0,0.0,48.38
2026-07-18T15:53:50.235806,3,0.0,0,0,0,0.0,48.38
2026-07-18T15:53:50.236053,1,0.0,0,0,0,0.0,48.38
2026-07-18T15:53:50.236182,2,0.0,0,0,0,0.0,48.38
2026-07-18T15:53:52.236942,4,0.0,0,0,0,0.5,48.38
2026-07-18T15:53:52.238462,3,0.0,0,0,0,0.0,48.38
2026-07-18T15:53:52.238683,1,0.0,0,0,0,0.0,48.38
2026-07-18T15:53:52.239783,2,0.0,0,0,0,0.0,48.38
2026-07-18T15:53:54.240055,4,0.0,0,0,0,0.0,48.38
2026-07-18T15:53:54.241592,3,0.0,0,0,0,0.0,48.38
2026-07-18T15:53:54.241802,2,0.0,0,0,0,0.0,48.38
2026-07-18T15:53:54.241886,1,0.0,0,0,0,0.0,48.38
2026-07-18T15:53:56.242011,4,0.0,0,0,0,0.0,48.38
2026-07-18T15:53:56.245101,1,0.0,0,0,0,0.0,48.38
2026-07-18T15:53:56.245717,3,0.0,0,0,0,2814.1,48.38
2026-07-18T15:53:56.246048,2,0.0,0,0,0,0.0,48.38
2026-07-18T15:53:58.246703,4,0.0,0,0,0,0.0,48.38
2026-07-18T15:53:58.249761,2,0.0,0,0,0,0.0,48.38
2026-07-18T15:53:58.250819,1,0.0,0,0,0,0.0,48.38
2026-07-18T15:53:58.251590,3,0.0,0,0,0,0.0,48.38
2026-07-18T15:54:00.246930,4,0.0,0,0,0,1.0,48.38
2026-07-18T15:54:00.250197,1,0.0,0,0,0,0.0,48.38
2026-07-18T15:54:00.250446,3,0.0,0,0,0,0.0,48.38
2026-07-18T15:54:00.251118,2,0.0,0,0,0,0.0,48.38
2026-07-18T15:54:02.274138,2,0.0,0,0,0,1.0,48.38
2026-07-18T15:54:02.274419,1,0.0,0,0,0,0.0,48.38
2026-07-18T15:54:02.274689,4,0.0,0,0,0,0.0,48.38
2026-07-18T15:54:02.274825,3,0.0,0,0,0,0.0,48.38
2026-07-18T15:54:04.252120,4,0.0,0,0,0,0.0,48.38
2026-07-18T15:54:04.254280,2,0.0,0,0,0,0.0,48.38
2026-07-18T15:54:04.254446,3,0.0,0,0,0,0.0,48.38
2026-07-18T15:54:04.254535,1,0.0,0,0,0,0.0,48.38
2026-07-18T15:54:06.254321,4,0.0,0,0,0,0.0,48.38
2026-07-18T15:54:06.258644,3,0.0,0,0,0,0.0,48.38
2026-07-18T15:54:06.259095,1,0.0,0,0,0,0.0,48.38
2026-07-18T15:54:06.259808,2,0.0,0,0,0,0.0,48.38
2026-07-18T15:54:08.257449,4,0.0,0,0,0,1.0,48.38
2026-07-18T15:54:08.258877,1,0.0,0,0,0,0.0,48.38
2026-07-18T15:54:08.259442,3,0.0,0,0,0,0.0,48.38
2026-07-18T15:54:08.260656,2,0.0,0,0,0,0.0,48.38
2026-07-18T15:54:10.259743,4,0.0,0,0,0,0.0,48.38
2026-07-18T15:54:10.261541,2,0.0,0,0,0,0.0,48.38
2026-07-18T15:54:10.261707,1,0.0,0,0,0,0.0,48.38
2026-07-18T15:54:10.261779,3,0.0,0,0,0,0.0,48.38
2026-07-18T15:54:12.262743,4,0.0,0,0,0,0.0,48.38
2026-07-18T15:54:12.264458,3,0.0,0,0,0,0.0,48.38
2026-07-18T15:54:12.264739,2,0.0,0,0,0,0.0,48.38
2026-07-18T15:54:12.264921,1,0.0,0,0,0,0.0,48.38
2026-07-18T15:54:14.264631,4,0.0,0,0,0,0.5,48.38
2026-07-18T15:54:14.265768,1,0.0,0,0,0,0.0,48.38
2026-07-18T15:54:14.265955,3,0.0,0,0,0,0.0,48.38
2026-07-18T15:54:14.266059,2,0.0,0,0,0,0.0,48.38
2026-07-18T15:54:16.266853,4,0.0,0,0,0,0.0,48.38
2026-07-18T15:54:16.267692,1,0.0,0,0,0,0.0,48.38
2026-07-18T15:54:16.268534,2,0.0,0,0,0,0.0,48.38
2026-07-18T15:54:16.269049,3,0.0,0,0,0,0.0,48.38
2026-07-18T15:54:18.268878,4,0.0,0,0,0,0.0,48.38
2026-07-18T15:54:18.270701,1,0.0,0,0,0,0.0,48.38
2026-07-18T15:54:18.270921,2,0.0,0,0,0,0.0,48.38
2026-07-18T15:54:18.271294,3,0.0,0,0,0,2693.7,48.38
2026-07-18T15:54:20.273324,3,0.0,0,0,0,0.0,48.38
2026-07-18T15:54:20.273612,1,0.0,0,0,0,0.0,48.38
2026-07-18T15:54:20.273807,4,0.0,0,0,0,0.0,48.38
2026-07-18T15:54:20.275332,2,0.0,0,0,0,0.0,48.38
2026-07-18T15:54:22.275291,1,0.0,0,0,0,0.0,48.38
2026-07-18T15:54:22.275525,4,0.0,0,0,0,0.0,48.38
2026-07-18T15:54:22.277299,2,0.0,0,0,0,0.0,48.38
2026-07-18T15:54:22.277580,3,0.0,0,0,0,0.0,48.38
2026-07-18T15:54:24.277018,3,0.0,0,0,0,0.5,48.38
2026-07-18T15:54:24.277184,4,0.0,0,0,0,0.0,48.38
2026-07-18T15:54:24.277264,1,0.0,0,0,0,0.0,48.38
2026-07-18T15:54:24.278034,2,0.0,0,0,0,1539.9,48.38
2026-07-18T15:54:26.279256,4,0.0,0,0,0,0.0,48.38
2026-07-18T15:54:26.280012,2,0.0,0,0,0,0.0,48.38
2026-07-18T15:54:26.280163,3,0.0,0,0,0,0.0,48.38
2026-07-18T15:54:26.280243,1,0.0,0,0,0,0.0,48.38
2026-07-18T15:54:28.282311,4,0.0,0,0,0,0.0,48.38
2026-07-18T15:54:28.283204,1,0.0,0,0,0,0.0,48.38
2026-07-18T15:54:28.285296,2,0.0,0,0,0,0.0,48.38
2026-07-18T15:54:28.285775,3,0.0,0,0,0,0.0,48.38
2026-07-18T15:54:30.284645,2,0.0,0,0,0,0.5,48.38
2026-07-18T15:54:30.284761,1,0.0,0,0,0,0.0,48.38
2026-07-18T15:54:30.284838,4,0.0,0,0,0,0.0,48.38
2026-07-18T15:54:30.284906,3,0.0,0,0,0,0.0,48.38
2026-07-18T15:54:32.286771,4,0.0,0,0,0,0.0,48.38
2026-07-18T15:54:32.288770,3,0.0,0,0,0,0.0,48.38
2026-07-18T15:54:32.289498,2,0.0,0,0,0,0.0,48.38
2026-07-18T15:54:32.289834,1,0.0,0,0,0,0.0,48.38
2026-07-18T15:54:34.289487,4,0.0,0,0,0,0.0,48.38
2026-07-18T15:54:34.291844,1,0.0,0,0,0,0.0,48.38
2026-07-18T15:54:34.292154,2,0.0,0,0,0,2620.4,48.38
2026-07-18T15:54:34.292782,3,0.0,0,0,0,0.0,48.38
2026-07-18T15:54:36.291797,4,0.0,0,0,0,0.0,48.38
2026-07-18T15:54:36.293365,3,0.0,0,0,0,0.0,48.38
2026-07-18T15:54:36.293629,1,0.0,0,0,0,0.0,48.38
2026-07-18T15:54:36.293734,2,0.0,0,0,0,0.0,48.38
2026-07-18T15:54:38.294076,4,0.0,0,0,0,0.0,48.38
2026-07-18T15:54:38.296588,1,0.0,0,0,0,0.0,48.38
2026-07-18T15:54:38.297239,3,0.0,0,0,0,0.0,48.38
2026-07-18T15:54:38.297791,2,0.0,0,0,0,0.0,48.38
2026-07-18T15:54:40.294925,2,0.0,0,0,0,0.5,48.38
2026-07-18T15:54:40.295036,4,0.0,0,0,0,0.0,48.38
2026-07-18T15:54:40.295105,3,0.0,0,0,0,0.0,48.38
2026-07-18T15:54:40.295170,1,0.0,0,0,0,0.0,48.38
2026-07-18T15:54:42.297420,4,0.0,0,0,0,0.5,48.38
2026-07-18T15:54:42.298011,1,0.0,0,0,0,0.0,48.38
2026-07-18T15:54:42.298299,2,0.0,0,0,0,0.0,48.38
2026-07-18T15:54:42.298444,3,0.0,0,0,0,0.0,48.38
2026-07-18T15:54:44.300693,4,0.0,0,0,0,0.0,48.38
2026-07-18T15:54:44.301950,3,0.0,0,0,0,0.0,48.38
2026-07-18T15:54:44.302108,1,0.0,0,0,0,0.0,48.38
2026-07-18T15:54:44.302560,2,0.0,0,0,0,0.0,48.38
2026-07-18T15:54:46.301279,4,0.0,0,0,0,0.0,48.38
2026-07-18T15:54:46.302887,2,0.0,0,0,0,0.0,48.38
2026-07-18T15:54:46.303227,3,0.0,0,0,0,0.0,48.38
2026-07-18T15:54:46.303344,1,0.0,0,0,0,0.0,48.38
2026-07-18T15:54:48.305253,3,0.0,0,0,0,0.5,48.38
2026-07-18T15:54:48.305478,2,0.0,0,0,0,0.0,48.38
2026-07-18T15:54:48.306257,4,0.0,0,0,0,0.0,48.38
2026-07-18T15:54:48.307656,1,0.0,0,0,0,0.0,48.38
2026-07-18T15:54:50.310373,4,0.0,0,0,0,0.0,48.38
2026-07-18T15:54:50.311895,1,0.0,0,0,0,0.0,48.38
2026-07-18T15:54:50.312545,2,0.0,0,0,0,0.0,48.38
2026-07-18T15:54:50.312787,3,0.0,0,0,0,0.0,48.38
2026-07-18T15:54:52.312184,3,0.0,0,0,0,0.5,48.38
2026-07-18T15:54:52.312433,2,0.0,0,0,0,0.0,48.38
2026-07-18T15:54:52.312545,4,0.0,0,0,0,0.0,48.38
2026-07-18T15:54:52.312627,1,0.0,0,0,0,0.0,48.38
2026-07-18T15:54:54.312784,4,0.0,0,0,0,0.0,48.38
2026-07-18T15:54:54.313601,3,0.0,0,0,0,0.0,48.38
2026-07-18T15:54:54.313706,1,0.0,0,0,0,0.0,48.38
2026-07-18T15:54:54.313927,2,0.0,0,0,0,4674.8,48.38
2026-07-18T15:54:56.315201,4,0.0,0,0,0,0.0,48.38
2026-07-18T15:54:56.316870,1,0.0,0,0,0,0.0,48.38
2026-07-18T15:54:56.317447,3,0.0,0,0,0,0.0,48.38
2026-07-18T15:54:56.317552,2,0.0,0,0,0,0.0,48.38
2026-07-18T15:54:58.317671,4,0.0,0,0,0,0.0,48.38
2026-07-18T15:54:58.319625,1,0.0,0,0,0,0.0,48.38
2026-07-18T15:54:58.320215,3,0.0,0,0,0,0.0,48.38
2026-07-18T15:54:58.320527,2,0.0,0,0,0,0.0,48.38
2026-07-18T15:55:00.321616,4,0.0,0,0,0,0.0,48.38
2026-07-18T15:55:00.323651,1,0.0,0,0,0,0.0,48.38
2026-07-18T15:55:00.324264,2,0.0,0,0,0,0.0,48.38
2026-07-18T15:55:00.324624,3,0.0,0,0,0,0.0,48.38
2026-07-18T15:55:02.322728,4,0.0,0,0,0,0.5,48.38
2026-07-18T15:55:02.324308,2,0.0,0,0,0,0.0,48.38
2026-07-18T15:55:02.324466,1,0.0,0,0,0,0.0,48.38
2026-07-18T15:55:02.324859,3,0.0,0,0,0,0.0,48.38
2026-07-18T15:55:04.326960,4,0.0,0,0,0,0.5,48.38
2026-07-18T15:55:04.327114,2,0.0,0,0,0,0.0,48.38
2026-07-18T15:55:04.328102,3,0.0,0,0,0,0.0,48.38
2026-07-18T15:55:04.328575,1,0.0,0,0,0,0.0,48.38
2026-07-18T15:55:06.329046,1,0.0,0,0,0,0.0,48.38
2026-07-18T15:55:06.329197,4,0.0,0,0,0,0.0,48.38
2026-07-18T15:55:06.330258,3,0.0,0,0,0,0.0,48.38
2026-07-18T15:55:06.330379,2,0.0,0,0,0,0.0,48.38
2026-07-18T15:55:08.334971,4,0.0,0,0,0,1.5,48.38
2026-07-18T15:55:08.337050,3,0.0,0,0,0,0.0,48.38
2026-07-18T15:55:08.337536,1,0.0,0,0,0,0.0,48.38
2026-07-18T15:55:08.337628,2,0.0,0,0,0,0.0,48.38
2026-07-18T15:55:10.331171,4,0.0,0,0,0,0.0,48.38
2026-07-18T15:55:10.332202,2,0.0,0,0,0,0.0,48.38
2026-07-18T15:55:10.332352,1,0.0,0,0,0,0.0,48.38
2026-07-18T15:55:10.332723,3,0.0,0,0,0,0.0,48.38
2026-07-18T15:55:12.333982,4,0.0,0,0,0,0.5,48.38
2026-07-18T15:55:12.335873,2,0.0,0,0,0,0.0,48.38
2026-07-18T15:55:12.336022,1,0.0,0,0,0,0.0,48.38
2026-07-18T15:55:12.336530,3,0.0,0,0,0,0.0,48.38
2026-07-18T15:55:14.336096,2,0.0,0,0,0,0.0,48.38
2026-07-18T15:55:14.336238,4,0.0,0,0,0,0.0,48.38
2026-07-18T15:55:14.336522,3,0.0,0,0,0,0.0,48.38
2026-07-18T15:55:14.336639,1,0.0,0,0,0,0.0,48.38
2026-07-18T15:55:16.341934,3,0.0,0,0,0,0.0,48.38
2026-07-18T15:55:16.342068,1,0.0,0,0,0,0.0,48.38
2026-07-18T15:55:16.342137,2,0.0,0,0,0,0.0,48.38
2026-07-18T15:55:16.342427,4,0.0,0,0,0,0.0,48.38
2026-07-18T15:55:18.341351,4,0.0,0,0,0,0.0,48.38
2026-07-18T15:55:18.342591,3,0.0,0,0,0,0.0,48.38
2026-07-18T15:55:18.342887,1,0.0,0,0,0,0.0,48.38
2026-07-18T15:55:18.343031,2,0.0,0,0,0,0.0,48.38
2026-07-18T15:55:20.345778,4,0.0,0,0,0,1.0,48.38
2026-07-18T15:55:20.345991,1,0.0,0,0,0,0.0,48.38
2026-07-18T15:55:20.346113,3,0.0,0,0,0,0.0,48.38
2026-07-18T15:55:20.347113,2,0.0,0,0,0,0.0,48.38
2026-07-18T15:55:22.346944,2,0.0,0,0,0,0.0,48.38
2026-07-18T15:55:22.347163,3,0.0,0,0,0,0.0,48.38
2026-07-18T15:55:22.347528,1,0.0,0,0,0,0.0,48.38
2026-07-18T15:55:22.347770,4,0.0,0,0,0,0.0,48.38
2026-07-18T15:55:24.351961,4,0.0,0,0,0,0.0,48.38
2026-07-18T15:55:24.357109,1,0.0,0,0,0,0.0,48.38
2026-07-18T15:55:24.357848,2,0.0,0,0,0,0.0,48.38
2026-07-18T15:55:24.358605,3,0.0,0,0,0,0.0,48.38
2026-07-18T15:55:26.351625,1,0.0,0,0,0,0.5,48.38
2026-07-18T15:55:26.351830,3,0.0,0,0,0,0.0,48.38
2026-07-18T15:55:26.351907,4,0.0,0,0,0,0.0,48.38
2026-07-18T15:55:26.352691,2,0.0,0,0,0,0.0,48.38
2026-07-18T15:55:28.353801,4,0.0,0,0,0,0.0,48.38
2026-07-18T15:55:28.355057,2,0.0,0,0,0,0.0,48.38
2026-07-18T15:55:28.355560,1,0.0,0,0,0,0.0,48.38
2026-07-18T15:55:28.355656,3,0.0,0,0,0,0.0,48.38
2026-07-18T15:55:30.357863,1,0.0,0,0,0,0.0,48.38
2026-07-18T15:55:30.357988,2,0.0,0,0,0,0.0,48.38
2026-07-18T15:55:30.358495,4,0.0,0,0,0,0.0,48.38
2026-07-18T15:55:30.358814,3,0.0,0,0,0,0.0,48.38
2026-07-18T15:55:32.359364,4,0.0,0,0,0,0.5,48.38
2026-07-18T15:55:32.359607,1,0.0,0,0,0,0.0,48.38
2026-07-18T15:55:32.359719,3,0.0,0,0,0,0.0,48.38
2026-07-18T15:55:32.360715,2,0.0,0,0,0,0.0,48.38
2026-07-18T15:55:34.362028,4,0.0,0,0,0,0.0,48.38
2026-07-18T15:55:34.363507,1,0.0,0,0,0,684.4,48.38
2026-07-18T15:55:34.363703,2,0.0,0,0,0,0.0,48.38
2026-07-18T15:55:34.363798,3,0.0,0,0,0,0.0,48.38
2026-07-18T15:55:36.625634,2,0.0,0,0,0,0.0,48.38
2026-07-18T15:55:36.626848,4,0.0,0,0,0,798.1,48.38
2026-07-18T15:55:36.627021,3,0.0,0,0,0,0.0,48.38
2026-07-18T15:55:36.627120,1,0.0,0,0,0,0.0,48.38
2026-07-18T15:55:38.446891,4,0.0,0,0,0,0.0,48.38
2026-07-18T15:55:38.453647,2,0.0,0,0,0,0.0,48.38
2026-07-18T15:55:38.453885,1,0.0,0,0,0,0.0,48.38
2026-07-18T15:55:38.453989,3,0.0,0,0,0,8728.7,48.38
2026-07-18T15:55:40.448279,4,0.0,0,0,0,0.0,48.38
2026-07-18T15:55:40.449605,2,0.0,0,0,0,0.0,48.38
2026-07-18T15:55:40.449815,1,0.0,0,0,0,0.0,48.38
2026-07-18T15:55:40.449917,3,0.0,0,0,0,0.0,48.38
2026-07-18T15:55:42.450766,4,0.0,0,0,0,0.0,48.38
2026-07-18T15:55:42.452714,3,0.0,0,0,0,0.0,48.38
2026-07-18T15:55:42.452861,2,0.0,0,0,0,0.0,48.38
2026-07-18T15:55:42.452957,1,0.0,0,0,0,0.0,48.38
2026-07-18T15:55:44.456365,4,0.0,0,0,0,0.0,48.38
2026-07-18T15:55:44.458792,1,0.0,0,0,0,357.9,48.38
2026-07-18T15:55:44.459158,2,0.0,0,0,0,0.0,48.38
2026-07-18T15:55:44.459990,3,0.0,0,0,0,0.0,48.38
2026-07-18T15:55:46.455889,4,0.0,0,0,0,0.0,48.38
2026-07-18T15:55:46.456073,1,0.0,0,0,0,0.0,48.38
2026-07-18T15:55:46.457405,2,0.0,0,0,0,1057.3,48.38
2026-07-18T15:55:46.457745,3,0.0,0,0,0,0.0,48.38
2026-07-18T15:55:48.458668,3,0.0,0,0,0,0.0,48.38
2026-07-18T15:55:48.458952,1,0.0,0,0,0,0.0,48.38
2026-07-18T15:55:48.459401,4,0.0,0,0,0,0.0,48.38
2026-07-18T15:55:48.459938,2,0.0,0,0,0,0.0,48.38
2026-07-18T15:55:50.460510,4,0.0,0,0,0,0.0,48.38
2026-07-18T15:55:50.461957,1,0.0,0,0,0,703.6,48.38
2026-07-18T15:55:50.462073,2,0.0,0,0,0,0.0,48.38
2026-07-18T15:55:50.462651,3,0.0,0,0,0,0.0,48.38
2026-07-18T15:55:52.464803,4,0.0,0,0,0,0.0,48.38
2026-07-18T15:55:52.466401,3,0.0,0,0,0,0.0,48.38
2026-07-18T15:55:52.466979,1,0.0,0,0,0,0.0,48.38
2026-07-18T15:55:52.467226,2,0.0,0,0,0,0.0,48.38
2026-07-18T15:55:54.465939,4,0.0,0,0,0,0.0,48.38
2026-07-18T15:55:54.466376,2,0.0,0,0,0,0.0,48.38
2026-07-18T15:55:54.466613,3,0.0,0,0,0,0.0,48.38
2026-07-18T15:55:54.467266,1,0.0,0,0,0,0.0,48.38
2026-07-18T15:55:56.639186,4,0.0,0,0,0,0.5,48.38
2026-07-18T15:55:56.645521,1,0.0,0,0,0,246.2,48.38
2026-07-18T15:55:56.645945,3,0.0,0,0,0,0.0,48.38
2026-07-18T15:55:56.646099,2,0.0,0,0,0,0.0,48.38
2026-07-18T15:55:58.636420,4,0.0,0,0,0,0.0,48.38
2026-07-18T15:55:58.638072,3,0.0,0,0,0,0.0,48.38
2026-07-18T15:55:58.638644,1,0.0,0,0,0,0.0,48.38
2026-07-18T15:55:58.638756,2,0.0,0,0,0,0.0,48.38
2026-07-18T15:56:00.641093,1,0.0,0,0,0,0.0,48.38
2026-07-18T15:56:00.641690,4,0.0,0,0,0,0.0,48.38
2026-07-18T15:56:00.648703,3,0.0,0,0,0,143.1,48.38
2026-07-18T15:56:00.648912,2,0.0,0,0,0,0.0,48.38
2026-07-18T15:56:02.642133,4,0.0,0,0,0,0.0,48.38
2026-07-18T15:56:02.642254,1,0.0,0,0,0,0.0,48.38
2026-07-18T15:56:02.642647,2,0.0,0,0,0,0.0,48.38
2026-07-18T15:56:02.642723,3,0.0,0,0,0,0.0,48.38
2026-07-18T15:56:04.644537,4,0.0,0,0,0,0.0,48.38
2026-07-18T15:56:04.645101,1,0.0,0,0,0,0.0,48.38
2026-07-18T15:56:04.646425,3,0.0,0,0,0,681.9,48.38
2026-07-18T15:56:04.646728,2,0.0,0,0,0,0.0,48.38
2026-07-18T15:56:06.647143,4,0.0,0,0,0,0.0,48.38
2026-07-18T15:56:06.648753,2,0.0,0,0,0,0.0,48.38
2026-07-18T15:56:06.648943,3,0.0,0,0,0,0.0,48.38
2026-07-18T15:56:06.649044,1,0.0,0,0,0,0.0,48.38
2026-07-18T15:56:08.648785,4,0.0,0,0,0,0.5,48.38
2026-07-18T15:56:08.650067,2,0.0,0,0,0,0.0,48.38
2026-07-18T15:56:08.650222,3,0.0,0,0,0,0.0,48.38
2026-07-18T15:56:08.650704,1,0.0,0,0,0,0.0,48.38
2026-07-18T15:56:10.651071,4,0.0,0,0,0,0.5,48.38
2026-07-18T15:56:10.651517,1,0.0,0,0,0,0.0,48.38
2026-07-18T15:56:10.651595,2,0.0,0,0,0,0.0,48.38
2026-07-18T15:56:10.651661,3,0.0,0,0,0,0.0,48.38
2026-07-18T15:56:12.654766,4,0.0,0,0,0,0.0,48.38
2026-07-18T15:56:12.655889,2,0.0,0,0,0,0.0,48.38
2026-07-18T15:56:12.656049,3,0.0,0,0,0,0.0,48.38
2026-07-18T15:56:12.656519,1,0.0,0,0,0,0.0,48.38
2026-07-18T15:56:14.655080,4,0.0,0,0,0,0.0,48.38
2026-07-18T15:56:14.656741,1,0.0,0,0,0,596.7,48.38
2026-07-18T15:56:14.656909,3,0.0,0,0,0,0.0,48.38
2026-07-18T15:56:14.657014,2,0.0,0,0,0,0.0,48.38
2026-07-18T15:56:16.657601,4,0.0,0,0,0,0.0,48.38
2026-07-18T15:56:16.661689,1,0.0,0,0,0,0.0,48.38
2026-07-18T15:56:16.662098,2,0.0,0,0,0,0.0,48.38
2026-07-18T15:56:16.662279,3,0.0,0,0,0,0.0,48.38
2026-07-18T15:56:18.661607,4,0.0,0,0,0,0.0,48.38
2026-07-18T15:56:18.665141,3,0.0,0,0,0,0.0,48.38
2026-07-18T15:56:18.665772,1,0.0,0,0,0,0.0,48.38
2026-07-18T15:56:18.665981,2,0.0,0,0,0,0.0,48.38
2026-07-18T15:56:20.662912,4,0.0,0,0,0,0.5,48.38
2026-07-18T15:56:20.664078,2,0.0,0,0,0,0.0,48.38
2026-07-18T15:56:20.664259,1,0.0,0,0,0,0.0,48.38
2026-07-18T15:56:20.664644,3,0.0,0,0,0,0.0,48.38
2026-07-18T15:56:22.669210,1,0.0,0,0,0,0.0,48.38
2026-07-18T15:56:22.669789,3,0.0,0,0,0,0.0,48.38
2026-07-18T15:56:22.669933,2,0.0,0,0,0,0.0,48.38
2026-07-18T15:56:22.670035,4,0.0,0,0,0,0.0,48.38
2026-07-18T15:56:24.668706,4,0.0,0,0,0,0.5,48.38
2026-07-18T15:56:24.668840,1,0.0,0,0,0,0.0,48.38
2026-07-18T15:56:24.669906,2,0.0,0,0,0,0.0,48.38
2026-07-18T15:56:24.670145,3,0.0,0,0,0,0.0,48.38
2026-07-18T15:56:26.671602,4,0.0,0,0,0,0.5,48.38
2026-07-18T15:56:26.671820,3,0.0,0,0,0,0.0,48.38
2026-07-18T15:56:26.671942,1,0.0,0,0,0,0.0,48.38
2026-07-18T15:56:26.672863,2,0.0,0,0,0,0.0,48.38
2026-07-18T15:56:28.672803,4,0.0,0,0,0,0.0,48.38
2026-07-18T15:56:28.673831,2,0.0,0,0,0,0.0,48.38
2026-07-18T15:56:28.673945,3,0.0,0,0,0,0.0,48.38
2026-07-18T15:56:28.674016,1,0.0,0,0,0,0.0,48.38
2026-07-18T15:56:30.675601,4,0.0,0,0,0,0.0,48.38
2026-07-18T15:56:30.676598,1,0.0,0,0,0,0.0,48.38
2026-07-18T15:56:30.676731,2,0.0,0,0,0,0.0,48.38
2026-07-18T15:56:30.676815,3,0.0,0,0,0,0.0,48.38
2026-07-18T15:56:32.676884,4,0.0,0,0,0,0.0,48.38
2026-07-18T15:56:32.678630,3,0.0,0,0,0,0.0,48.38
2026-07-18T15:56:32.679451,1,0.0,0,0,0,0.0,48.38
2026-07-18T15:56:32.679665,2,0.0,0,0,0,0.0,48.38
2026-07-18T15:56:34.679501,1,0.0,0,0,0,0.5,48.38
2026-07-18T15:56:34.679772,4,0.0,0,0,0,0.0,48.38
2026-07-18T15:56:34.679981,3,0.0,0,0,0,0.0,48.38
2026-07-18T15:56:34.680482,2,0.0,0,0,0,0.0,48.38
2026-07-18T15:56:36.683090,2,0.0,0,0,0,0.5,48.38
2026-07-18T15:56:36.683256,4,0.0,0,0,0,0.0,48.38
2026-07-18T15:56:36.683528,3,0.0,0,0,0,0.0,48.38
2026-07-18T15:56:36.683621,1,0.0,0,0,0,0.0,48.38
2026-07-18T15:56:38.683612,4,0.0,0,0,0,0.0,48.38
2026-07-18T15:56:38.684554,1,0.0,0,0,0,0.0,48.38
2026-07-18T15:56:38.684709,3,0.0,0,0,0,0.0,48.38
2026-07-18T15:56:38.684960,2,0.0,0,0,0,0.0,48.38
2026-07-18T15:56:40.685143,4,0.0,0,0,0,0.0,48.38
2026-07-18T15:56:40.686339,1,0.0,0,0,0,0.0,48.38
2026-07-18T15:56:40.686487,3,0.0,0,0,0,0.0,48.38
2026-07-18T15:56:40.686558,2,0.0,0,0,0,0.0,48.38
2026-07-18T15:56:42.688831,4,0.0,0,0,0,0.5,48.38
2026-07-18T15:56:42.690595,1,0.0,0,0,0,0.0,48.38
2026-07-18T15:56:42.691966,2,0.0,0,0,0,0.0,48.38
2026-07-18T15:56:42.692707,3,0.0,0,0,0,0.0,48.38
2026-07-18T15:56:44.690759,4,0.0,0,0,0,0.0,48.38
2026-07-18T15:56:44.691957,2,0.0,0,0,0,0.0,48.38
2026-07-18T15:56:44.692166,3,0.0,0,0,0,0.0,48.38
2026-07-18T15:56:44.692256,1,0.0,0,0,0,0.0,48.38
2026-07-18T15:56:46.692844,1,0.0,0,0,0,0.5,48.38
2026-07-18T15:56:46.693265,4,0.0,0,0,0,0.0,48.38
2026-07-18T15:56:46.695571,2,0.0,0,0,0,0.0,48.38
2026-07-18T15:56:46.695773,3,0.0,0,0,0,0.0,48.38
2026-07-18T15:56:48.694871,4,0.0,0,0,0,0.5,48.38
2026-07-18T15:56:48.695323,1,0.0,0,0,0,0.0,48.38
2026-07-18T15:56:48.695976,3,0.0,0,0,0,0.0,48.38
2026-07-18T15:56:48.696373,2,0.0,0,0,0,0.0,48.38
2026-07-18T15:56:50.696921,4,0.0,0,0,0,0.0,48.38
2026-07-18T15:56:50.698731,1,0.0,0,0,0,0.0,48.38
2026-07-18T15:56:50.698974,3,0.0,0,0,0,0.0,48.38
2026-07-18T15:56:50.700264,2,0.0,0,0,0,0.0,48.38
2026-07-18T15:56:52.700394,4,0.0,0,0,0,0.0,48.38
2026-07-18T15:56:52.702484,2,0.0,0,0,0,478.9,48.38
2026-07-18T15:56:52.702745,3,0.0,0,0,0,0.0,48.38
2026-07-18T15:56:52.702872,1,0.0,0,0,0,0.0,48.38
2026-07-18T15:56:54.703676,1,0.0,0,0,0,0.0,48.38
2026-07-18T15:56:54.703986,4,0.0,0,0,0,0.0,48.38
2026-07-18T15:56:54.705603,2,0.0,0,0,0,0.0,48.38
2026-07-18T15:56:54.705786,3,0.0,0,0,0,0.0,48.38
2026-07-18T15:56:56.707227,3,0.0,0,0,0,0.0,48.38
2026-07-18T15:56:56.708183,1,0.0,0,0,0,0.0,48.38
2026-07-18T15:56:56.708669,4,0.0,0,0,0,0.0,48.38
2026-07-18T15:56:56.708895,2,0.0,0,0,0,0.0,48.38
2026-07-18T15:56:58.709077,4,0.0,0,0,0,0.0,48.38
2026-07-18T15:56:58.710039,1,0.0,0,0,0,717.4,48.38
2026-07-18T15:56:58.711947,2,0.0,0,0,0,0.0,48.38
2026-07-18T15:56:58.712376,3,0.0,0,0,0,0.0,48.38
2026-07-18T15:57:00.710126,4,0.0,0,0,0,0.0,48.38
2026-07-18T15:57:00.711779,2,0.0,0,0,0,0.0,48.38
2026-07-18T15:57:00.711938,1,0.0,0,0,0,0.0,48.38
2026-07-18T15:57:00.712267,3,0.0,0,0,0,0.0,48.38
2026-07-18T15:57:02.712722,4,0.0,0,0,0,0.5,48.38
2026-07-18T15:57:02.713682,3,0.0,0,0,0,0.0,48.38
2026-07-18T15:57:02.713857,1,0.0,0,0,0,0.0,48.38
2026-07-18T15:57:02.713932,2,0.0,0,0,0,0.0,48.38
2026-07-18T15:57:04.715611,3,0.0,0,0,0,0.0,48.38
2026-07-18T15:57:04.715791,1,0.0,0,0,0,0.0,48.38
2026-07-18T15:57:04.715874,4,0.0,0,0,0,0.0,48.38
2026-07-18T15:57:04.716693,2,0.0,0,0,0,0.0,48.38
2026-07-18T15:57:06.717477,4,0.0,0,0,0,0.5,48.38
2026-07-18T15:57:06.718861,1,0.0,0,0,0,0.0,48.38
2026-07-18T15:57:06.718975,2,0.0,0,0,0,0.0,48.38
2026-07-18T15:57:06.719046,3,0.0,0,0,0,0.0,48.38
2026-07-18T15:57:08.721402,4,0.0,0,0,0,0.0,48.38
2026-07-18T15:57:08.721632,1,0.0,0,0,0,0.0,48.38
2026-07-18T15:57:08.722669,3,0.0,0,0,0,0.0,48.38
2026-07-18T15:57:08.722806,2,0.0,0,0,0,0.0,48.38
2026-07-18T15:57:10.722957,4,0.0,0,0,0,0.0,48.38
2026-07-18T15:57:10.723923,2,0.0,0,0,0,0.0,48.38
2026-07-18T15:57:10.724018,1,0.0,0,0,0,0.0,48.38
2026-07-18T15:57:10.724087,3,0.0,0,0,0,0.0,48.38
2026-07-18T15:57:12.728512,4,0.0,0,0,0,0.0,48.38
2026-07-18T15:57:12.730032,1,0.0,0,0,0,0.0,48.38
2026-07-18T15:57:12.732315,2,0.0,0,0,0,0.0,48.38
2026-07-18T15:57:12.732663,3,0.0,0,0,0,0.0,48.38
2026-07-18T15:57:14.728776,1,0.0,0,0,0,1.0,48.38
2026-07-18T15:57:14.728910,2,0.0,0,0,0,0.0,48.38
2026-07-18T15:57:14.729221,4,0.0,0,0,0,0.0,48.38
2026-07-18T15:57:14.729372,3,0.0,0,0,0,0.0,48.38
2026-07-18T15:57:16.731604,1,0.0,0,0,0,0.0,48.38
2026-07-18T15:57:16.731729,4,0.0,0,0,0,0.0,48.38
2026-07-18T15:57:16.732027,2,0.0,0,0,0,0.0,48.38
2026-07-18T15:57:16.732172,3,0.0,0,0,0,0.0,48.38
2026-07-18T15:57:18.732942,4,0.0,0,0,0,0.0,48.38
2026-07-18T15:57:18.736301,2,0.0,0,0,0,0.0,48.38
2026-07-18T15:57:18.736622,3,0.0,0,0,0,0.0,48.38
2026-07-18T15:57:18.736802,1,0.0,0,0,0,0.0,48.38
2026-07-18T15:57:20.736044,1,0.0,0,0,0,0.5,48.38
2026-07-18T15:57:20.736407,4,0.0,0,0,0,0.0,48.38
2026-07-18T15:57:20.737420,2,0.0,0,0,0,0.0,48.38
2026-07-18T15:57:20.737775,3,0.0,0,0,0,0.0,48.38
2026-07-18T15:57:22.740349,2,0.0,0,0,0,0.0,48.38
2026-07-18T15:57:22.740539,3,0.0,0,0,0,0.0,48.38
2026-07-18T15:57:22.740614,4,0.0,0,0,0,0.0,48.38
2026-07-18T15:57:22.740681,1,0.0,0,0,0,0.0,48.38
2026-07-18T15:57:24.742238,3,0.0,0,0,0,0.0,48.38
2026-07-18T15:57:24.742481,4,0.0,0,0,0,0.0,48.38
2026-07-18T15:57:24.742572,2,0.0,0,0,0,0.0,48.38
2026-07-18T15:57:24.742644,1,0.0,0,0,0,0.0,48.38
2026-07-18T15:57:26.744756,3,0.0,0,0,0,0.0,48.38
2026-07-18T15:57:26.744870,1,0.0,0,0,0,0.0,48.38
2026-07-18T15:57:26.744942,2,0.0,0,0,0,0.0,48.38
2026-07-18T15:57:26.745205,4,0.0,0,0,0,0.0,48.38
2026-07-18T15:57:28.747591,2,0.0,0,0,0,0.5,48.38
2026-07-18T15:57:28.747851,4,0.0,0,0,0,0.0,48.38
2026-07-18T15:57:28.747993,3,0.0,0,0,0,0.0,48.38
2026-07-18T15:57:28.748412,1,0.0,0,0,0,0.0,48.38
2026-07-18T15:57:30.749318,3,0.0,0,0,0,0.5,48.38
2026-07-18T15:57:30.749523,4,0.0,0,0,0,0.0,48.38
2026-07-18T15:57:30.749633,1,0.0,0,0,0,0.0,48.38
2026-07-18T15:57:30.750419,2,0.0,0,0,0,0.0,48.38
2026-07-18T15:57:32.751038,4,0.0,0,0,0,0.0,48.38
2026-07-18T15:57:32.753345,3,0.0,0,0,0,0.0,48.38
2026-07-18T15:57:32.753587,2,0.0,0,0,0,0.0,48.38
2026-07-18T15:57:32.753667,1,0.0,0,0,0,0.0,48.38
2026-07-18T15:57:34.753147,4,0.0,0,0,0,0.0,48.38
2026-07-18T15:57:34.754141,1,0.0,0,0,0,0.0,48.38
2026-07-18T15:57:34.754771,3,0.0,0,0,0,0.0,48.38
2026-07-18T15:57:34.754994,2,0.0,0,0,0,0.0,48.38
2026-07-18T15:57:36.756400,4,0.0,0,0,0,0.0,48.38
2026-07-18T15:57:36.757152,3,0.0,0,0,0,0.0,48.38
2026-07-18T15:57:36.757277,2,0.0,0,0,0,0.0,48.38
2026-07-18T15:57:36.757351,1,0.0,0,0,0,0.0,48.38
2026-07-18T15:57:38.760360,3,0.0,0,0,0,0.5,48.38
2026-07-18T15:57:38.760756,2,0.0,0,0,0,0.0,48.38
2026-07-18T15:57:38.761007,4,0.0,0,0,0,0.0,48.38
2026-07-18T15:57:38.762332,1,0.0,0,0,0,0.0,48.38
2026-07-18T15:57:40.761733,4,0.0,0,0,0,0.0,48.38
2026-07-18T15:57:40.762347,3,0.0,0,0,0,0.0,48.38
2026-07-18T15:57:40.762447,1,0.0,0,0,0,0.0,48.38
2026-07-18T15:57:40.762518,2,0.0,0,0,0,0.0,48.38
2026-07-18T15:57:42.764954,4,0.0,0,0,0,0.0,48.38
2026-07-18T15:57:42.766840,2,0.0,0,0,0,515.3,48.38
2026-07-18T15:57:42.767679,3,0.0,0,0,0,0.0,48.38
2026-07-18T15:57:42.767870,1,0.0,0,0,0,0.0,48.38
2026-07-18T15:57:44.787995,1,0.0,0,0,0,0.0,48.38
2026-07-18T15:57:44.788503,4,0.0,0,0,0,0.0,48.38
2026-07-18T15:57:44.789886,2,0.0,0,0,0,614.8,48.38
2026-07-18T15:57:44.790058,3,0.0,0,0,0,0.0,48.38
2026-07-18T15:57:46.790112,3,0.0,0,0,0,1.0,48.38
2026-07-18T15:57:46.790983,1,0.0,0,0,0,0.0,48.38
2026-07-18T15:57:46.793145,2,0.0,0,0,0,0.0,48.38
2026-07-18T15:57:46.793999,4,0.0,0,0,0,885.0,48.38
2026-07-18T15:57:48.785526,4,0.0,0,0,0,0.5,48.38
2026-07-18T15:57:48.785660,1,0.0,0,0,0,0.0,48.38
2026-07-18T15:57:48.786413,2,0.0,0,0,0,0.0,48.38
2026-07-18T15:57:48.786522,3,0.0,0,0,0,0.0,48.38
2026-07-18T15:57:50.787592,1,0.0,0,0,0,0.0,48.38
2026-07-18T15:57:50.787756,4,0.0,0,0,0,0.0,48.38
2026-07-18T15:57:50.788646,3,0.0,0,0,0,0.0,48.38
2026-07-18T15:57:50.788778,2,0.0,0,0,0,0.0,48.38
2026-07-18T15:57:52.789508,4,0.0,0,0,0,0.0,48.38
2026-07-18T15:57:52.791354,2,0.0,0,0,0,0.0,48.38
2026-07-18T15:57:52.791655,3,0.0,0,0,0,0.0,48.38
2026-07-18T15:57:52.791837,1,0.0,0,0,0,0.0,48.38
2026-07-18T15:57:54.791432,4,0.0,0,0,0,1.0,48.38
2026-07-18T15:57:54.792539,1,0.0,0,0,0,0.0,48.38
2026-07-18T15:57:54.792759,2,0.0,0,0,0,0.0,48.38
2026-07-18T15:57:54.792863,3,0.0,0,0,0,0.0,48.38
2026-07-18T15:57:56.795850,4,0.0,0,0,0,0.0,48.38
2026-07-18T15:57:56.798266,1,0.0,0,0,0,0.0,48.38
2026-07-18T15:57:56.798540,3,0.0,0,0,0,0.0,48.38
2026-07-18T15:57:56.798655,2,0.0,0,0,0,0.0,48.38
2026-07-18T15:57:58.796745,4,0.0,0,0,0,0.5,48.38
2026-07-18T15:57:58.799552,2,0.0,0,0,0,0.0,48.38
2026-07-18T15:57:58.799852,3,0.0,0,0,0,0.0,48.38
2026-07-18T15:57:58.799953,1,0.0,0,0,0,0.0,48.38
2026-07-18T15:58:00.801578,4,0.0,0,0,0,0.0,48.38
2026-07-18T15:58:00.804115,1,0.0,0,0,0,0.0,48.38
2026-07-18T15:58:00.804838,3,0.0,0,0,0,1356.5,48.38
2026-07-18T15:58:00.805494,2,0.0,0,0,0,0.0,48.38
2026-07-18T15:58:02.802699,1,0.0,0,0,0,0.0,48.38
2026-07-18T15:58:02.803479,4,0.0,0,0,0,0.0,48.38
2026-07-18T15:58:02.804503,2,0.0,0,0,0,0.0,48.38
2026-07-18T15:58:02.804743,3,0.0,0,0,0,0.0,48.38
2026-07-18T15:58:04.807975,2,0.0,0,0,0,0.5,48.38
2026-07-18T15:58:04.809132,1,0.0,0,0,0,0.0,48.38
2026-07-18T15:58:04.809371,4,0.0,0,0,0,0.0,48.38
2026-07-18T15:58:04.809450,3,0.0,0,0,0,0.0,48.38
2026-07-18T15:58:06.805816,3,0.0,0,0,0,0.0,48.38
2026-07-18T15:58:06.806277,4,0.0,0,0,0,0.0,48.38
2026-07-18T15:58:06.806666,1,0.0,0,0,0,0.0,48.38
2026-07-18T15:58:06.808092,2,0.0,0,0,0,0.0,48.38
2026-07-18T15:58:08.810720,4,0.0,0,0,0,0.0,48.38
2026-07-18T15:58:08.814186,1,0.0,0,0,0,311.5,48.38
2026-07-18T15:58:08.815227,3,0.0,0,0,0,1017.1,48.38
2026-07-18T15:58:08.815534,2,0.0,0,0,0,0.0,48.38
2026-07-18T15:58:10.813522,4,0.0,0,0,0,0.0,48.38
2026-07-18T15:58:10.813900,1,0.0,0,0,0,0.0,48.38
2026-07-18T15:58:10.814043,3,0.0,0,0,0,0.0,48.38
2026-07-18T15:58:10.814924,2,0.0,0,0,0,0.0,48.38
2026-07-18T15:58:12.814895,4,0.0,0,0,0,0.0,48.38
2026-07-18T15:58:12.816523,3,0.0,0,0,0,593.8,48.38
2026-07-18T15:58:12.816762,2,0.0,0,0,0,0.0,48.38
2026-07-18T15:58:12.816865,1,0.0,0,0,0,0.0,48.38
2026-07-18T15:58:14.816620,3,0.0,0,0,0,0.0,48.38
2026-07-18T15:58:14.816733,4,0.0,0,0,0,0.0,48.38
2026-07-18T15:58:14.816802,1,0.0,0,0,0,0.0,48.38
2026-07-18T15:58:14.816867,2,0.0,0,0,0,0.0,48.38
2026-07-18T15:58:16.819179,1,0.0,0,0,0,0.0,48.38
2026-07-18T15:58:16.819327,4,0.0,0,0,0,0.0,48.38
2026-07-18T15:58:16.821301,3,0.0,0,0,0,0.0,48.38
2026-07-18T15:58:16.821468,2,0.0,0,0,0,0.0,48.38
2026-07-18T15:58:18.821773,4,0.0,0,0,0,0.0,48.38
2026-07-18T15:58:18.823806,2,0.0,0,0,0,0.0,48.38
2026-07-18T15:58:18.824134,3,0.0,0,0,0,0.0,48.38
2026-07-18T15:58:18.824273,1,0.0,0,0,0,0.0,48.38
2026-07-18T15:58:20.826224,2,0.0,0,0,0,0.5,48.38
2026-07-18T15:58:20.826386,1,0.0,0,0,0,0.0,48.38
2026-07-18T15:58:20.826458,4,0.0,0,0,0,0.0,48.38
2026-07-18T15:58:20.826523,3,0.0,0,0,0,0.0,48.38
2026-07-18T15:58:22.827649,4,0.0,0,0,0,0.0,48.38
2026-07-18T15:58:22.830095,2,0.0,0,0,0,0.0,48.38
2026-07-18T15:58:22.830427,1,0.0,0,0,0,0.0,48.38
2026-07-18T15:58:22.830573,3,0.0,0,0,0,0.0,48.38
2026-07-18T15:58:24.830417,4,0.0,0,0,0,0.5,48.38
2026-07-18T15:58:24.830771,3,0.0,0,0,0,0.0,48.38
2026-07-18T15:58:24.832148,2,0.0,0,0,0,0.0,48.38
2026-07-18T15:58:24.832629,1,0.0,0,0,0,0.0,48.38
2026-07-18T15:58:26.833266,4,0.0,0,0,0,0.0,48.38
2026-07-18T15:58:26.834158,2,0.0,0,0,0,0.0,48.38
2026-07-18T15:58:26.834671,1,0.0,0,0,0,0.0,48.38
2026-07-18T15:58:26.834870,3,0.0,0,0,0,0.0,48.38
2026-07-18T15:58:28.835787,3,0.0,0,0,0,0.5,48.38
2026-07-18T15:58:28.835914,1,0.0,0,0,0,0.0,48.38
2026-07-18T15:58:28.835999,2,0.0,0,0,0,0.0,48.38
2026-07-18T15:58:28.836068,4,0.0,0,0,0,0.0,48.38
2026-07-18T15:58:30.837177,4,0.0,0,0,0,0.0,48.38
2026-07-18T15:58:30.839147,1,0.0,0,0,0,0.0,48.38
2026-07-18T15:58:30.839322,2,0.0,0,0,0,0.0,48.38
2026-07-18T15:58:30.839426,3,0.0,0,0,0,0.0,48.38
2026-07-18T15:58:32.841079,2,0.0,0,0,0,0.0,48.38
2026-07-18T15:58:32.841452,4,0.0,0,0,0,0.0,48.38
2026-07-18T15:58:32.842055,1,0.0,0,0,0,0.0,48.38
2026-07-18T15:58:32.842196,3,0.0,0,0,0,0.0,48.38
2026-07-18T15:58:34.842008,4,0.0,0,0,0,0.0,48.38
2026-07-18T15:58:34.843821,1,0.0,0,0,0,569.7,48.38
2026-07-18T15:58:34.844196,3,0.0,0,0,0,0.0,48.38
2026-07-18T15:58:34.844774,2,0.0,0,0,0,0.0,48.38
2026-07-18T15:58:36.848139,2,0.0,0,0,0,0.0,48.38
2026-07-18T15:58:36.849298,3,0.0,0,0,0,0.0,48.38
2026-07-18T15:58:36.849645,4,0.0,0,0,0,0.0,48.38
2026-07-18T15:58:36.849792,1,0.0,0,0,0,0.0,48.38
2026-07-18T15:58:38.847025,4,0.0,0,0,0,0.5,48.38
2026-07-18T15:58:38.848354,1,0.0,0,0,0,0.0,48.38
2026-07-18T15:58:38.848590,2,0.0,0,0,0,0.0,48.38
2026-07-18T15:58:38.848667,3,0.0,0,0,0,0.0,48.38
2026-07-18T15:58:40.850350,4,0.0,0,0,0,0.0,48.38
2026-07-18T15:58:40.851331,2,0.0,0,0,0,0.0,48.38
2026-07-18T15:58:40.851493,3,0.0,0,0,0,0.0,48.38
2026-07-18T15:58:40.851563,1,0.0,0,0,0,0.0,48.38
2026-07-18T15:58:42.853451,2,0.0,0,0,0,0.0,48.38
2026-07-18T15:58:42.853689,4,0.0,0,0,0,0.0,48.38
2026-07-18T15:58:42.853798,1,0.0,0,0,0,0.0,48.38
2026-07-18T15:58:42.853905,3,0.0,0,0,0,0.0,48.38
2026-07-18T15:58:44.854984,4,0.0,0,0,0,0.0,48.38
2026-07-18T15:58:44.856156,2,0.0,0,0,0,1079.8,48.38
2026-07-18T15:58:44.856379,1,0.0,0,0,0,0.0,48.38
2026-07-18T15:58:44.856489,3,0.0,0,0,0,0.0,48.38
2026-07-18T15:58:46.858416,1,0.0,0,0,0,0.0,48.38
2026-07-18T15:58:46.858859,2,0.0,0,0,0,0.0,48.38
2026-07-18T15:58:46.859390,4,0.0,0,0,0,0.0,48.38
2026-07-18T15:58:46.859573,3,0.0,0,0,0,0.0,48.38
2026-07-18T15:58:48.858796,4,0.0,0,0,0,0.0,48.38
2026-07-18T15:58:48.860071,2,0.0,0,0,0,0.0,48.38
2026-07-18T15:58:48.860175,1,0.0,0,0,0,0.0,48.38
2026-07-18T15:58:48.860242,3,0.0,0,0,0,0.0,48.38
2026-07-18T15:58:50.865302,4,0.0,0,0,0,0.5,48.38
2026-07-18T15:58:50.866967,3,0.0,0,0,0,358.0,48.38
2026-07-18T15:58:50.867504,2,0.0,0,0,0,0.0,48.38
2026-07-18T15:58:50.867822,1,0.0,0,0,0,0.0,48.38
2026-07-18T15:58:52.866256,4,0.0,0,0,0,0.0,48.38
2026-07-18T15:58:52.868204,2,0.0,0,0,0,0.0,48.38
2026-07-18T15:58:52.868368,3,0.0,0,0,0,0.0,48.38
2026-07-18T15:58:52.868790,1,0.0,0,0,0,0.0,48.38
2026-07-18T15:58:54.869071,3,0.0,0,0,0,0.0,48.38
2026-07-18T15:58:54.869251,4,0.0,0,0,0,0.0,48.38
2026-07-18T15:58:54.869575,1,0.0,0,0,0,0.0,48.38
2026-07-18T15:58:54.870521,2,0.0,0,0,0,0.0,48.38
2026-07-18T15:58:56.870676,4,0.0,0,0,0,0.0,48.38
2026-07-18T15:58:56.871484,1,0.0,0,0,0,806.3,48.38
2026-07-18T15:58:56.871940,3,0.0,0,0,0,0.0,48.38
2026-07-18T15:58:56.872031,2,0.0,0,0,0,0.0,48.38
2026-07-18T15:58:58.875506,1,0.0,0,0,0,0.0,48.38
2026-07-18T15:58:58.875758,4,0.0,0,0,0,0.0,48.38
2026-07-18T15:58:58.876219,3,0.0,0,0,0,0.0,48.38
2026-07-18T15:58:58.876344,2,0.0,0,0,0,0.0,48.38
2026-07-18T15:59:00.875946,4,0.0,0,0,0,0.0,48.38
2026-07-18T15:59:00.877999,3,0.0,0,0,0,0.0,48.38
2026-07-18T15:59:00.878151,1,0.0,0,0,0,0.0,48.38
2026-07-18T15:59:00.878255,2,0.0,0,0,0,0.0,48.38
2026-07-18T15:59:02.878870,3,0.0,0,0,0,0.0,48.38
2026-07-18T15:59:02.878988,2,0.0,0,0,0,5120.9,48.38
2026-07-18T15:59:02.879131,4,0.0,0,0,0,0.0,48.38
2026-07-18T15:59:02.879403,1,0.0,0,0,0,0.0,48.38
2026-07-18T15:59:04.881888,4,0.0,0,0,0,0.0,48.38
2026-07-18T15:59:04.883459,3,0.0,0,0,0,0.0,48.38
2026-07-18T15:59:04.884089,1,0.0,0,0,0,0.0,48.38
2026-07-18T15:59:04.884428,2,0.0,0,0,0,0.0,48.38
2026-07-18T15:59:06.883303,4,0.0,0,0,0,0.5,48.38
2026-07-18T15:59:06.884462,1,0.0,0,0,0,0.0,48.38
2026-07-18T15:59:06.884615,3,0.0,0,0,0,0.0,48.38
2026-07-18T15:59:06.884723,2,0.0,0,0,0,0.0,48.38
2026-07-18T15:59:08.886921,4,0.0,0,0,0,0.0,48.38
2026-07-18T15:59:08.887042,3,0.0,0,0,0,0.0,48.38
2026-07-18T15:59:08.887196,2,0.0,0,0,0,0.0,48.38
2026-07-18T15:59:08.887445,1,0.0,0,0,0,0.0,48.38
2026-07-18T15:59:10.888830,4,0.0,0,0,0,0.0,48.38
2026-07-18T15:59:10.889215,3,0.0,0,0,0,0.0,48.38
2026-07-18T15:59:10.890283,1,0.0,0,0,0,0.0,48.38
2026-07-18T15:59:10.890569,2,0.0,0,0,0,0.0,48.38
2026-07-18T15:59:12.891066,3,0.0,0,0,0,0.5,48.38
2026-07-18T15:59:12.891201,4,0.0,0,0,0,0.0,48.38
2026-07-18T15:59:12.891273,2,0.0,0,0,0,0.0,48.38
2026-07-18T15:59:12.891576,1,0.0,0,0,0,0.0,48.38
2026-07-18T15:59:14.895399,1,0.0,0,0,0,0.0,48.38
2026-07-18T15:59:14.896168,3,0.0,0,0,0,0.0,48.38
2026-07-18T15:59:14.896762,4,0.0,0,0,0,0.0,48.38
2026-07-18T15:59:14.896995,2,0.0,0,0,0,0.0,48.38
2026-07-18T15:59:16.894604,4,0.0,0,0,0,0.0,48.38
2026-07-18T15:59:16.896334,3,0.0,0,0,0,0.0,48.38
2026-07-18T15:59:16.896538,2,0.0,0,0,0,0.0,48.38
2026-07-18T15:59:16.896632,1,0.0,0,0,0,0.0,48.38
2026-07-18T15:59:18.897590,1,0.0,0,0,0,0.0,48.38
2026-07-18T15:59:18.897772,4,0.0,0,0,0,0.0,48.38
2026-07-18T15:59:18.897853,3,0.0,0,0,0,0.0,48.38
2026-07-18T15:59:18.897926,2,0.0,0,0,0,0.0,48.38
2026-07-18T15:59:20.899979,4,0.0,0,0,0,0.5,48.38
2026-07-18T15:59:20.901611,1,0.0,0,0,0,0.0,48.38
2026-07-18T15:59:20.901764,3,0.0,0,0,0,0.0,48.38
2026-07-18T15:59:20.901837,2,0.0,0,0,0,0.0,48.38
2026-07-18T15:59:22.902123,4,0.0,0,0,0,0.0,48.38
2026-07-18T15:59:22.904112,2,0.0,0,0,0,0.0,48.38
2026-07-18T15:59:22.904267,3,0.0,0,0,0,0.0,48.38
2026-07-18T15:59:22.904718,1,0.0,0,0,0,0.0,48.38
2026-07-18T15:59:24.905097,4,0.0,0,0,0,0.5,48.38
2026-07-18T15:59:24.906669,3,0.0,0,0,0,0.0,48.38
2026-07-18T15:59:24.906827,2,0.0,0,0,0,0.0,48.38
2026-07-18T15:59:24.906898,1,0.0,0,0,0,0.0,48.38
2026-07-18T15:59:26.906746,4,0.0,0,0,0,0.0,48.38
2026-07-18T15:59:26.908404,2,0.0,0,0,0,0.0,48.38
2026-07-18T15:59:26.908572,1,0.0,0,0,0,0.0,48.38
2026-07-18T15:59:26.909033,3,0.0,0,0,0,0.0,48.38
2026-07-18T15:59:28.911235,3,0.0,0,0,0,0.0,48.38
2026-07-18T15:59:28.911424,1,0.0,0,0,0,1720.7,48.38
2026-07-18T15:59:28.911498,4,0.0,0,0,0,0.0,48.38
2026-07-18T15:59:28.911566,2,0.0,0,0,0,0.0,48.38
2026-07-18T15:59:30.912683,4,0.0,0,0,0,0.0,48.38
2026-07-18T15:59:30.913362,1,0.0,0,0,0,1948.5,48.38
2026-07-18T15:59:30.913477,2,0.0,0,0,0,0.0,48.38
2026-07-18T15:59:30.913549,3,0.0,0,0,0,0.0,48.38
2026-07-18T15:59:32.920906,2,0.0,0,0,0,0.0,48.38
2026-07-18T15:59:32.921022,1,0.0,0,0,0,0.0,48.38
2026-07-18T15:59:32.921093,4,0.0,0,0,0,0.0,48.38
2026-07-18T15:59:32.921301,3,0.0,0,0,0,0.0,48.38
2026-07-18T15:59:34.928248,3,0.0,0,0,0,0.0,48.38
2026-07-18T15:59:34.929239,2,0.0,0,0,0,0.0,48.38
2026-07-18T15:59:34.929430,4,0.0,0,0,0,0.0,48.38
2026-07-18T15:59:34.929507,1,0.0,0,0,0,0.0,48.38
2026-07-18T15:59:36.927947,4,0.0,0,0,0,0.0,48.38
2026-07-18T15:59:36.930012,2,0.0,0,0,0,0.0,48.38
2026-07-18T15:59:36.930149,1,0.0,0,0,0,0.0,48.38
2026-07-18T15:59:36.930340,3,0.0,0,0,0,0.0,48.38
2026-07-18T15:59:38.929917,4,0.0,0,0,0,0.0,48.38
2026-07-18T15:59:38.931451,1,0.0,0,0,0,650.5,48.38
2026-07-18T15:59:38.931561,2,0.0,0,0,0,0.0,48.38
2026-07-18T15:59:38.931634,3,0.0,0,0,0,0.0,48.38
2026-07-18T15:59:40.932624,4,0.0,0,0,0,0.0,48.38
2026-07-18T15:59:40.933565,2,0.0,0,0,0,0.0,48.38
2026-07-18T15:59:40.933743,1,0.0,0,0,0,0.0,48.38
2026-07-18T15:59:40.933903,3,0.0,0,0,0,0.0,48.38
2026-07-18T15:59:42.934762,4,0.0,0,0,0,0.0,48.38
2026-07-18T15:59:42.935867,2,0.0,0,0,0,0.0,48.38
2026-07-18T15:59:42.935991,1,0.0,0,0,0,0.0,48.38
2026-07-18T15:59:42.936064,3,0.0,0,0,0,0.0,48.38
2026-07-18T15:59:44.941189,4,0.0,0,0,0,0.0,48.38
2026-07-18T15:59:44.941415,1,0.0,0,0,0,0.0,48.38
2026-07-18T15:59:44.943003,3,0.0,0,0,0,675.6,48.38
2026-07-18T15:59:44.943613,2,0.0,0,0,0,0.0,48.38
2026-07-18T15:59:46.967007,1,0.0,0,0,0,0.0,48.38
2026-07-18T15:59:46.967739,2,0.0,0,0,0,0.0,48.38
2026-07-18T15:59:46.968410,3,0.0,0,0,0,1399.4,48.38
2026-07-18T15:59:46.968569,4,0.0,0,0,0,0.0,48.38
2026-07-18T15:59:48.945739,1,0.0,0,0,0,0.0,48.38
2026-07-18T15:59:48.945862,3,0.0,0,0,0,0.0,48.38
2026-07-18T15:59:48.945932,4,0.0,0,0,0,0.0,48.38
2026-07-18T15:59:48.946000,2,0.0,0,0,0,0.0,48.38
2026-07-18T15:59:50.945194,4,0.0,0,0,0,0.0,48.38
2026-07-18T15:59:50.946893,2,0.0,0,0,0,0.0,48.38
2026-07-18T15:59:50.947258,1,0.0,0,0,0,0.0,48.38
2026-07-18T15:59:50.947495,3,0.0,0,0,0,0.0,48.38
2026-07-18T15:59:52.947727,4,0.0,0,0,0,0.5,48.38
2026-07-18T15:59:52.949077,1,0.0,0,0,0,0.0,48.38
2026-07-18T15:59:52.949227,3,0.0,0,0,0,0.0,48.38
2026-07-18T15:59:52.949301,2,0.0,0,0,0,0.0,48.38
2026-07-18T15:59:54.950916,4,0.0,0,0,0,0.0,48.38
2026-07-18T15:59:54.952476,1,0.0,0,0,0,0.0,48.38
2026-07-18T15:59:54.952719,3,0.0,0,0,0,0.0,48.38
2026-07-18T15:59:54.953515,2,0.0,0,0,0,0.0,48.38
2026-07-18T15:59:56.953856,4,0.0,0,0,0,0.0,48.38
2026-07-18T15:59:56.955374,3,0.0,0,0,0,0.0,48.38
2026-07-18T15:59:56.955971,1,0.0,0,0,0,0.0,48.38
2026-07-18T15:59:56.956160,2,0.0,0,0,0,0.0,48.38
2026-07-18T15:59:58.957865,4,0.0,0,0,0,0.0,48.38
2026-07-18T15:59:58.957988,1,0.0,0,0,0,0.0,48.38
2026-07-18T15:59:58.958061,3,0.0,0,0,0,0.0,48.38
2026-07-18T15:59:58.958130,2,0.0,0,0,0,0.0,48.38
2026-07-18T16:00:00.959650,4,0.0,0,0,0,0.5,48.38
2026-07-18T16:00:00.960711,1,0.0,0,0,0,0.0,48.38
2026-07-18T16:00:00.960862,2,0.0,0,0,0,0.0,48.38
2026-07-18T16:00:00.961308,3,0.0,0,0,0,0.0,48.38
2026-07-18T16:00:02.963581,4,0.0,0,0,0,0.0,48.38
2026-07-18T16:00:02.964163,1,0.0,0,0,0,0.0,48.38
2026-07-18T16:00:02.964467,3,0.0,0,0,0,0.0,48.38
2026-07-18T16:00:02.964574,2,0.0,0,0,0,0.0,48.38
2026-07-18T16:00:04.966430,4,0.0,0,0,0,0.0,48.38
2026-07-18T16:00:04.968250,3,0.0,0,0,0,0.0,48.38
2026-07-18T16:00:04.968755,1,0.0,0,0,0,0.0,48.38
2026-07-18T16:00:04.968977,2,0.0,0,0,0,0.0,48.38
2026-07-18T16:00:06.968695,4,0.0,0,0,0,0.5,48.38
2026-07-18T16:00:06.970394,3,0.0,0,0,0,0.0,48.38
2026-07-18T16:00:06.970624,1,0.0,0,0,0,0.0,48.38
2026-07-18T16:00:06.970748,2,0.0,0,0,0,0.0,48.38
2026-07-18T16:00:08.970838,4,0.0,0,0,0,0.0,48.38
2026-07-18T16:00:08.972331,1,0.0,0,0,0,0.0,48.38
2026-07-18T16:00:08.972511,3,0.0,0,0,0,0.0,48.38
2026-07-18T16:00:08.972583,2,0.0,0,0,0,0.0,48.38
2026-07-18T16:00:10.973844,4,0.0,0,0,0,0.0,48.38
2026-07-18T16:00:10.974820,3,0.0,0,0,0,0.0,48.38
2026-07-18T16:00:10.974954,2,0.0,0,0,0,0.0,48.38
2026-07-18T16:00:10.975030,1,0.0,0,0,0,0.0,48.38
2026-07-18T16:00:12.976528,4,0.0,0,0,0,0.5,48.38
2026-07-18T16:00:12.976663,1,0.0,0,0,0,0.0,48.38
2026-07-18T16:00:12.977643,3,0.0,0,0,0,1139.1,48.38
2026-07-18T16:00:12.977886,2,0.0,0,0,0,0.0,48.38
2026-07-18T16:00:14.978351,4,0.0,0,0,0,0.0,48.38
2026-07-18T16:00:14.979089,2,0.0,0,0,0,0.0,48.38
2026-07-18T16:00:14.979438,1,0.0,0,0,0,0.0,48.38
2026-07-18T16:00:14.979562,3,0.0,0,0,0,0.0,48.38
2026-07-18T16:00:16.982171,4,0.0,0,0,0,0.0,48.38
2026-07-18T16:00:16.983546,3,0.0,0,0,0,0.0,48.38
2026-07-18T16:00:16.983849,2,0.0,0,0,0,0.0,48.38
2026-07-18T16:00:16.984040,1,0.0,0,0,0,0.0,48.38
2026-07-18T16:00:18.983178,4,0.0,0,0,0,0.0,48.38
2026-07-18T16:00:18.984136,2,0.0,0,0,0,1061.7,48.38
2026-07-18T16:00:18.984659,3,0.0,0,0,0,0.0,48.38
2026-07-18T16:00:18.984820,1,0.0,0,0,0,0.0,48.38
2026-07-18T16:00:20.985373,4,0.0,0,0,0,0.0,48.38
2026-07-18T16:00:20.986232,2,0.0,0,0,0,0.0,48.38
2026-07-18T16:00:20.986512,1,0.0,0,0,0,0.0,48.38
2026-07-18T16:00:20.986597,3,0.0,0,0,0,0.0,48.38
2026-07-18T16:00:22.986847,4,0.0,0,0,0,0.0,48.38
2026-07-18T16:00:22.988137,3,0.0,0,0,0,0.0,48.38
2026-07-18T16:00:22.988647,1,0.0,0,0,0,0.0,48.38
2026-07-18T16:00:22.988811,2,0.0,0,0,0,0.0,48.38
2026-07-18T16:00:24.991750,2,0.0,0,0,0,0.0,48.38
2026-07-18T16:00:24.991905,4,0.0,0,0,0,0.0,48.38
2026-07-18T16:00:24.992714,1,0.0,0,0,0,0.0,48.38
2026-07-18T16:00:24.992850,3,0.0,0,0,0,0.0,48.38
2026-07-18T16:00:26.993438,3,0.0,0,0,0,0.0,48.38
2026-07-18T16:00:26.993654,4,0.0,0,0,0,0.0,48.38
2026-07-18T16:00:26.993737,2,0.0,0,0,0,0.0,48.38
2026-07-18T16:00:26.993808,1,0.0,0,0,0,0.0,48.38
2026-07-18T16:00:28.997495,2,0.0,0,0,0,0.5,48.38
2026-07-18T16:00:28.997733,3,0.0,0,0,0,2489.6,48.38
2026-07-18T16:00:28.997847,1,0.0,0,0,0,0.0,48.38
2026-07-18T16:00:28.997968,4,0.0,0,0,0,0.0,48.38
2026-07-18T16:00:31.000714,1,0.0,0,0,0,0.0,48.38
2026-07-18T16:00:31.000940,4,0.0,0,0,0,0.0,48.38
2026-07-18T16:00:31.001042,3,0.0,0,0,0,0.0,48.38
2026-07-18T16:00:31.001132,2,0.0,0,0,0,0.0,48.38
2026-07-18T16:00:33.002547,4,0.0,0,0,0,0.0,48.38
2026-07-18T16:00:33.002671,2,0.0,0,0,0,0.0,48.38
2026-07-18T16:00:33.002742,1,0.0,0,0,0,0.0,48.38
2026-07-18T16:00:33.002818,3,0.0,0,0,0,0.0,48.38
2026-07-18T16:00:35.003781,4,0.0,0,0,0,0.0,48.38
2026-07-18T16:00:35.003935,2,0.0,0,0,0,0.0,48.38
2026-07-18T16:00:35.004009,3,0.0,0,0,0,0.0,48.38
2026-07-18T16:00:35.004349,1,0.0,0,0,0,0.0,48.38
2026-07-18T16:00:37.006596,4,0.0,0,0,0,0.0,48.38
2026-07-18T16:00:37.007872,3,0.0,0,0,0,0.0,48.38
2026-07-18T16:00:37.008025,1,0.0,0,0,0,0.0,48.38
2026-07-18T16:00:37.008894,2,0.0,0,0,0,0.0,48.38
2026-07-18T16:00:39.010145,1,0.0,0,0,0,0.5,48.38
2026-07-18T16:00:39.010764,4,0.0,0,0,0,0.0,48.38
2026-07-18T16:00:39.010880,3,0.0,0,0,0,0.0,48.38
2026-07-18T16:00:39.010985,2,0.0,0,0,0,0.0,48.38
2026-07-18T16:00:41.013032,4,0.0,0,0,0,0.0,48.38
2026-07-18T16:00:41.013186,1,0.0,0,0,0,0.0,48.38
2026-07-18T16:00:41.014448,3,0.0,0,0,0,0.0,48.38
2026-07-18T16:00:41.014707,2,0.0,0,0,0,0.0,48.38
2026-07-18T16:00:43.015923,4,0.0,0,0,0,0.0,48.38
2026-07-18T16:00:43.017009,1,0.0,0,0,0,0.0,48.38
2026-07-18T16:00:43.017214,3,0.0,0,0,0,0.0,48.38
2026-07-18T16:00:43.017343,2,0.0,0,0,0,0.0,48.38
2026-07-18T16:00:45.018223,3,0.0,0,0,0,1.0,48.38
2026-07-18T16:00:45.018582,4,0.0,0,0,0,0.0,48.38
2026-07-18T16:00:45.018724,2,0.0,0,0,0,0.0,48.38
2026-07-18T16:00:45.019643,1,0.0,0,0,0,0.0,48.38
2026-07-18T16:00:47.021716,1,0.0,0,0,0,0.0,48.38
2026-07-18T16:00:47.021847,2,0.0,0,0,0,0.0,48.38
2026-07-18T16:00:47.021918,4,0.0,0,0,0,0.0,48.38
2026-07-18T16:00:47.021984,3,0.0,0,0,0,0.0,48.38
2026-07-18T16:00:49.023729,3,0.0,0,0,0,0.0,48.38
2026-07-18T16:00:49.024025,1,0.0,0,0,0,0.0,48.38
2026-07-18T16:00:49.024120,4,0.0,0,0,0,0.0,48.38
2026-07-18T16:00:49.024188,2,0.0,0,0,0,0.0,48.38
2026-07-18T16:00:51.023940,1,0.0,0,0,0,0.5,48.38
2026-07-18T16:00:51.024122,4,0.0,0,0,0,0.0,48.38
2026-07-18T16:00:51.025141,3,0.0,0,0,0,0.0,48.38
2026-07-18T16:00:51.025265,2,0.0,0,0,0,0.0,48.38
2026-07-18T16:00:53.025707,4,0.0,0,0,0,0.0,48.38
2026-07-18T16:00:53.026515,3,0.0,0,0,0,0.0,48.38
2026-07-18T16:00:53.026630,1,0.0,0,0,0,0.0,48.38
2026-07-18T16:00:53.026697,2,0.0,0,0,0,0.0,48.38
2026-07-18T16:00:55.028254,4,0.0,0,0,0,0.0,48.38
2026-07-18T16:00:55.029966,2,0.0,0,0,0,0.0,48.38
2026-07-18T16:00:55.030074,1,0.0,0,0,0,0.0,48.38
2026-07-18T16:00:55.030140,3,0.0,0,0,0,0.0,48.38
2026-07-18T16:00:57.031501,4,0.0,0,0,0,0.0,48.38
2026-07-18T16:00:57.032671,3,0.0,0,0,0,0.0,48.38
2026-07-18T16:00:57.032969,2,0.0,0,0,0,0.0,48.38
2026-07-18T16:00:57.033382,1,0.0,0,0,0,0.0,48.38
2026-07-18T16:00:59.033817,4,0.0,0,0,0,0.0,48.38
2026-07-18T16:00:59.034340,1,0.0,0,0,0,0.0,48.38
2026-07-18T16:00:59.034676,2,0.0,0,0,0,0.0,48.38
2026-07-18T16:00:59.034798,3,0.0,0,0,0,0.0,48.38
2026-07-18T16:01:01.036630,4,0.0,0,0,0,0.5,48.38
2026-07-18T16:01:01.037693,1,0.0,0,0,0,0.0,48.38
2026-07-18T16:01:01.037839,3,0.0,0,0,0,0.0,48.38
2026-07-18T16:01:01.038299,2,0.0,0,0,0,0.0,48.38
2026-07-18T16:01:03.040716,1,0.0,0,0,0,0.0,48.38
2026-07-18T16:01:03.041338,4,0.0,0,0,0,0.0,48.38
2026-07-18T16:01:03.041685,3,0.0,0,0,0,0.0,48.38
2026-07-18T16:01:03.041785,2,0.0,0,0,0,0.0,48.38
2026-07-18T16:01:05.041858,4,0.0,0,0,0,0.0,48.38
2026-07-18T16:01:05.045121,3,0.0,0,0,0,311.2,48.38
2026-07-18T16:01:05.045782,1,0.0,0,0,0,0.0,48.38
2026-07-18T16:01:05.046009,2,0.0,0,0,0,0.0,48.38
2026-07-18T16:01:07.045579,3,0.0,0,0,0,0.5,48.38
2026-07-18T16:01:07.045790,1,0.0,0,0,0,0.0,48.38
2026-07-18T16:01:07.046194,2,0.0,0,0,0,0.0,48.38
2026-07-18T16:01:07.046436,4,0.0,0,0,0,0.0,48.38
2026-07-18T16:01:09.045626,4,0.0,0,0,0,0.0,48.38
2026-07-18T16:01:09.046815,3,0.0,0,0,0,0.0,48.38
2026-07-18T16:01:09.046953,1,0.0,0,0,0,0.0,48.38
2026-07-18T16:01:09.047794,2,0.0,0,0,0,0.0,48.38
2026-07-18T16:01:11.047847,4,0.0,0,0,0,0.5,48.38
2026-07-18T16:01:11.049183,2,0.0,0,0,0,0.0,48.38
2026-07-18T16:01:11.049719,1,0.0,0,0,0,0.0,48.38
2026-07-18T16:01:11.050110,3,0.0,0,0,0,0.0,48.38
2026-07-18T16:01:13.052829,4,0.0,0,0,0,0.0,48.38
2026-07-18T16:01:13.052996,2,0.0,0,0,0,0.0,48.38
2026-07-18T16:01:13.053094,1,0.0,0,0,0,0.0,48.38
2026-07-18T16:01:13.053203,3,0.0,0,0,0,0.0,48.38
2026-07-18T16:01:15.053510,3,0.0,0,0,0,0.0,48.38
2026-07-18T16:01:15.053680,2,0.0,0,0,0,0.0,48.38
2026-07-18T16:01:15.053756,4,0.0,0,0,0,0.0,48.38
2026-07-18T16:01:15.053826,1,0.0,0,0,0,0.0,48.38
2026-07-18T16:01:17.055334,4,0.0,0,0,0,0.0,48.38
2026-07-18T16:01:17.056533,1,0.0,0,0,0,0.0,48.38
2026-07-18T16:01:17.058297,3,0.0,0,0,0,0.0,48.38
2026-07-18T16:01:17.058521,2,0.0,0,0,0,0.0,48.38
2026-07-18T16:01:19.057829,4,0.0,0,0,0,0.5,48.38
2026-07-18T16:01:19.060614,3,0.0,0,0,0,0.0,48.38
2026-07-18T16:01:19.061041,1,0.0,0,0,0,0.0,48.38
2026-07-18T16:01:19.061189,2,0.0,0,0,0,0.0,48.38
2026-07-18T16:01:21.061604,4,0.0,0,0,0,0.0,48.38
2026-07-18T16:01:21.061826,1,0.0,0,0,0,0.0,48.38
2026-07-18T16:01:21.063213,2,0.0,0,0,0,0.0,48.38
2026-07-18T16:01:21.063927,3,0.0,0,0,0,0.0,48.38
2026-07-18T16:01:23.063781,4,0.0,0,0,0,0.5,48.38
2026-07-18T16:01:23.064996,2,0.0,0,0,0,0.0,48.38
2026-07-18T16:01:23.065144,3,0.0,0,0,0,0.0,48.38
2026-07-18T16:01:23.065223,1,0.0,0,0,0,0.0,48.38
2026-07-18T16:01:25.067405,4,0.0,0,0,0,0.0,48.38
2026-07-18T16:01:25.068904,2,0.0,0,0,0,0.0,48.38
2026-07-18T16:01:25.069555,3,0.0,0,0,0,0.0,48.38
2026-07-18T16:01:25.069825,1,0.0,0,0,0,0.0,48.38
2026-07-18T16:01:27.070538,4,0.0,0,0,0,0.5,48.38
2026-07-18T16:01:27.071815,3,0.0,0,0,0,0.0,48.38
2026-07-18T16:01:27.071961,2,0.0,0,0,0,0.0,48.38
2026-07-18T16:01:27.072032,1,0.0,0,0,0,0.0,48.38
2026-07-18T16:01:29.072748,4,0.0,0,0,0,0.0,48.38
2026-07-18T16:01:29.075338,3,0.0,0,0,0,427.5,48.38
2026-07-18T16:01:29.075638,1,0.0,0,0,0,0.0,48.38
2026-07-18T16:01:29.075722,2,0.0,0,0,0,0.0,48.38
2026-07-18T16:01:31.076650,4,0.0,0,0,0,0.0,48.38
2026-07-18T16:01:31.078908,3,0.0,0,0,0,433.2,48.38
2026-07-18T16:01:31.079065,1,0.0,0,0,0,0.0,48.38
2026-07-18T16:01:31.079448,2,0.0,0,0,0,0.0,48.38
2026-07-18T16:01:33.077521,4,0.0,0,0,0,0.0,48.38
2026-07-18T16:01:33.078437,1,0.0,0,0,0,0.0,48.38
2026-07-18T16:01:33.079036,2,0.0,0,0,0,0.0,48.38
2026-07-18T16:01:33.079211,3,0.0,0,0,0,0.0,48.38
2026-07-18T16:01:35.080907,3,0.0,0,0,0,0.0,48.38
2026-07-18T16:01:35.081104,1,0.0,0,0,0,0.0,48.38
2026-07-18T16:01:35.081208,4,0.0,0,0,0,0.0,48.38
2026-07-18T16:01:35.081708,2,0.0,0,0,0,0.0,48.38
2026-07-18T16:01:37.082058,4,0.0,0,0,0,0.0,48.38
2026-07-18T16:01:37.083061,3,0.0,0,0,0,0.0,48.38
2026-07-18T16:01:37.083196,1,0.0,0,0,0,0.0,48.38
2026-07-18T16:01:37.083268,2,0.0,0,0,0,0.0,48.38
2026-07-18T16:01:39.086309,4,0.0,0,0,0,0.5,48.38
2026-07-18T16:01:39.088883,1,0.0,0,0,0,0.0,48.38
2026-07-18T16:01:39.089518,2,0.0,0,0,0,0.0,48.38
2026-07-18T16:01:39.089883,3,0.0,0,0,0,0.0,48.38
2026-07-18T16:01:41.089609,4,0.0,0,0,0,0.0,48.38
2026-07-18T16:01:41.091258,3,0.0,0,0,0,371.8,48.38
2026-07-18T16:01:41.091504,1,0.0,0,0,0,0.0,48.38
2026-07-18T16:01:41.093103,2,0.0,0,0,0,0.0,48.38
2026-07-18T16:01:43.088896,4,0.0,0,0,0,0.0,48.38
2026-07-18T16:01:43.090704,3,0.0,0,0,0,0.0,48.38
2026-07-18T16:01:43.090875,2,0.0,0,0,0,0.0,48.38
2026-07-18T16:01:43.090954,1,0.0,0,0,0,0.0,48.38
2026-07-18T16:01:45.091887,4,0.0,0,0,0,0.0,48.38
2026-07-18T16:01:45.093979,2,0.0,0,0,0,0.0,48.38
2026-07-18T16:01:45.094539,3,0.0,0,0,0,0.0,48.38
2026-07-18T16:01:45.094798,1,0.0,0,0,0,1827.3,48.38
2026-07-18T16:01:47.094866,4,0.0,0,0,0,0.0,48.38
2026-07-18T16:01:47.096983,3,0.0,0,0,0,0.0,48.38
2026-07-18T16:01:47.097620,1,0.0,0,0,0,0.0,48.38
2026-07-18T16:01:47.097921,2,0.0,0,0,0,2886.5,48.38
2026-07-18T16:01:49.097384,4,0.0,0,0,0,0.0,48.38
2026-07-18T16:01:49.099182,2,0.0,0,0,0,0.0,48.38
2026-07-18T16:01:49.099418,1,0.0,0,0,0,0.0,48.38
2026-07-18T16:01:49.099512,3,0.0,0,0,0,0.0,48.38
2026-07-18T16:01:51.098612,4,0.0,0,0,0,0.5,48.38
2026-07-18T16:01:51.099722,1,0.0,0,0,0,0.0,48.38
2026-07-18T16:01:51.100136,3,0.0,0,0,0,0.0,48.38
2026-07-18T16:01:51.100283,2,0.0,0,0,0,0.0,48.38
2026-07-18T16:01:53.100980,4,0.0,0,0,0,0.0,48.38
2026-07-18T16:01:53.102164,1,0.0,0,0,0,0.0,48.38
2026-07-18T16:01:53.102296,3,0.0,0,0,0,0.0,48.38
2026-07-18T16:01:53.102368,2,0.0,0,0,0,0.0,48.38
2026-07-18T16:01:55.105852,4,0.0,0,0,0,0.0,48.38
2026-07-18T16:01:55.107948,1,0.0,0,0,0,0.0,48.38
2026-07-18T16:01:55.108939,2,0.0,0,0,0,0.0,48.38
2026-07-18T16:01:55.109300,3,0.0,0,0,0,0.0,48.38
2026-07-18T16:01:57.107858,4,0.0,0,0,0,0.0,48.38
2026-07-18T16:01:57.110746,3,0.0,0,0,0,402.5,48.38
2026-07-18T16:01:57.111022,2,0.0,0,0,0,0.0,48.38
2026-07-18T16:01:57.111134,1,0.0,0,0,0,0.0,48.38
2026-07-18T16:01:59.111154,4,0.0,0,0,0,0.0,48.38
2026-07-18T16:01:59.112497,3,0.0,0,0,0,0.0,48.38
2026-07-18T16:01:59.113009,1,0.0,0,0,0,0.0,48.38
2026-07-18T16:01:59.113225,2,0.0,0,0,0,0.0,48.38
2026-07-18T16:02:01.112387,4,0.0,0,0,0,0.0,48.38
2026-07-18T16:02:01.113089,1,0.0,0,0,0,0.0,48.38
2026-07-18T16:02:01.113511,2,0.0,0,0,0,2209.9,48.38
2026-07-18T16:02:01.113599,3,0.0,0,0,0,0.0,48.38
2026-07-18T16:02:03.114971,4,0.0,0,0,0,0.0,48.38
2026-07-18T16:02:03.116817,3,0.0,0,0,0,0.0,48.38
2026-07-18T16:02:03.117314,2,0.0,0,0,0,0.0,48.38
2026-07-18T16:02:03.117708,1,0.0,0,0,0,0.0,48.38
2026-07-18T16:02:05.119200,4,0.0,0,0,0,0.0,48.38
2026-07-18T16:02:05.120422,3,0.0,0,0,0,0.0,48.38
2026-07-18T16:02:05.120847,1,0.0,0,0,0,0.0,48.38
2026-07-18T16:02:05.121538,2,0.0,0,0,0,0.0,48.38
2026-07-18T16:02:07.120779,4,0.0,0,0,0,0.5,48.38
2026-07-18T16:02:07.121622,1,0.0,0,0,0,1131.0,48.38
2026-07-18T16:02:07.122379,2,0.0,0,0,0,0.0,48.38
2026-07-18T16:02:07.122536,3,0.0,0,0,0,0.0,48.38
2026-07-18T16:02:09.125848,4,0.0,0,0,0,0.0,48.38
2026-07-18T16:02:09.128388,1,0.0,0,0,0,0.0,48.38
2026-07-18T16:02:09.128600,2,0.0,0,0,0,0.0,48.38
2026-07-18T16:02:09.128678,3,0.0,0,0,0,0.0,48.38
2026-07-18T16:02:11.128726,4,0.0,0,0,0,0.5,48.38
2026-07-18T16:02:11.131648,2,0.0,0,0,0,0.0,48.38
2026-07-18T16:02:11.132731,1,0.0,0,0,0,0.0,48.38
2026-07-18T16:02:11.133124,3,0.0,0,0,0,0.0,48.38
2026-07-18T16:02:13.131534,4,0.0,0,0,0,0.0,48.38
2026-07-18T16:02:13.133634,3,0.0,0,0,0,0.0,48.38
2026-07-18T16:02:13.134189,2,0.0,0,0,0,0.0,48.38
2026-07-18T16:02:13.134353,1,0.0,0,0,0,0.0,48.38
2026-07-18T16:02:15.138569,2,0.0,0,0,0,0.5,48.38
2026-07-18T16:02:15.138908,1,0.0,0,0,0,0.0,48.38
2026-07-18T16:02:15.139571,4,0.0,0,0,0,0.0,48.38
2026-07-18T16:02:15.139893,3,0.0,0,0,0,0.0,48.38
2026-07-18T16:02:17.138856,4,0.0,0,0,0,0.0,48.38
2026-07-18T16:02:17.141962,2,0.0,0,0,0,0.0,48.38
2026-07-18T16:02:17.143077,1,0.0,0,0,0,1498.5,48.38
2026-07-18T16:02:17.143952,3,0.0,0,0,0,708.1,48.38
2026-07-18T16:02:19.142759,4,0.0,0,0,0,0.0,48.38
2026-07-18T16:02:19.143077,1,0.0,0,0,0,0.0,48.38
2026-07-18T16:02:19.145513,3,0.0,0,0,0,0.0,48.38
2026-07-18T16:02:19.146649,2,0.0,0,0,0,0.0,48.38
2026-07-18T16:02:21.144614,3,0.0,0,0,0,0.5,48.38
2026-07-18T16:02:21.145423,4,0.0,0,0,0,0.0,48.38
2026-07-18T16:02:21.146106,1,0.0,0,0,0,0.0,48.38
2026-07-18T16:02:21.146935,2,0.0,0,0,0,0.0,48.38
2026-07-18T16:02:23.144856,4,0.0,0,0,0,0.0,48.38
2026-07-18T16:02:23.145688,2,0.0,0,0,0,0.0,48.38
2026-07-18T16:02:23.145780,3,0.0,0,0,0,0.0,48.38
2026-07-18T16:02:23.145850,1,0.0,0,0,0,0.0,48.38
2026-07-18T16:02:25.148001,4,0.0,0,0,0,0.0,48.38
2026-07-18T16:02:25.149653,3,0.0,0,0,0,0.0,48.38
2026-07-18T16:02:25.149823,1,0.0,0,0,0,0.0,48.38
2026-07-18T16:02:25.149951,2,0.0,0,0,0,0.0,48.38
2026-07-18T16:02:27.150718,4,0.0,0,0,0,0.5,48.38
2026-07-18T16:02:27.152684,3,0.0,0,0,0,0.0,48.38
2026-07-18T16:02:27.152821,1,0.0,0,0,0,0.0,48.38
2026-07-18T16:02:27.152916,2,0.0,0,0,0,0.0,48.38
2026-07-18T16:02:29.153551,4,0.0,0,0,0,0.0,48.38
2026-07-18T16:02:29.154690,1,0.0,0,0,0,0.0,48.38
2026-07-18T16:02:29.154946,2,0.0,0,0,0,0.0,48.38
2026-07-18T16:02:29.155106,3,0.0,0,0,0,0.0,48.38
2026-07-18T16:02:31.155830,4,0.0,0,0,0,0.0,48.38
2026-07-18T16:02:31.157132,1,0.0,0,0,0,759.7,48.38
2026-07-18T16:02:31.157294,3,0.0,0,0,0,0.0,48.38
2026-07-18T16:02:31.157382,2,0.0,0,0,0,0.0,48.38
2026-07-18T16:02:33.158144,4,0.0,0,0,0,0.0,48.38
2026-07-18T16:02:33.161620,1,0.0,0,0,0,0.0,48.38
2026-07-18T16:02:33.161902,3,0.0,0,0,0,0.0,48.38
2026-07-18T16:02:33.162864,2,0.0,0,0,0,0.0,48.38
2026-07-18T16:02:35.160633,4,0.0,0,0,0,0.0,48.38
2026-07-18T16:02:35.161935,1,0.0,0,0,0,0.0,48.38
2026-07-18T16:02:35.162051,3,0.0,0,0,0,0.0,48.38
2026-07-18T16:02:35.162122,2,0.0,0,0,0,0.0,48.38
2026-07-18T16:02:37.163915,4,0.0,0,0,0,0.0,48.38
2026-07-18T16:02:37.165490,2,0.0,0,0,0,1310.2,48.38
2026-07-18T16:02:37.165644,1,0.0,0,0,0,0.0,48.38
2026-07-18T16:02:37.165730,3,0.0,0,0,0,0.0,48.38
2026-07-18T16:02:39.165789,4,0.0,0,0,0,0.0,48.38
2026-07-18T16:02:39.168636,1,0.0,0,0,0,0.0,48.38
2026-07-18T16:02:39.168846,3,0.0,0,0,0,0.0,48.38
2026-07-18T16:02:39.169650,2,0.0,0,0,0,0.0,48.38
2026-07-18T16:02:41.169770,4,0.0,0,0,0,0.0,48.38
2026-07-18T16:02:41.172567,3,0.0,0,0,0,392.0,48.38
2026-07-18T16:02:41.172793,2,0.0,0,0,0,0.0,48.38
2026-07-18T16:02:41.172871,1,0.0,0,0,0,0.0,48.38
2026-07-18T16:02:43.170522,4,0.0,0,0,0,0.0,48.38
2026-07-18T16:02:43.172035,2,0.0,0,0,0,0.0,48.38
2026-07-18T16:02:43.172156,1,0.0,0,0,0,0.0,48.38
2026-07-18T16:02:43.172226,3,0.0,0,0,0,0.0,48.38
2026-07-18T16:02:45.172862,4,0.0,0,0,0,0.0,48.38
2026-07-18T16:02:45.174598,3,0.0,0,0,0,0.0,48.38
2026-07-18T16:02:45.174755,1,0.0,0,0,0,0.0,48.38
2026-07-18T16:02:45.175086,2,0.0,0,0,0,0.0,48.38
2026-07-18T16:02:47.176536,4,0.0,0,0,0,0.5,48.38
2026-07-18T16:02:47.177862,3,0.0,0,0,0,0.0,48.38
2026-07-18T16:02:47.178338,2,0.0,0,0,0,0.0,48.38
2026-07-18T16:02:47.178606,1,0.0,0,0,0,0.0,48.38
2026-07-18T16:02:49.179028,1,0.0,0,0,0,0.0,48.38
2026-07-18T16:02:49.179186,4,0.0,0,0,0,0.0,48.38
2026-07-18T16:02:49.180980,2,0.0,0,0,0,0.0,48.38
2026-07-18T16:02:49.181219,3,0.0,0,0,0,0.0,48.38
2026-07-18T16:02:51.180741,4,0.0,0,0,0,0.0,48.38
2026-07-18T16:02:51.182867,2,0.0,0,0,0,0.0,48.38
2026-07-18T16:02:51.183695,3,0.0,0,0,0,1252.7,48.38
2026-07-18T16:02:51.183999,1,0.0,0,0,0,0.0,48.38
2026-07-18T16:02:53.183275,4,0.0,0,0,0,0.0,48.38
2026-07-18T16:02:53.184575,1,0.0,0,0,0,0.0,48.38
2026-07-18T16:02:53.185905,2,0.0,0,0,0,0.0,48.38
2026-07-18T16:02:53.186054,3,0.0,0,0,0,0.0,48.38
2026-07-18T16:02:55.187797,4,0.0,0,0,0,0.0,48.38
2026-07-18T16:02:55.189592,1,0.0,0,0,0,0.0,48.38
2026-07-18T16:02:55.189746,2,0.0,0,0,0,0.0,48.38
2026-07-18T16:02:55.189837,3,0.0,0,0,0,0.0,48.38
2026-07-18T16:02:57.188605,4,0.0,0,0,0,0.5,48.38
2026-07-18T16:02:57.191059,1,0.0,0,0,0,0.0,48.38
2026-07-18T16:02:57.191278,3,0.0,0,0,0,0.0,48.38
2026-07-18T16:02:57.191936,2,0.0,0,0,0,0.0,48.38
2026-07-18T16:02:59.191222,4,0.0,0,0,0,0.0,48.38
2026-07-18T16:02:59.192661,3,0.0,0,0,0,0.0,48.38
2026-07-18T16:02:59.192996,2,0.0,0,0,0,0.0,48.38
2026-07-18T16:02:59.193155,1,0.0,0,0,0,0.0,48.38
2026-07-18T16:03:01.197449,3,0.0,0,0,0,0.5,48.38
2026-07-18T16:03:01.197882,2,0.0,0,0,0,0.0,48.38
2026-07-18T16:03:01.198334,4,0.0,0,0,0,0.0,48.38
2026-07-18T16:03:01.198574,1,0.0,0,0,0,0.0,48.38
2026-07-18T16:03:03.196687,4,0.0,0,0,0,0.0,48.38
2026-07-18T16:03:03.198389,1,0.0,0,0,0,0.0,48.38
2026-07-18T16:03:03.198702,2,0.0,0,0,0,0.0,48.38
2026-07-18T16:03:03.198848,3,0.0,0,0,0,0.0,48.38
2026-07-18T16:03:05.197064,4,0.0,0,0,0,0.0,48.38
2026-07-18T16:03:05.198506,3,0.0,0,0,0,0.0,48.38
2026-07-18T16:03:05.198765,1,0.0,0,0,0,0.0,48.38
2026-07-18T16:03:05.198889,2,0.0,0,0,0,0.0,48.38
2026-07-18T16:03:07.199283,4,0.0,0,0,0,0.0,48.38
2026-07-18T16:03:07.200704,3,0.0,0,0,0,682.9,48.38
2026-07-18T16:03:07.200876,2,0.0,0,0,0,0.0,48.38
2026-07-18T16:03:07.200998,1,0.0,0,0,0,0.0,48.38
2026-07-18T16:03:09.202192,4,0.0,0,0,0,0.0,48.38
2026-07-18T16:03:09.204429,3,0.0,0,0,0,507.7,48.38
2026-07-18T16:03:09.204814,1,0.0,0,0,0,0.0,48.38
2026-07-18T16:03:09.204963,2,0.0,0,0,0,0.0,48.38
2026-07-18T16:03:11.204014,4,0.0,0,0,0,0.0,48.38
2026-07-18T16:03:11.206658,3,0.0,0,0,0,0.0,48.38
2026-07-18T16:03:11.206851,1,0.0,0,0,0,0.0,48.38
2026-07-18T16:03:11.206977,2,0.0,0,0,0,0.0,48.38
2026-07-18T16:03:13.206259,4,0.0,0,0,0,0.0,48.38
2026-07-18T16:03:13.207211,1,0.0,0,0,0,0.0,48.38
2026-07-18T16:03:13.207316,3,0.0,0,0,0,6231.6,48.38
2026-07-18T16:03:13.207736,2,0.0,0,0,0,0.0,48.38
2026-07-18T16:03:15.209456,4,0.0,0,0,0,0.0,48.38
2026-07-18T16:03:15.211488,2,0.0,0,0,0,0.0,48.38
2026-07-18T16:03:15.211721,1,0.0,0,0,0,0.0,48.38
2026-07-18T16:03:15.211801,3,0.0,0,0,0,0.0,48.38
2026-07-18T16:03:17.212253,3,0.0,0,0,0,0.0,48.38
2026-07-18T16:03:17.212726,2,0.0,0,0,0,0.0,48.38
2026-07-18T16:03:17.212849,1,0.0,0,0,0,0.0,48.38
2026-07-18T16:03:17.212921,4,0.0,0,0,0,0.0,48.38
2026-07-18T16:03:19.214036,4,0.0,0,0,0,0.0,48.38
2026-07-18T16:03:19.214164,1,0.0,0,0,0,0.0,48.38
2026-07-18T16:03:19.215197,3,0.0,0,0,0,0.0,48.38
2026-07-18T16:03:19.215415,2,0.0,0,0,0,0.0,48.38
2026-07-18T16:03:21.217403,4,0.0,0,0,0,0.0,48.38
2026-07-18T16:03:21.218778,1,0.0,0,0,0,558.7,48.38
2026-07-18T16:03:21.218989,3,0.0,0,0,0,0.0,48.38
2026-07-18T16:03:21.219881,2,0.0,0,0,0,0.0,48.38
2026-07-18T16:03:23.218713,4,0.0,0,0,0,0.0,48.38
2026-07-18T16:03:23.219953,2,0.0,0,0,0,0.0,48.38
2026-07-18T16:03:23.220067,3,0.0,0,0,0,0.0,48.38
2026-07-18T16:03:23.220136,1,0.0,0,0,0,0.0,48.38
2026-07-18T16:03:25.222254,4,0.0,0,0,0,0.0,48.38
2026-07-18T16:03:25.223239,2,0.0,0,0,0,0.0,48.38
2026-07-18T16:03:25.223634,1,0.0,0,0,0,0.0,48.38
2026-07-18T16:03:25.223811,3,0.0,0,0,0,0.0,48.38
2026-07-18T16:03:27.226438,4,0.0,0,0,0,0.5,48.38
2026-07-18T16:03:27.226690,2,0.0,0,0,0,0.0,48.38
2026-07-18T16:03:27.226781,3,0.0,0,0,0,0.0,48.38
2026-07-18T16:03:27.227891,1,0.0,0,0,0,0.0,48.38
2026-07-18T16:03:29.228102,2,0.0,0,0,0,0.0,48.38
2026-07-18T16:03:29.228353,1,0.0,0,0,0,0.0,48.38
2026-07-18T16:03:29.228453,4,0.0,0,0,0,0.0,48.38
2026-07-18T16:03:29.228522,3,0.0,0,0,0,0.0,48.38
2026-07-18T16:03:31.231032,4,0.0,0,0,0,0.5,48.38
2026-07-18T16:03:31.232796,1,0.0,0,0,0,0.0,48.38
2026-07-18T16:03:31.233307,2,0.0,0,0,0,0.0,48.38
2026-07-18T16:03:31.233467,3,0.0,0,0,0,0.0,48.38
2026-07-18T16:03:33.233082,4,0.0,0,0,0,0.5,48.38
2026-07-18T16:03:33.235651,2,0.0,0,0,0,0.0,48.38
2026-07-18T16:03:33.235836,1,0.0,0,0,0,0.0,48.38
2026-07-18T16:03:33.235915,3,0.0,0,0,0,0.0,48.38
2026-07-18T16:03:35.237162,4,0.0,0,0,0,0.0,48.38
2026-07-18T16:03:35.239624,2,0.0,0,0,0,0.0,48.38
2026-07-18T16:03:35.239884,3,0.0,0,0,0,0.0,48.38
2026-07-18T16:03:35.240011,1,0.0,0,0,0,0.0,48.38
2026-07-18T16:03:37.238420,4,0.0,0,0,0,0.0,48.38
2026-07-18T16:03:37.239673,3,0.0,0,0,0,0.0,48.38
2026-07-18T16:03:37.239920,2,0.0,0,0,0,0.0,48.38
2026-07-18T16:03:37.240364,1,0.0,0,0,0,0.0,48.38
2026-07-18T16:03:39.241456,4,0.0,0,0,0,0.0,48.38
2026-07-18T16:03:39.242671,1,0.0,0,0,0,809.8,48.38
2026-07-18T16:03:39.242957,3,0.0,0,0,0,0.0,48.38
2026-07-18T16:03:39.244137,2,0.0,0,0,0,905.8,48.38
2026-07-18T16:03:41.244020,4,0.0,0,0,0,0.0,48.38
2026-07-18T16:03:41.244212,1,0.0,0,0,0,0.0,48.38
2026-07-18T16:03:41.245124,3,0.0,0,0,0,0.0,48.38
2026-07-18T16:03:41.245693,2,0.0,0,0,0,0.0,48.38
2026-07-18T16:03:43.245591,4,0.0,0,0,0,0.0,48.38
2026-07-18T16:03:43.247901,3,0.0,0,0,0,0.0,48.38
2026-07-18T16:03:43.248018,1,0.0,0,0,0,0.0,48.38
2026-07-18T16:03:43.248102,2,0.0,0,0,0,0.0,48.38
2026-07-18T16:03:45.247749,4,0.0,0,0,0,0.5,48.38
2026-07-18T16:03:45.250721,2,0.0,0,0,0,0.0,48.38
2026-07-18T16:03:45.251664,3,0.0,0,0,0,0.0,48.38
2026-07-18T16:03:45.251859,1,0.0,0,0,0,0.0,48.38
2026-07-18T16:03:47.253058,4,0.0,0,0,0,0.0,48.38
2026-07-18T16:03:47.255766,1,0.0,0,0,0,0.0,48.38
2026-07-18T16:03:47.257069,2,0.0,0,0,0,383.7,48.38
2026-07-18T16:03:47.257237,3,0.0,0,0,0,0.0,48.38
2026-07-18T16:03:49.254487,4,0.0,0,0,0,0.0,48.38
2026-07-18T16:03:49.254790,1,0.0,0,0,0,0.0,48.38
2026-07-18T16:03:49.256538,3,0.0,0,0,0,0.0,48.38
2026-07-18T16:03:49.256697,2,0.0,0,0,0,0.0,48.38
2026-07-18T16:03:51.258003,4,0.0,0,0,0,0.0,48.38
2026-07-18T16:03:51.259909,2,0.0,0,0,0,0.0,48.38
2026-07-18T16:03:51.260104,3,0.0,0,0,0,3684.0,48.38
2026-07-18T16:03:51.260796,1,0.0,0,0,0,0.0,48.38
2026-07-18T16:03:53.259499,4,0.0,0,0,0,0.0,48.38
2026-07-18T16:03:53.260996,3,0.0,0,0,0,0.0,48.38
2026-07-18T16:03:53.261240,1,0.0,0,0,0,0.0,48.38
2026-07-18T16:03:53.261338,2,0.0,0,0,0,0.0,48.38
2026-07-18T16:03:55.261462,2,0.0,0,0,0,0.0,48.38
2026-07-18T16:03:55.261607,1,0.0,0,0,0,0.0,48.38
2026-07-18T16:03:55.261683,3,0.0,0,0,0,0.0,48.38
2026-07-18T16:03:55.261753,4,0.0,0,0,0,0.0,48.38
2026-07-18T16:03:57.263822,1,0.0,0,0,0,0.0,48.38
2026-07-18T16:03:57.264045,4,0.0,0,0,0,0.0,48.38
2026-07-18T16:03:57.264990,3,0.0,0,0,0,0.0,48.38
2026-07-18T16:03:57.265351,2,0.0,0,0,0,0.0,48.38
2026-07-18T16:03:59.267633,2,0.0,0,0,0,0.5,48.38
2026-07-18T16:03:59.267805,3,0.0,0,0,0,0.0,48.38
2026-07-18T16:03:59.268131,1,0.0,0,0,0,0.0,48.38
2026-07-18T16:03:59.268359,4,0.0,0,0,0,0.0,48.38
2026-07-18T16:04:01.269046,4,0.0,0,0,0,0.0,48.38
2026-07-18T16:04:01.274088,2,0.0,0,0,0,203.1,48.38
2026-07-18T16:04:01.274855,3,0.0,0,0,0,0.0,48.38
2026-07-18T16:04:01.275067,1,0.0,0,0,0,0.0,48.38
2026-07-18T16:04:03.272913,4,0.0,0,0,0,0.0,48.38
2026-07-18T16:04:03.279178,2,0.0,0,0,0,0.0,48.38
2026-07-18T16:04:03.279556,1,0.0,0,0,0,0.0,48.38
2026-07-18T16:04:03.279870,3,0.0,0,0,0,0.0,48.38
2026-07-18T16:04:05.274396,1,0.0,0,0,0,0.0,48.38
2026-07-18T16:04:05.274577,4,0.0,0,0,0,0.0,48.38
2026-07-18T16:04:05.275445,2,0.0,0,0,0,0.0,48.38
2026-07-18T16:04:05.275644,3,0.0,0,0,0,0.0,48.38
2026-07-18T16:04:07.276030,4,0.0,0,0,0,0.0,48.38
2026-07-18T16:04:07.278474,1,0.0,0,0,0,411.7,48.38
2026-07-18T16:04:07.278611,3,0.0,0,0,0,0.0,48.38
2026-07-18T16:04:07.278682,2,0.0,0,0,0,0.0,48.38
2026-07-18T16:04:09.286550,3,0.0,0,0,0,0.0,48.38
2026-07-18T16:04:09.286812,4,0.0,0,0,0,0.0,48.38
2026-07-18T16:04:09.286932,2,0.0,0,0,0,0.0,48.38
2026-07-18T16:04:09.287034,1,0.0,0,0,0,0.0,48.38
2026-07-18T16:04:11.283756,4,0.0,0,0,0,0.0,48.38
2026-07-18T16:04:11.283923,1,0.0,0,0,0,0.0,48.38
2026-07-18T16:04:11.283998,3,0.0,0,0,0,0.0,48.38
2026-07-18T16:04:11.284244,2,0.0,0,0,0,0.0,48.38
2026-07-18T16:04:13.288600,4,0.0,0,0,0,0.0,48.38
2026-07-18T16:04:13.289619,2,0.0,0,0,0,950.2,48.38
2026-07-18T16:04:13.289747,1,0.0,0,0,0,0.0,48.38
2026-07-18T16:04:13.289818,3,0.0,0,0,0,0.0,48.38
2026-07-18T16:04:15.289724,4,0.0,0,0,0,0.0,48.38
2026-07-18T16:04:15.290820,1,0.0,0,0,0,838.6,48.38
2026-07-18T16:04:15.290941,2,0.0,0,0,0,0.0,48.38
2026-07-18T16:04:15.291010,3,0.0,0,0,0,0.0,48.38
2026-07-18T16:04:17.292718,4,0.0,0,0,0,0.0,48.38
2026-07-18T16:04:17.294530,1,0.0,0,0,0,0.0,48.38
2026-07-18T16:04:17.294735,2,0.0,0,0,0,0.0,48.38
2026-07-18T16:04:17.294878,3,0.0,0,0,0,0.0,48.38
2026-07-18T16:04:19.294734,3,0.0,0,0,0,0.0,48.38
2026-07-18T16:04:19.295143,1,0.0,0,0,0,0.0,48.38
2026-07-18T16:04:19.295352,2,0.0,0,0,0,0.0,48.38
2026-07-18T16:04:19.295586,4,0.0,0,0,0,0.0,48.38
2026-07-18T16:04:21.297047,4,0.0,0,0,0,0.5,48.38
2026-07-18T16:04:21.297825,1,0.0,0,0,0,0.0,48.38
2026-07-18T16:04:21.300895,3,0.0,0,0,0,331.9,48.38
2026-07-18T16:04:21.301182,2,0.0,0,0,0,0.0,48.38
2026-07-18T16:04:23.300149,4,0.0,0,0,0,0.0,48.38
2026-07-18T16:04:23.304074,2,0.0,0,0,0,0.0,48.38
2026-07-18T16:04:23.304767,3,0.0,0,0,0,0.0,48.38
2026-07-18T16:04:23.305259,1,0.0,0,0,0,0.0,48.38
2026-07-18T16:04:25.303992,1,0.0,0,0,0,0.5,48.38
2026-07-18T16:04:25.304121,4,0.0,0,0,0,0.0,48.38
2026-07-18T16:04:25.304193,3,0.0,0,0,0,0.0,48.38
2026-07-18T16:04:25.304952,2,0.0,0,0,0,0.0,48.38
2026-07-18T16:04:27.304574,1,0.0,0,0,0,0.0,48.38
2026-07-18T16:04:27.304686,3,0.0,0,0,0,0.0,48.38
2026-07-18T16:04:27.304757,4,0.0,0,0,0,0.0,48.38
2026-07-18T16:04:27.304826,2,0.0,0,0,0,0.0,48.38
2026-07-18T16:04:29.307907,4,0.0,0,0,0,0.0,48.38
2026-07-18T16:04:29.309891,1,0.0,0,0,0,511.6,48.38
2026-07-18T16:04:29.310227,2,0.0,0,0,0,0.0,48.38
2026-07-18T16:04:29.310894,3,0.0,0,0,0,0.0,48.38
2026-07-18T16:04:31.309674,1,0.0,0,0,0,0.0,48.38
2026-07-18T16:04:31.309857,4,0.0,0,0,0,0.0,48.38
2026-07-18T16:04:31.311039,2,0.0,0,0,0,0.0,48.38
2026-07-18T16:04:31.311366,3,0.0,0,0,0,0.0,48.38
2026-07-18T16:04:33.312431,4,0.0,0,0,0,0.5,48.38
2026-07-18T16:04:33.313255,2,0.0,0,0,0,0.0,48.38
2026-07-18T16:04:33.313413,3,0.0,0,0,0,0.0,48.38
2026-07-18T16:04:33.313539,1,0.0,0,0,0,0.0,48.38
2026-07-18T16:04:35.316049,4,0.0,0,0,0,0.5,48.38
2026-07-18T16:04:35.317331,3,0.0,0,0,0,0.0,48.38
2026-07-18T16:04:35.318043,1,0.0,0,0,0,0.0,48.38
2026-07-18T16:04:35.318663,2,0.0,0,0,0,0.0,48.38
2026-07-18T16:04:37.320533,3,0.0,0,0,0,0.0,48.38
2026-07-18T16:04:37.321460,1,0.0,0,0,0,0.0,48.38
2026-07-18T16:04:37.321744,2,0.0,0,0,0,0.0,48.38
2026-07-18T16:04:37.321872,4,0.0,0,0,0,0.0,48.38
2026-07-18T16:04:39.322072,4,0.0,0,0,0,0.0,48.38
2026-07-18T16:04:39.324035,3,0.0,0,0,0,0.0,48.38
2026-07-18T16:04:39.324782,1,0.0,0,0,0,1371.6,48.38
2026-07-18T16:04:39.324968,2,0.0,0,0,0,0.0,48.38
2026-07-18T16:04:41.324868,4,0.0,0,0,0,0.0,48.38
2026-07-18T16:04:41.325856,2,0.0,0,0,0,0.0,48.38
2026-07-18T16:04:41.326002,3,0.0,0,0,0,0.0,48.38
2026-07-18T16:04:41.326094,1,0.0,0,0,0,0.0,48.38
2026-07-18T16:04:43.327824,2,0.0,0,0,0,0.0,48.38
2026-07-18T16:04:43.327936,4,0.0,0,0,0,0.0,48.38
2026-07-18T16:04:43.328222,3,0.0,0,0,0,0.0,48.38
2026-07-18T16:04:43.328535,1,0.0,0,0,0,0.0,48.38
2026-07-18T16:04:45.329749,1,0.0,0,0,0,0.5,48.38
2026-07-18T16:04:45.330099,4,0.0,0,0,0,0.0,48.38
2026-07-18T16:04:45.331811,3,0.0,0,0,0,0.0,48.38
2026-07-18T16:04:45.331936,2,0.0,0,0,0,0.0,48.38
2026-07-18T16:04:47.333530,4,0.0,0,0,0,0.0,48.38
2026-07-18T16:04:47.333725,1,0.0,0,0,0,0.0,48.38
2026-07-18T16:04:47.333824,2,0.0,0,0,0,0.0,48.38
2026-07-18T16:04:47.334453,3,0.0,0,0,0,0.0,48.38
2026-07-18T16:04:49.335309,4,0.0,0,0,0,0.5,48.38
2026-07-18T16:04:49.336927,3,0.0,0,0,0,0.0,48.38
2026-07-18T16:04:49.337730,1,0.0,0,0,0,0.0,48.38
2026-07-18T16:04:49.338470,2,0.0,0,0,0,0.0,48.38
2026-07-18T16:04:51.336785,4,0.0,0,0,0,0.0,48.38
2026-07-18T16:04:51.338488,2,0.0,0,0,0,0.0,48.38
2026-07-18T16:04:51.338794,3,0.0,0,0,0,0.0,48.38
2026-07-18T16:04:51.339015,1,0.0,0,0,0,0.0,48.38
2026-07-18T16:04:53.339405,4,0.0,0,0,0,0.5,48.38
2026-07-18T16:04:53.339553,1,0.0,0,0,0,0.0,48.38
2026-07-18T16:04:53.339630,3,0.0,0,0,0,0.0,48.38
2026-07-18T16:04:53.340289,2,0.0,0,0,0,0.0,48.38
2026-07-18T16:04:55.341721,4,0.0,0,0,0,0.0,48.38
2026-07-18T16:04:55.341833,2,0.0,0,0,0,0.0,48.38
2026-07-18T16:04:55.342431,3,0.0,0,0,0,0.0,48.38
2026-07-18T16:04:55.342860,1,0.0,0,0,0,0.0,48.38
