timestamp,dpid,entropy,n_flows,n_blocked,detection_flag,cpu_pct,mem_mb
2026-07-18T16:28:34.237237,2,0.0,0,0,0,0.0,46.55
2026-07-18T16:28:34.239212,4,0.0,0,0,0,0.0,46.55
2026-07-18T16:28:34.239774,1,0.0,0,0,0,0.0,46.55
2026-07-18T16:28:34.240785,3,0.0,0,0,0,0.0,46.55
2026-07-18T16:28:36.242412,1,0.0,0,0,0,14.0,46.83
2026-07-18T16:28:36.243042,2,0.0,0,0,0,0.0,46.84
2026-07-18T16:28:36.243212,4,0.0,0,0,0,0.0,46.84
2026-07-18T16:28:36.244478,3,0.0,0,0,0,0.0,46.84
2026-07-18T16:28:38.264156,4,0.0,0,0,0,20.3,46.91
2026-07-18T16:28:38.266825,1,0.0,0,0,0,0.0,46.92
2026-07-18T16:28:38.325201,2,0.0,0,0,0,86.3,47.19
2026-07-18T16:28:38.326311,3,0.0,0,0,0,0.0,47.19
2026-07-18T16:28:40.250740,4,0.0,0,0,0,22.3,47.19
2026-07-18T16:28:40.346835,1,0.0,0,0,0,97.4,47.43
2026-07-18T16:28:40.351953,2,0.0,0,0,0,0.0,47.43
2026-07-18T16:28:40.353227,3,0.0,0,0,0,180.8,47.43
2026-07-18T16:28:42.270727,4,0.0,0,0,0,19.8,47.43
2026-07-18T16:28:42.335619,3,0.0,0,0,0,88.6,47.56
2026-07-18T16:28:42.336013,2,0.0,0,0,0,0.0,47.56
2026-07-18T16:28:42.336257,1,0.0,0,0,0,0.0,47.56
2026-07-18T16:28:44.381455,4,0.0,0,0,0,18.6,47.56
2026-07-18T16:28:44.382190,1,0.0,0,0,0,0.0,47.56
2026-07-18T16:28:44.382503,3,0.0,0,0,0,0.0,47.56
2026-07-18T16:28:44.409999,2,0.0,0,0,0,109.7,47.56
2026-07-18T16:28:46.289086,4,0.0,0,0,0,8.5,47.56
2026-07-18T16:28:46.399031,1,0.0,0,0,0,99.6,47.7
2026-07-18T16:28:46.399382,2,0.0,0,0,0,0.0,47.7
2026-07-18T16:28:46.400162,3,0.0,0,0,0,0.0,47.7
2026-07-18T16:28:48.282212,1,0.0,0,0,0,3.2,47.96
2026-07-18T16:28:48.284564,4,0.0,0,0,0,465.6,47.96
2026-07-18T16:28:48.305039,2,0.0,0,0,0,96.8,47.96
2026-07-18T16:28:48.305381,3,0.0,0,0,0,0.0,47.96
2026-07-18T16:28:50.321070,1,0.0,0,0,0,3.5,47.96
2026-07-18T16:28:50.321656,4,0.0,0,0,0,0.0,47.96
2026-07-18T16:28:50.321983,2,0.0,0,0,0,0.0,47.96
2026-07-18T16:28:50.322246,3,0.0,0,0,0,0.0,47.96
2026-07-18T16:28:52.339449,4,0.0,0,0,0,4.5,48.16
2026-07-18T16:28:52.339907,2,0.0,0,0,0,0.0,48.16
2026-07-18T16:28:52.340166,3,0.0,0,0,0,0.0,48.16
2026-07-18T16:28:52.340360,1,0.0,0,0,0,0.0,48.16
2026-07-18T16:28:54.309211,4,0.0,0,0,0,2.5,48.16
2026-07-18T16:28:54.403027,1,0.0,0,0,0,95.8,48.18
2026-07-18T16:28:54.403425,2,0.0,0,0,0,0.0,48.18
2026-07-18T16:28:54.404700,3,0.0,0,0,0,0.0,48.18
2026-07-18T16:28:56.355043,3,0.0,0,0,0,5.1,48.18
2026-07-18T16:28:56.356730,1,0.0,0,0,0,0.0,48.18
2026-07-18T16:28:56.357944,4,0.0,0,0,0,0.0,48.18
2026-07-18T16:28:56.358810,2,0.0,0,0,0,0.0,48.18
2026-07-18T16:28:58.302710,3,0.0,0,0,0,2.1,48.18
2026-07-18T16:28:58.303041,1,0.0,0,0,0,0.0,48.18
2026-07-18T16:28:58.303264,4,0.0,0,0,0,0.0,48.18
2026-07-18T16:28:58.303470,2,0.0,0,0,0,0.0,48.18
2026-07-18T16:29:00.376263,4,0.0,0,0,0,7.7,48.18
2026-07-18T16:29:00.377318,2,0.0,0,0,0,0.0,48.18
2026-07-18T16:29:00.378156,3,0.0,0,0,0,0.0,48.18
2026-07-18T16:29:00.378921,1,0.0,0,0,0,0.0,48.18
2026-07-18T16:29:02.284904,4,0.0,0,0,0,2.6,48.18
2026-07-18T16:29:02.313276,3,0.0,0,0,0,69.9,48.18
2026-07-18T16:29:02.313770,2,0.0,0,0,0,0.0,48.18
2026-07-18T16:29:02.314016,1,0.0,0,0,0,0.0,48.18
2026-07-18T16:29:04.291289,4,0.0,0,0,0,2.5,48.18
2026-07-18T16:29:04.328000,3,0.0,0,0,0,108.9,48.18
2026-07-18T16:29:04.328984,1,0.0,0,0,0,0.0,48.18
2026-07-18T16:29:04.329649,2,0.0,0,0,0,0.0,48.18
2026-07-18T16:29:06.291151,1,0.0,0,0,0,1.0,48.18
2026-07-18T16:29:06.291919,4,0.0,0,0,0,0.0,48.18
2026-07-18T16:29:06.292200,3,0.0,0,0,0,0.0,48.18
2026-07-18T16:29:06.294093,2,0.0,0,0,0,0.0,48.18
2026-07-18T16:29:08.306137,4,0.0,0,0,0,2.0,48.18
2026-07-18T16:29:08.307192,1,0.0,0,0,0,0.0,48.18
2026-07-18T16:29:08.308290,3,0.0,0,0,0,0.0,48.18
2026-07-18T16:29:08.311231,2,0.0,0,0,0,0.0,48.18
2026-07-18T16:29:10.287144,2,0.0,0,0,0,1.0,48.18
2026-07-18T16:29:10.287768,1,0.0,0,0,0,0.0,48.18
2026-07-18T16:29:10.290004,4,0.0,0,0,0,1012.0,48.18
2026-07-18T16:29:10.291150,3,0.0,0,0,0,0.0,48.18
2026-07-18T16:29:12.295090,1,0.0,0,0,0,1.0,48.18
2026-07-18T16:29:12.296444,4,0.0,0,0,0,0.0,48.18
2026-07-18T16:29:12.297613,3,0.0,0,0,0,0.0,48.18
2026-07-18T16:29:12.300684,2,0.0,0,0,0,331.1,48.18
2026-07-18T16:29:14.288072,1,0.0,0,0,0,1.5,48.18
2026-07-18T16:29:14.288914,2,0.0,0,0,0,0.0,48.18
2026-07-18T16:29:14.289130,4,0.0,0,0,0,0.0,48.18
2026-07-18T16:29:14.289254,3,0.0,0,0,0,0.0,48.18
2026-07-18T16:29:16.292488,4,0.0,0,0,0,0.5,48.18
2026-07-18T16:29:16.293599,2,0.0,0,0,0,0.0,48.18
2026-07-18T16:29:16.297190,1,0.0,0,0,0,0.0,48.18
2026-07-18T16:29:16.298228,3,0.0,0,0,0,0.0,48.18
2026-07-18T16:29:18.288211,4,0.0,0,0,0,0.5,48.18
2026-07-18T16:29:18.291427,2,0.0,0,0,0,0.0,48.18
2026-07-18T16:29:18.292381,3,0.0,0,0,0,0.0,48.18
2026-07-18T16:29:18.293105,1,0.0,0,0,0,2387.3,48.18
2026-07-18T16:29:20.291899,1,0.0,0,0,0,0.5,48.18
2026-07-18T16:29:20.292274,4,0.0,0,0,0,0.0,48.18
2026-07-18T16:29:20.295128,2,0.0,0,0,0,0.0,48.18
2026-07-18T16:29:20.296217,3,0.0,0,0,0,0.0,48.18
2026-07-18T16:29:22.294695,4,0.0,0,0,0,0.5,48.18
2026-07-18T16:29:22.296168,3,0.0,0,0,0,0.0,48.18
2026-07-18T16:29:22.296379,2,0.0,0,0,0,0.0,48.18
2026-07-18T16:29:22.296960,1,0.0,0,0,0,0.0,48.18
2026-07-18T16:29:24.297025,4,0.0,0,0,0,0.0,48.18
2026-07-18T16:29:24.298182,1,0.0,0,0,0,0.0,48.18
2026-07-18T16:29:24.298331,3,0.0,0,0,0,0.0,48.18
2026-07-18T16:29:24.298437,2,0.0,0,0,0,0.0,48.18
2026-07-18T16:29:26.298928,1,0.0,0,0,0,0.0,48.18
2026-07-18T16:29:26.299965,4,0.0,0,0,0,0.0,48.18
2026-07-18T16:29:26.305825,2,0.0,0,0,0,183.3,48.18
2026-07-18T16:29:26.306353,3,0.0,0,0,0,0.0,48.18
2026-07-18T16:29:28.300290,4,0.0,0,0,0,1.0,48.18
2026-07-18T16:29:28.303200,1,0.0,0,0,0,0.0,48.18
2026-07-18T16:29:28.304209,2,0.0,0,0,0,0.0,48.18
2026-07-18T16:29:28.304909,3,0.0,0,0,0,0.0,48.18
2026-07-18T16:29:30.304354,4,0.0,0,0,0,1.0,48.18
2026-07-18T16:29:30.308775,2,0.0,0,0,0,0.0,48.18
2026-07-18T16:29:30.310238,1,0.0,0,0,0,0.0,48.18
2026-07-18T16:29:30.310948,3,0.0,0,0,0,0.0,48.18
2026-07-18T16:29:32.495029,4,0.0,0,0,0,0.9,48.18
2026-07-18T16:29:32.495170,1,0.0,0,0,0,0.0,48.18
2026-07-18T16:29:32.495244,2,0.0,0,0,0,0.0,48.18
2026-07-18T16:29:32.495315,3,0.0,0,0,0,0.0,48.18
2026-07-18T16:29:34.381894,4,0.0,0,0,0,1.1,48.18
2026-07-18T16:29:34.391044,2,0.0,0,0,0,0.0,48.18
2026-07-18T16:29:34.394374,3,0.0,0,0,0,0.0,48.18
2026-07-18T16:29:34.397220,1,0.0,0,0,0,0.0,48.18
2026-07-18T16:29:36.382396,2,0.0,0,0,0,1.0,48.18
2026-07-18T16:29:36.385020,3,0.0,0,0,0,0.0,48.18
2026-07-18T16:29:36.385325,1,0.0,0,0,0,0.0,48.18
2026-07-18T16:29:36.385460,4,0.0,0,0,0,0.0,48.18
2026-07-18T16:29:38.381913,4,0.0,0,0,0,0.0,48.18
2026-07-18T16:29:38.382666,1,0.0,0,0,0,0.0,48.18
2026-07-18T16:29:38.382762,3,0.0,0,0,0,0.0,48.18
2026-07-18T16:29:38.382833,2,0.0,0,0,0,0.0,48.18
2026-07-18T16:29:40.386541,4,0.0,0,0,0,0.5,48.18
2026-07-18T16:29:40.391007,3,0.0,0,0,0,265.1,48.18
2026-07-18T16:29:40.391951,2,0.0,0,0,0,0.0,48.18
2026-07-18T16:29:40.392867,1,0.0,0,0,0,0.0,48.18
2026-07-18T16:29:42.386976,4,0.0,0,0,0,0.0,48.18
2026-07-18T16:29:42.387987,2,0.0,0,0,0,0.0,48.18
2026-07-18T16:29:42.388097,1,0.0,0,0,0,0.0,48.18
2026-07-18T16:29:42.388155,3,0.0,0,0,0,0.0,48.18
2026-07-18T16:29:44.390502,4,0.0,0,0,0,0.0,48.18
2026-07-18T16:29:44.392306,3,0.0,0,0,0,0.0,48.18
2026-07-18T16:29:44.393036,1,0.0,0,0,0,0.0,48.18
2026-07-18T16:29:44.394254,2,0.0,0,0,0,0.0,48.18
2026-07-18T16:29:46.391668,4,0.0,0,0,0,0.5,48.18
2026-07-18T16:29:46.392167,3,0.0,0,0,0,0.0,48.18
2026-07-18T16:29:46.392254,1,0.0,0,0,0,0.0,48.18
2026-07-18T16:29:46.392325,2,0.0,0,0,0,0.0,48.18
2026-07-18T16:29:48.395976,4,0.0,0,0,0,0.0,48.18
2026-07-18T16:29:48.396364,3,0.0,0,0,0,0.0,48.18
2026-07-18T16:29:48.396557,1,0.0,0,0,0,0.0,48.18
2026-07-18T16:29:48.396683,2,0.0,0,0,0,0.0,48.18
2026-07-18T16:29:50.400056,1,0.0,0,0,0,0.5,48.18
2026-07-18T16:29:50.400204,3,0.0,0,0,0,0.0,48.18
2026-07-18T16:29:50.400416,4,0.0,0,0,0,0.0,48.18
2026-07-18T16:29:50.400554,2,0.0,0,0,0,0.0,48.18
2026-07-18T16:29:52.400022,1,0.0,0,0,0,0.5,48.18
2026-07-18T16:29:52.400139,3,0.0,0,0,0,0.0,48.18
2026-07-18T16:29:52.400210,2,0.0,0,0,0,0.0,48.18
2026-07-18T16:29:52.400281,4,0.0,0,0,0,0.0,48.18
2026-07-18T16:29:54.404795,1,0.0,0,0,0,0.0,48.18
2026-07-18T16:29:54.405123,4,0.0,0,0,0,0.0,48.18
2026-07-18T16:29:54.405309,3,0.0,0,0,0,0.0,48.18
2026-07-18T16:29:54.405512,2,0.0,0,0,0,0.0,48.18
2026-07-18T16:29:56.411551,1,0.0,0,0,0,1.0,48.18
2026-07-18T16:29:56.412193,4,0.0,0,0,0,0.0,48.18
2026-07-18T16:29:56.412368,3,0.0,0,0,0,0.0,48.18
2026-07-18T16:29:56.412496,2,0.0,0,0,0,0.0,48.18
2026-07-18T16:29:58.421580,4,0.0,0,0,0,0.5,48.18
2026-07-18T16:29:58.422013,1,0.0,0,0,0,0.0,48.18
2026-07-18T16:29:58.422408,3,0.0,0,0,0,0.0,48.18
2026-07-18T16:29:58.423484,2,0.0,0,0,0,0.0,48.18
2026-07-18T16:30:00.423262,1,0.0,0,0,0,0.5,48.18
2026-07-18T16:30:00.425058,2,0.0,0,0,0,553.4,48.18
2026-07-18T16:30:00.426341,4,0.0,0,0,0,0.0,48.18
2026-07-18T16:30:00.428170,3,0.0,0,0,0,0.0,48.18
2026-07-18T16:30:02.421816,1,0.0,0,0,0,0.0,48.18
2026-07-18T16:30:02.423147,4,0.0,0,0,0,630.9,48.18
2026-07-18T16:30:02.424117,3,0.0,0,0,0,860.5,48.18
2026-07-18T16:30:02.427520,2,0.0,0,0,0,0.0,48.18
2026-07-18T16:30:04.432265,2,0.0,0,0,0,0.5,48.18
2026-07-18T16:30:04.433014,3,0.0,0,0,0,0.0,48.18
2026-07-18T16:30:04.433885,4,0.0,0,0,0,0.0,48.18
2026-07-18T16:30:04.434261,1,0.0,0,0,0,0.0,48.18
2026-07-18T16:30:06.435000,3,0.0,0,0,0,0.5,48.18
2026-07-18T16:30:06.438802,1,0.0,0,0,0,0.0,48.18
2026-07-18T16:30:06.439729,4,0.0,0,0,0,0.0,48.18
2026-07-18T16:30:06.440158,2,0.0,0,0,0,0.0,48.18
2026-07-18T16:30:08.444720,2,0.0,0,0,0,2.0,48.18
2026-07-18T16:30:08.445068,4,0.0,0,0,0,0.0,48.18
2026-07-18T16:30:08.445225,3,0.0,0,0,0,4598.6,48.18
2026-07-18T16:30:08.445360,1,0.0,0,0,0,0.0,48.18
2026-07-18T16:30:10.445364,3,0.0,0,0,0,0.0,48.18
2026-07-18T16:30:10.449195,4,0.0,0,0,0,0.0,48.18
2026-07-18T16:30:10.452308,1,0.0,0,0,0,0.0,48.18
2026-07-18T16:30:10.473117,2,0.0,0,0,0,47.7,48.18
2026-07-18T16:30:12.445055,3,0.0,0,0,0,0.5,48.18
2026-07-18T16:30:12.448400,2,0.0,0,0,0,0.0,48.18
2026-07-18T16:30:12.452806,1,0.0,0,0,0,0.0,48.18
2026-07-18T16:30:12.455084,4,0.0,0,0,0,0.0,48.18
2026-07-18T16:30:14.439887,4,0.0,0,0,0,0.5,48.18
2026-07-18T16:30:14.447881,3,0.0,0,0,0,0.0,48.18
2026-07-18T16:30:14.448493,2,0.0,0,0,0,0.0,48.18
2026-07-18T16:30:14.448829,1,0.0,0,0,0,0.0,48.18
2026-07-18T16:30:16.477790,1,0.0,0,0,0,1.5,48.18
2026-07-18T16:30:16.477984,2,0.0,0,0,0,0.0,48.18
2026-07-18T16:30:16.478079,3,0.0,0,0,0,0.0,48.18
2026-07-18T16:30:16.479665,4,0.0,0,0,0,0.0,48.18
2026-07-18T16:30:18.465292,4,0.0,0,0,0,1.0,48.18
2026-07-18T16:30:18.488432,3,0.0,0,0,0,0.0,48.18
2026-07-18T16:30:18.492565,2,0.0,0,0,0,644.9,48.18
2026-07-18T16:30:18.498897,1,0.0,0,0,0,0.0,48.18
2026-07-18T16:30:20.452884,4,0.0,0,0,0,1.0,48.18
2026-07-18T16:30:20.464820,3,0.0,0,0,0,81.9,48.18
2026-07-18T16:30:20.465101,2,0.0,0,0,0,0.0,48.18
2026-07-18T16:30:20.466648,1,0.0,0,0,0,0.0,48.18
2026-07-18T16:30:22.467194,1,0.0,0,0,0,1.5,48.18
2026-07-18T16:30:22.467364,3,0.0,0,0,0,0.0,48.18
2026-07-18T16:30:22.467476,2,0.0,0,0,0,0.0,48.18
2026-07-18T16:30:22.469499,4,0.0,0,0,0,0.0,48.18
2026-07-18T16:30:24.506690,1,0.0,0,0,0,2.0,48.18
2026-07-18T16:30:24.511018,4,0.0,0,0,0,0.0,48.18
2026-07-18T16:30:24.515617,3,0.0,0,0,0,0.0,48.18
2026-07-18T16:30:24.519316,2,0.0,0,0,0,0.0,48.18
2026-07-18T16:30:26.528254,3,0.0,0,0,0,1.0,48.18
2026-07-18T16:30:26.535261,2,0.0,0,0,0,67.5,48.18
2026-07-18T16:30:26.544518,4,0.0,0,0,0,0.0,48.18
2026-07-18T16:30:26.549621,1,0.0,0,0,0,0.0,48.18
2026-07-18T16:30:28.481211,1,0.0,0,0,0,1.0,48.18
2026-07-18T16:30:28.490857,4,0.0,0,0,0,0.0,48.18
2026-07-18T16:30:28.537259,3,0.0,0,0,0,42.1,48.18
2026-07-18T16:30:28.538976,2,0.0,0,0,0,0.0,48.18
2026-07-18T16:30:30.514977,4,0.0,0,0,0,1.0,48.18
2026-07-18T16:30:30.552793,1,0.0,0,0,0,25.4,48.18
2026-07-18T16:30:30.554942,3,0.0,0,0,0,0.0,48.18
2026-07-18T16:30:30.557001,2,0.0,0,0,0,0.0,48.18
2026-07-18T16:30:32.491302,4,0.0,0,0,0,2.6,48.18
2026-07-18T16:30:32.534318,2,0.0,0,0,0,23.3,48.18
2026-07-18T16:30:32.535119,1,0.0,0,0,0,0.0,48.18
2026-07-18T16:30:32.540842,3,0.0,0,0,0,0.0,48.18
2026-07-18T16:30:34.496934,4,0.0,0,0,0,2.6,48.18
2026-07-18T16:30:34.534338,3,0.0,0,0,0,24.4,48.18
2026-07-18T16:30:34.534553,2,0.0,0,0,0,0.0,48.18
2026-07-18T16:30:34.534734,1,0.0,0,0,0,0.0,48.18
2026-07-18T16:30:36.547537,4,0.0,0,0,0,2.0,48.18
2026-07-18T16:30:36.553236,3,0.0,0,0,0,0.0,48.18
2026-07-18T16:30:36.556095,1,0.0,0,0,0,0.0,48.18
2026-07-18T16:30:36.563295,2,0.0,0,0,0,0.0,48.18
2026-07-18T16:30:38.503698,4,0.0,0,0,0,0.5,48.18
2026-07-18T16:30:38.532115,3,0.0,0,0,0,32.5,48.18
2026-07-18T16:30:38.538286,1,0.0,0,0,0,0.0,48.18
2026-07-18T16:30:38.541911,2,0.0,0,0,0,0.0,48.18
2026-07-18T16:30:40.579936,3,0.0,0,0,0,2.4,48.18
2026-07-18T16:30:40.580474,2,0.0,0,0,0,0.0,48.18
2026-07-18T16:30:40.583230,4,0.0,0,0,0,0.0,48.18
2026-07-18T16:30:40.583664,1,0.0,0,0,0,0.0,48.18
2026-07-18T16:30:42.566073,4,0.0,0,0,0,1.0,48.18
2026-07-18T16:30:42.568811,1,0.0,0,0,0,0.0,48.18
2026-07-18T16:30:42.607180,3,0.0,0,0,0,28.1,48.18
2026-07-18T16:30:42.609058,2,0.0,0,0,0,0.0,48.18
2026-07-18T16:30:44.581511,1,0.0,0,0,0,3.6,48.18
2026-07-18T16:30:44.598791,3,0.0,0,0,0,0.0,48.18
2026-07-18T16:30:44.599203,2,0.0,0,0,0,0.0,48.18
2026-07-18T16:30:44.599393,4,0.0,0,0,0,0.0,48.18
2026-07-18T16:30:46.636827,3,0.0,0,0,0,2.0,48.18
2026-07-18T16:30:46.640571,4,0.0,0,0,0,0.0,48.18
2026-07-18T16:30:46.655627,1,0.0,0,0,0,0.0,48.18
2026-07-18T16:30:46.663789,2,0.0,0,0,0,0.0,48.18
2026-07-18T16:30:48.664888,3,0.0,0,0,0,2.0,48.18
2026-07-18T16:30:48.670977,4,0.0,0,0,0,0.0,48.18
2026-07-18T16:30:48.677867,1,0.0,0,0,0,131.0,48.18
2026-07-18T16:30:48.684371,2,0.0,0,0,0,0.0,48.18
2026-07-18T16:30:50.793472,2,0.0,0,0,0,2.4,48.18
2026-07-18T16:30:50.799365,4,0.0,0,0,0,183.0,48.18
2026-07-18T16:30:50.807696,1,0.0,0,0,0,0.0,48.18
2026-07-18T16:30:50.813549,3,0.0,0,0,0,0.0,48.18
2026-07-18T16:30:52.707898,1,0.0,0,0,0,4.2,48.18
2026-07-18T16:30:52.714262,2,0.0,0,0,0,92.9,48.18
2026-07-18T16:30:52.733046,3,0.0,0,0,0,0.0,48.18
2026-07-18T16:30:52.733932,4,0.0,0,0,0,96.3,48.18
2026-07-18T16:30:54.728633,2,0.0,0,0,0,2.5,48.18
2026-07-18T16:30:54.737118,4,0.0,0,0,0,0.0,48.18
2026-07-18T16:30:54.753000,1,0.0,0,0,0,67.7,48.18
2026-07-18T16:30:54.824867,3,0.0,0,0,0,51.3,48.18
2026-07-18T16:30:58.771455,2,0.0,0,0,0,26.0,48.4
2026-07-18T16:30:58.783868,3,0.0,0,0,0,0.0,48.4
2026-07-18T16:30:58.914639,4,0.0,0,0,0,31.3,48.4
2026-07-18T16:31:00.692799,2,0.0,0,0,0,33.7,48.4
2026-07-18T16:31:00.693375,3,0.0,0,0,0,0.0,48.4
2026-07-18T16:31:01.601583,4,0.0,0,0,0,35.3,48.4
2026-07-18T16:31:01.997857,4,0.0,0,0,0,35.3,48.4
2026-07-18T16:31:02.000400,3,0.0,0,0,0,0.0,48.4
2026-07-18T16:31:02.004575,2,0.0,0,0,0,0.0,48.4
2026-07-18T16:31:02.796205,1,0.0,0,0,0,34.2,48.4
2026-07-18T16:31:02.955935,1,0.0,0,0,0,31.0,48.4
2026-07-18T16:31:04.430159,4,0.0,0,0,0,36.7,48.4
2026-07-18T16:31:04.430941,3,0.0,0,0,0,0.0,48.4
2026-07-18T16:31:04.768473,2,0.0,0,0,0,26.6,48.4
2026-07-18T16:31:04.845068,1,0.0,0,0,0,52.3,48.4
2026-07-18T16:31:05.612306,4,0.0,0,0,0,30.0,48.4
2026-07-18T16:31:05.654886,3,0.0,0,0,0,23.5,48.4
2026-07-18T16:31:05.658937,2,0.0,0,0,0,0.0,48.4
2026-07-18T16:31:05.703309,1,0.0,0,0,0,22.2,48.4
2026-07-18T16:31:05.704993,1,0.0,0,0,0,213.3,48.4
2026-07-18T16:31:07.221136,4,0.0,0,0,0,0.7,48.4
2026-07-18T16:31:07.316289,2,0.0,0,0,0,31.5,48.4
2026-07-18T16:31:07.320861,3,0.0,0,0,0,0.0,48.4
2026-07-18T16:31:07.322716,1,0.0,0,0,0,0.0,48.4
2026-07-18T16:31:10.866350,3,0.0,0,0,0,20.6,48.43
2026-07-18T16:31:11.301308,2,0.0,0,0,0,59.9,48.43
2026-07-18T16:31:12.982003,2,0.0,0,0,0,43.0,48.45
2026-07-18T16:31:12.984901,3,0.0,0,0,0,0.0,48.45
2026-07-18T16:31:13.571579,4,0.0,0,0,0,37.5,48.45
2026-07-18T16:31:14.520482,2,0.0,0,0,0,45.2,48.46
2026-07-18T16:31:14.521263,3,0.0,0,0,0,0.0,48.46
2026-07-18T16:31:16.189559,1,0.0,0,0,0,34.2,48.46
2026-07-18T16:31:16.192137,1,0.0,0,0,0,0.0,48.46
2026-07-18T16:31:16.194898,1,0.0,0,0,0,0.0,48.46
2026-07-18T16:31:16.586835,4,0.0,0,0,0,30.7,48.46
2026-07-18T16:31:17.213023,2,0.0,0,0,0,36.7,48.46
2026-07-18T16:31:17.213491,3,0.0,0,0,0,0.0,48.46
2026-07-18T16:31:17.321140,1,0.0,0,0,0,46.8,48.46
2026-07-18T16:31:18.441027,4,0.0,0,0,0,40.2,48.46
2026-07-18T16:31:19.175996,3,0.0,0,0,0,35.6,48.46
2026-07-18T16:31:20.359974,1,0.0,0,0,0,28.6,48.46
2026-07-18T16:31:20.993949,2,0.0,0,0,0,28.5,48.46
2026-07-18T16:31:21.101831,3,0.0,0,0,0,28.3,48.46
2026-07-18T16:31:21.104865,1,0.0,0,0,0,0.0,48.46
2026-07-18T16:31:21.130824,4,0.0,0,0,0,38.1,48.46
2026-07-18T16:31:21.138654,4,0.0,0,0,0,0.0,48.46
2026-07-18T16:31:21.139887,4,0.0,0,0,0,330.7,48.46
2026-07-18T16:31:21.144684,2,0.0,0,0,0,200.6,48.46
2026-07-18T16:31:24.100950,4,0.0,0,0,0,16.6,48.46
2026-07-18T16:31:24.271494,3,0.0,0,0,0,24.5,48.46
2026-07-18T16:31:24.281364,2,0.0,0,0,0,0.0,48.46
2026-07-18T16:31:26.650040,3,0.0,0,0,0,30.0,48.46
2026-07-18T16:31:26.650996,2,0.0,0,0,0,0.0,48.46
2026-07-18T16:31:26.659074,4,0.0,0,0,0,0.0,48.46
2026-07-18T16:31:27.348422,1,0.0,0,0,0,33.5,48.46
2026-07-18T16:31:27.960678,1,0.0,0,0,0,40.5,48.46
2026-07-18T16:31:28.309038,3,0.0,0,0,0,34.6,48.46
2026-07-18T16:31:28.310895,2,0.0,0,0,0,0.0,48.46
2026-07-18T16:31:28.313623,4,0.0,0,0,0,0.0,48.46
2026-07-18T16:31:29.913681,4,0.0,0,0,0,46.9,48.46
2026-07-18T16:31:29.939649,2,0.0,0,0,0,37.5,48.46
2026-07-18T16:31:29.939876,3,0.0,0,0,0,0.0,48.46
2026-07-18T16:31:30.106954,1,0.0,0,0,0,35.9,48.46
2026-07-18T16:31:30.109864,1,0.0,0,0,0,0.0,48.46
2026-07-18T16:31:31.622236,4,0.0,0,0,0,3.3,48.46
2026-07-18T16:31:31.623243,1,0.0,0,0,0,0.0,48.46
2026-07-18T16:31:31.627455,2,0.0,0,0,0,0.0,48.46
2026-07-18T16:31:31.631685,3,0.0,0,0,0,0.0,48.46
2026-07-18T16:31:33.469496,4,0.0,0,0,0,1.1,48.46
2026-07-18T16:31:33.474066,1,0.0,0,0,0,0.0,48.46
2026-07-18T16:31:33.514714,3,0.0,0,0,0,47.2,48.46
2026-07-18T16:31:33.516169,2,0.0,0,0,0,0.0,48.46
2026-07-18T16:31:36.733677,2,0.0,0,0,0,19.6,48.46
2026-07-18T16:31:36.735137,1,0.0,0,0,0,801.7,48.46
2026-07-18T16:31:36.736622,3,0.0,0,0,0,0.0,48.46
2026-07-18T16:31:38.561698,2,0.0,0,0,0,32.9,48.46
2026-07-18T16:31:38.563245,3,0.0,0,0,0,0.0,48.46
2026-07-18T16:31:38.566940,1,0.0,0,0,0,0.0,48.46
2026-07-18T16:31:38.860668,4,0.0,0,0,0,40.7,48.46
2026-07-18T16:31:39.740617,4,0.0,0,0,0,38.6,48.46
2026-07-18T16:31:40.424854,3,0.0,0,0,0,38.2,48.46
2026-07-18T16:31:40.429570,2,0.0,0,0,0,164.0,48.46
2026-07-18T16:31:41.572828,1,0.0,0,0,0,34.2,48.46
2026-07-18T16:31:41.814441,4,0.0,0,0,0,36.7,48.46
2026-07-18T16:31:42.903128,4,0.0,0,0,0,34.9,48.46
2026-07-18T16:31:42.985820,1,0.0,0,0,0,36.2,48.46
2026-07-18T16:31:42.988851,3,0.0,0,0,0,0.0,48.46
2026-07-18T16:31:43.050121,2,0.0,0,0,0,32.5,48.46
2026-07-18T16:31:43.937720,4,0.0,0,0,0,1.1,48.46
2026-07-18T16:31:43.942855,3,0.0,0,0,0,157.5,48.46
2026-07-18T16:31:43.943036,1,0.0,0,0,0,0.0,48.46
2026-07-18T16:31:43.943165,2,0.0,0,0,0,0.0,48.46
2026-07-18T16:31:46.011359,4,0.0,0,0,0,1.5,48.46
2026-07-18T16:31:46.013356,1,0.0,0,0,0,0.0,48.46
2026-07-18T16:31:46.053796,3,0.0,0,0,0,26.6,48.46
2026-07-18T16:31:46.058081,2,0.0,0,0,0,0.0,48.46
2026-07-18T16:31:47.992959,1,0.0,0,0,0,2.1,48.46
2026-07-18T16:31:47.993379,3,0.0,0,0,0,0.0,48.46
2026-07-18T16:31:47.995975,2,0.0,0,0,0,0.0,48.46
2026-07-18T16:31:47.996209,4,0.0,0,0,0,0.0,48.46
2026-07-18T16:31:49.953713,4,0.0,0,0,0,0.5,48.46
2026-07-18T16:31:50.045002,2,0.0,0,0,0,11.0,48.46
2026-07-18T16:31:50.045359,1,0.0,0,0,0,0.0,48.46
2026-07-18T16:31:50.045516,3,0.0,0,0,0,0.0,48.46
2026-07-18T16:31:51.939609,4,0.0,0,0,0,0.5,48.46
2026-07-18T16:31:51.944712,2,0.0,0,0,0,0.0,48.46
2026-07-18T16:31:51.947046,3,0.0,0,0,0,0.0,48.46
2026-07-18T16:31:51.947219,1,0.0,0,0,0,0.0,48.46
2026-07-18T16:31:53.945672,2,0.0,0,0,0,0.0,48.46
2026-07-18T16:31:53.946965,1,0.0,0,0,0,0.0,48.46
2026-07-18T16:31:53.947134,4,0.0,0,0,0,0.0,48.46
2026-07-18T16:31:53.947386,3,0.0,0,0,0,4075.2,48.46
2026-07-18T16:31:55.961411,4,0.0,0,0,0,0.5,48.46
2026-07-18T16:31:55.961584,3,0.0,0,0,0,0.0,48.46
2026-07-18T16:31:55.961700,1,0.0,0,0,0,0.0,48.46
2026-07-18T16:31:55.961802,2,0.0,0,0,0,0.0,48.46
2026-07-18T16:31:59.749987,2,0.0,0,0,0,31.4,48.46
2026-07-18T16:31:59.751555,3,0.0,0,0,0,0.0,48.46
2026-07-18T16:31:59.753206,1,0.0,0,0,0,0.0,48.46
2026-07-18T16:31:59.942534,4,0.0,0,0,0,37.0,48.46
2026-07-18T16:32:00.123116,4,0.0,0,0,0,16.7,48.46
2026-07-18T16:32:00.128129,2,0.0,0,0,0,0.0,48.46
2026-07-18T16:32:00.135526,3,0.0,0,0,0,0.0,48.46
2026-07-18T16:32:00.138903,1,0.0,0,0,0,0.0,48.46
2026-07-18T16:32:02.110567,3,0.0,0,0,0,2.0,48.46
2026-07-18T16:32:02.119364,1,0.0,0,0,0,0.0,48.46
2026-07-18T16:32:02.132978,4,0.0,0,0,0,0.0,48.46
2026-07-18T16:32:02.136278,2,0.0,0,0,0,0.0,48.46
2026-07-18T16:32:04.114984,3,0.0,0,0,0,2.0,48.46
2026-07-18T16:32:04.117584,4,0.0,0,0,0,0.0,48.46
2026-07-18T16:32:04.120423,1,0.0,0,0,0,0.0,48.46
2026-07-18T16:32:04.129104,2,0.0,0,0,0,0.0,48.46
2026-07-18T16:32:06.129819,1,0.0,0,0,0,1.0,48.46
2026-07-18T16:32:06.134861,4,0.0,0,0,0,0.0,48.46
2026-07-18T16:32:06.178065,3,0.0,0,0,0,42.5,48.46
2026-07-18T16:32:06.183857,2,0.0,0,0,0,0.0,48.46
2026-07-18T16:32:08.108267,4,0.0,0,0,0,1.0,48.46
2026-07-18T16:32:08.112437,1,0.0,0,0,0,0.0,48.46
2026-07-18T16:32:08.149819,2,0.0,0,0,0,26.4,48.46
2026-07-18T16:32:08.150375,3,0.0,0,0,0,0.0,48.46
2026-07-18T16:32:10.065279,4,0.0,0,0,0,0.5,48.46
2026-07-18T16:32:10.096962,2,0.0,0,0,0,52.6,48.46
2026-07-18T16:32:10.098068,3,0.0,0,0,0,0.0,48.46
2026-07-18T16:32:10.098337,1,0.0,0,0,0,0.0,48.46
2026-07-18T16:32:12.060954,4,0.0,0,0,0,0.0,48.46
2026-07-18T16:32:12.084196,3,0.0,0,0,0,43.1,48.46
2026-07-18T16:32:12.091047,1,0.0,0,0,0,305.5,48.46
2026-07-18T16:32:12.093004,2,0.0,0,0,0,0.0,48.46
2026-07-18T16:32:14.089525,3,0.0,0,0,0,0.5,48.46
2026-07-18T16:32:14.093079,2,0.0,0,0,0,267.0,48.46
2026-07-18T16:32:14.093930,4,0.0,0,0,0,0.0,48.46
2026-07-18T16:32:14.096141,1,0.0,0,0,0,0.0,48.46
2026-07-18T16:32:16.059358,4,0.0,0,0,0,0.0,48.46
2026-07-18T16:32:16.075563,2,0.0,0,0,0,142.5,48.46
2026-07-18T16:32:16.076307,3,0.0,0,0,0,0.0,48.46
2026-07-18T16:32:16.076675,1,0.0,0,0,0,0.0,48.46
2026-07-18T16:32:18.072929,4,0.0,0,0,0,0.5,48.46
2026-07-18T16:32:18.077101,3,0.0,0,0,0,0.0,48.46
2026-07-18T16:32:18.077475,1,0.0,0,0,0,0.0,48.46
2026-07-18T16:32:18.077660,2,0.0,0,0,0,0.0,48.46
2026-07-18T16:32:20.080138,1,0.0,0,0,0,0.5,48.46
2026-07-18T16:32:20.080459,3,0.0,0,0,0,0.0,48.46
2026-07-18T16:32:20.082572,4,0.0,0,0,0,0.0,48.46
2026-07-18T16:32:20.087003,2,0.0,0,0,0,0.0,48.46
2026-07-18T16:32:22.087735,3,0.0,0,0,0,1.0,48.46
2026-07-18T16:32:22.090969,1,0.0,0,0,0,0.0,48.46
2026-07-18T16:32:22.094086,4,0.0,0,0,0,0.0,48.46
2026-07-18T16:32:22.094700,2,0.0,0,0,0,0.0,48.46
2026-07-18T16:32:24.089100,1,0.0,0,0,0,0.5,48.46
2026-07-18T16:32:24.090236,4,0.0,0,0,0,0.0,48.46
2026-07-18T16:32:24.091334,2,0.0,0,0,0,0.0,48.46
2026-07-18T16:32:24.092480,3,0.0,0,0,0,0.0,48.46
2026-07-18T16:32:26.083797,1,0.0,0,0,0,2.5,48.46
2026-07-18T16:32:26.084287,4,0.0,0,0,0,0.0,48.46
2026-07-18T16:32:26.088529,3,0.0,0,0,0,0.0,48.46
2026-07-18T16:32:26.089053,2,0.0,0,0,0,0.0,48.46
2026-07-18T16:32:28.080079,1,0.0,0,0,0,1.0,48.46
2026-07-18T16:32:28.080940,4,0.0,0,0,0,0.0,48.46
2026-07-18T16:32:28.084017,2,0.0,0,0,0,0.0,48.46
2026-07-18T16:32:28.084681,3,0.0,0,0,0,0.0,48.46
2026-07-18T16:32:30.334783,3,0.0,0,0,0,1.3,48.46
2026-07-18T16:32:30.382121,2,0.0,0,0,0,21.1,48.46
2026-07-18T16:32:30.669961,4,0.0,0,0,0,3.7,48.46
2026-07-18T16:32:30.670388,1,0.0,0,0,0,0.0,48.46
2026-07-18T16:32:32.100722,4,0.0,0,0,0,0.7,48.46
2026-07-18T16:32:32.103827,3,0.0,0,0,0,0.0,48.46
2026-07-18T16:32:32.104083,2,0.0,0,0,0,0.0,48.46
2026-07-18T16:32:32.104230,1,0.0,0,0,0,0.0,48.46
2026-07-18T16:32:34.101456,4,0.0,0,0,0,0.0,48.46
2026-07-18T16:32:34.106267,1,0.0,0,0,0,208.9,48.46
2026-07-18T16:32:34.107322,2,0.0,0,0,0,0.0,48.46
2026-07-18T16:32:34.108016,3,0.0,0,0,0,0.0,48.46
2026-07-18T16:32:36.106949,1,0.0,0,0,0,1.0,48.46
2026-07-18T16:32:36.107520,4,0.0,0,0,0,0.0,48.46
2026-07-18T16:32:36.111937,2,0.0,0,0,0,0.0,48.46
2026-07-18T16:32:36.113242,3,0.0,0,0,0,969.2,48.46
2026-07-18T16:32:38.105886,4,0.0,0,0,0,0.5,48.46
2026-07-18T16:32:38.106969,2,0.0,0,0,0,0.0,48.46
2026-07-18T16:32:38.107099,1,0.0,0,0,0,0.0,48.46
2026-07-18T16:32:38.107173,3,0.0,0,0,0,0.0,48.46
2026-07-18T16:32:40.110985,4,0.0,0,0,0,0.0,48.46
2026-07-18T16:32:40.117767,2,0.0,0,0,0,129.6,48.46
2026-07-18T16:32:40.119316,3,0.0,0,0,0,0.0,48.46
2026-07-18T16:32:40.120439,1,0.0,0,0,0,0.0,48.46
2026-07-18T16:32:42.111339,2,0.0,0,0,0,0.0,48.46
2026-07-18T16:32:42.111457,1,0.0,0,0,0,0.0,48.46
2026-07-18T16:32:42.111709,4,0.0,0,0,0,0.0,48.46
2026-07-18T16:32:42.111820,3,0.0,0,0,0,0.0,48.46
2026-07-18T16:32:44.113247,4,0.0,0,0,0,0.5,48.46
2026-07-18T16:32:44.114320,3,0.0,0,0,0,0.0,48.46
2026-07-18T16:32:44.114696,2,0.0,0,0,0,0.0,48.46
2026-07-18T16:32:44.114861,1,0.0,0,0,0,0.0,48.46
2026-07-18T16:32:46.122405,4,0.0,0,0,0,0.5,48.46
2026-07-18T16:32:46.127281,1,0.0,0,0,0,212.1,48.46
2026-07-18T16:32:46.128879,2,0.0,0,0,0,0.0,48.46
2026-07-18T16:32:46.129537,3,0.0,0,0,0,0.0,48.46
2026-07-18T16:32:48.118865,4,0.0,0,0,0,0.5,48.46
2026-07-18T16:32:48.120846,2,0.0,0,0,0,0.0,48.46
2026-07-18T16:32:48.121071,3,0.0,0,0,0,0.0,48.46
2026-07-18T16:32:48.121230,1,0.0,0,0,0,0.0,48.46
2026-07-18T16:32:50.122223,4,0.0,0,0,0,0.0,48.46
2026-07-18T16:32:50.123836,2,0.0,0,0,0,0.0,48.46
2026-07-18T16:32:50.124076,1,0.0,0,0,0,0.0,48.46
2026-07-18T16:32:50.124227,3,0.0,0,0,0,0.0,48.46
2026-07-18T16:32:52.123413,4,0.0,0,0,0,0.5,48.46
2026-07-18T16:32:52.125192,2,0.0,0,0,0,0.0,48.46
2026-07-18T16:32:52.125329,3,0.0,0,0,0,0.0,48.46
2026-07-18T16:32:52.125424,1,0.0,0,0,0,0.0,48.46
2026-07-18T16:32:54.134297,4,0.0,0,0,0,0.5,48.46
2026-07-18T16:32:54.137214,3,0.0,0,0,0,0.0,48.46
2026-07-18T16:32:54.138021,2,0.0,0,0,0,0.0,48.46
2026-07-18T16:32:54.138282,1,0.0,0,0,0,0.0,48.46
2026-07-18T16:32:56.132535,1,0.0,0,0,0,1.0,48.46
2026-07-18T16:32:56.132920,3,0.0,0,0,0,0.0,48.46
2026-07-18T16:32:56.133148,2,0.0,0,0,0,0.0,48.46
2026-07-18T16:32:56.133338,4,0.0,0,0,0,0.0,48.46
2026-07-18T16:32:58.136297,4,0.0,0,0,0,0.0,48.46
2026-07-18T16:32:58.139915,1,0.0,0,0,0,0.0,48.46
2026-07-18T16:32:58.140272,3,0.0,0,0,0,0.0,48.46
2026-07-18T16:32:58.140916,2,0.0,0,0,0,0.0,48.46
2026-07-18T16:33:00.173773,4,0.0,0,0,0,0.0,48.46
2026-07-18T16:33:00.177191,1,0.0,0,0,0,268.8,48.46
2026-07-18T16:33:00.177999,2,0.0,0,0,0,0.0,48.46
2026-07-18T16:33:00.178242,3,0.0,0,0,0,0.0,48.46
2026-07-18T16:33:02.177480,4,0.0,0,0,0,0.0,48.46
2026-07-18T16:33:02.181598,1,0.0,0,0,0,204.2,48.46
2026-07-18T16:33:02.182567,2,0.0,0,0,0,0.0,48.46
2026-07-18T16:33:02.183391,3,0.0,0,0,0,0.0,48.46
2026-07-18T16:33:04.181084,1,0.0,0,0,0,0.5,48.46
2026-07-18T16:33:04.183244,3,0.0,0,0,0,0.0,48.46
2026-07-18T16:33:04.184186,4,0.0,0,0,0,990.5,48.46
2026-07-18T16:33:04.186114,2,0.0,0,0,0,0.0,48.46
2026-07-18T16:33:06.181338,4,0.0,0,0,0,0.0,48.46
2026-07-18T16:33:06.183134,2,0.0,0,0,0,0.0,48.46
2026-07-18T16:33:06.183337,3,0.0,0,0,0,0.0,48.46
2026-07-18T16:33:06.183866,1,0.0,0,0,0,0.0,48.46
2026-07-18T16:33:08.184308,2,0.0,0,0,0,0.5,48.46
2026-07-18T16:33:08.184419,3,0.0,0,0,0,0.0,48.46
2026-07-18T16:33:08.184719,1,0.0,0,0,0,0.0,48.46
2026-07-18T16:33:08.184821,4,0.0,0,0,0,0.0,48.46
2026-07-18T16:33:10.187021,4,0.0,0,0,0,0.0,48.46
2026-07-18T16:33:10.192060,3,0.0,0,0,0,0.0,48.46
2026-07-18T16:33:10.192728,2,0.0,0,0,0,0.0,48.46
2026-07-18T16:33:10.193153,1,0.0,0,0,0,0.0,48.46
2026-07-18T16:33:12.189452,4,0.0,0,0,0,0.0,48.46
2026-07-18T16:33:12.192296,2,0.0,0,0,0,0.0,48.46
2026-07-18T16:33:12.193359,3,0.0,0,0,0,0.0,48.46
2026-07-18T16:33:12.194639,1,0.0,0,0,0,813.1,48.46
2026-07-18T16:33:14.194408,4,0.0,0,0,0,0.0,48.46
2026-07-18T16:33:14.197778,3,0.0,0,0,0,0.0,48.46
2026-07-18T16:33:14.198607,2,0.0,0,0,0,0.0,48.46
2026-07-18T16:33:14.199051,1,0.0,0,0,0,0.0,48.46
2026-07-18T16:33:16.197758,4,0.0,0,0,0,1.0,48.46
2026-07-18T16:33:16.198024,1,0.0,0,0,0,0.0,48.46
2026-07-18T16:33:16.198193,3,0.0,0,0,0,0.0,48.46
2026-07-18T16:33:16.198977,2,0.0,0,0,0,0.0,48.46
2026-07-18T16:33:18.197139,4,0.0,0,0,0,0.5,48.46
2026-07-18T16:33:18.197851,1,0.0,0,0,0,0.0,48.46
2026-07-18T16:33:18.198125,2,0.0,0,0,0,0.0,48.46
2026-07-18T16:33:18.198212,3,0.0,0,0,0,0.0,48.46
2026-07-18T16:33:20.201811,2,0.0,0,0,0,0.0,48.46
2026-07-18T16:33:20.201987,1,0.0,0,0,0,0.0,48.46
2026-07-18T16:33:20.202132,4,0.0,0,0,0,0.0,48.46
2026-07-18T16:33:20.202289,3,0.0,0,0,0,0.0,48.46
2026-07-18T16:33:22.202297,4,0.0,0,0,0,0.0,48.46
2026-07-18T16:33:22.205086,3,0.0,0,0,0,0.0,48.46
2026-07-18T16:33:22.205284,1,0.0,0,0,0,0.0,48.46
2026-07-18T16:33:22.205398,2,0.0,0,0,0,0.0,48.46
2026-07-18T16:33:24.209267,2,0.0,0,0,0,0.5,48.46
2026-07-18T16:33:24.209976,4,0.0,0,0,0,0.0,48.46
2026-07-18T16:33:24.210192,1,0.0,0,0,0,0.0,48.46
2026-07-18T16:33:24.210352,3,0.0,0,0,0,0.0,48.46
2026-07-18T16:33:26.211656,4,0.0,0,0,0,0.0,48.46
2026-07-18T16:33:26.212007,1,0.0,0,0,0,598.7,48.46
2026-07-18T16:33:26.213698,3,0.0,0,0,0,0.0,48.46
2026-07-18T16:33:26.213930,2,0.0,0,0,0,0.0,48.46
2026-07-18T16:33:28.212709,4,0.0,0,0,0,0.0,48.46
2026-07-18T16:33:28.216798,2,0.0,0,0,0,0.0,48.46
2026-07-18T16:33:28.217206,3,0.0,0,0,0,0.0,48.46
2026-07-18T16:33:28.217394,1,0.0,0,0,0,0.0,48.46
2026-07-18T16:33:30.217282,4,0.0,0,0,0,0.5,48.46
2026-07-18T16:33:30.218087,1,0.0,0,0,0,0.0,48.46
2026-07-18T16:33:30.218823,3,0.0,0,0,0,0.0,48.46
2026-07-18T16:33:30.220210,2,0.0,0,0,0,0.0,48.46
2026-07-18T16:33:32.219868,4,0.0,0,0,0,0.5,48.46
2026-07-18T16:33:32.226097,1,0.0,0,0,0,160.6,48.46
2026-07-18T16:33:32.227031,2,0.0,0,0,0,0.0,48.46
2026-07-18T16:33:32.227938,3,0.0,0,0,0,0.0,48.46
2026-07-18T16:33:34.221842,1,0.0,0,0,0,0.0,48.46
2026-07-18T16:33:34.222074,4,0.0,0,0,0,1731.9,48.46
2026-07-18T16:33:34.222908,2,0.0,0,0,0,0.0,48.46
2026-07-18T16:33:34.223068,3,0.0,0,0,0,0.0,48.46
2026-07-18T16:33:36.225149,4,0.0,0,0,0,0.0,48.46
2026-07-18T16:33:36.226088,1,0.0,0,0,0,0.0,48.46
2026-07-18T16:33:36.229060,3,0.0,0,0,0,0.0,48.46
2026-07-18T16:33:36.229881,2,0.0,0,0,0,0.0,48.46
2026-07-18T16:33:38.229076,4,0.0,0,0,0,0.5,48.46
2026-07-18T16:33:38.232133,3,0.0,0,0,0,0.0,48.46
2026-07-18T16:33:38.232893,1,0.0,0,0,0,0.0,48.46
2026-07-18T16:33:38.233368,2,0.0,0,0,0,0.0,48.46
2026-07-18T16:33:40.231375,4,0.0,0,0,0,0.5,48.46
2026-07-18T16:33:40.231937,3,0.0,0,0,0,0.0,48.46
2026-07-18T16:33:40.232166,1,0.0,0,0,0,0.0,48.46
2026-07-18T16:33:40.233368,2,0.0,0,0,0,0.0,48.46
2026-07-18T16:33:42.232787,4,0.0,0,0,0,0.0,48.46
2026-07-18T16:33:42.234019,1,0.0,0,0,0,0.0,48.46
2026-07-18T16:33:42.236810,3,0.0,0,0,0,367.7,48.46
2026-07-18T16:33:42.237206,2,0.0,0,0,0,0.0,48.46
2026-07-18T16:33:44.234854,4,0.0,0,0,0,0.0,48.46
2026-07-18T16:33:44.236496,2,0.0,0,0,0,492.2,48.46
2026-07-18T16:33:44.236765,1,0.0,0,0,0,0.0,48.46
2026-07-18T16:33:44.237365,3,0.0,0,0,0,0.0,48.46
2026-07-18T16:33:46.238777,4,0.0,0,0,0,0.0,48.46
2026-07-18T16:33:46.239201,3,0.0,0,0,0,0.0,48.46
2026-07-18T16:33:46.239492,1,0.0,0,0,0,0.0,48.46
2026-07-18T16:33:46.242933,2,0.0,0,0,0,0.0,48.46
2026-07-18T16:33:48.245223,4,0.0,0,0,0,0.5,48.46
2026-07-18T16:33:48.245893,3,0.0,0,0,0,0.0,48.46
2026-07-18T16:33:48.246132,1,0.0,0,0,0,0.0,48.46
2026-07-18T16:33:48.246307,2,0.0,0,0,0,0.0,48.46
2026-07-18T16:33:50.242979,4,0.0,0,0,0,0.5,48.46
2026-07-18T16:33:50.243170,3,0.0,0,0,0,0.0,48.46
2026-07-18T16:33:50.243881,1,0.0,0,0,0,0.0,48.46
2026-07-18T16:33:50.244867,2,0.0,0,0,0,0.0,48.46
2026-07-18T16:33:52.248256,4,0.0,0,0,0,0.5,48.46
2026-07-18T16:33:52.253045,3,0.0,0,0,0,0.0,48.46
2026-07-18T16:33:52.254209,2,0.0,0,0,0,0.0,48.46
2026-07-18T16:33:52.255139,1,0.0,0,0,0,0.0,48.46
2026-07-18T16:33:54.249061,1,0.0,0,0,0,0.0,48.46
2026-07-18T16:33:54.249518,4,0.0,0,0,0,0.0,48.46
2026-07-18T16:33:54.250175,3,0.0,0,0,0,0.0,48.46
2026-07-18T16:33:54.250302,2,0.0,0,0,0,0.0,48.46
2026-07-18T16:33:56.250211,4,0.0,0,0,0,0.0,48.46
2026-07-18T16:33:56.251393,3,0.0,0,0,0,0.0,48.46
2026-07-18T16:33:56.251523,1,0.0,0,0,0,0.0,48.46
2026-07-18T16:33:56.251617,2,0.0,0,0,0,0.0,48.46
2026-07-18T16:33:58.256243,3,0.0,0,0,0,0.5,48.46
2026-07-18T16:33:58.256735,2,0.0,0,0,0,1736.1,48.46
2026-07-18T16:33:58.256882,4,0.0,0,0,0,0.0,48.46
2026-07-18T16:33:58.256998,1,0.0,0,0,0,0.0,48.46
2026-07-18T16:34:00.258947,2,0.0,0,0,0,0.0,48.46
2026-07-18T16:34:00.259649,3,0.0,0,0,0,0.0,48.46
2026-07-18T16:34:00.260004,4,0.0,0,0,0,0.0,48.46
2026-07-18T16:34:00.260170,1,0.0,0,0,0,0.0,48.46
2026-07-18T16:34:02.259985,4,0.0,0,0,0,0.5,48.46
2026-07-18T16:34:02.260202,1,0.0,0,0,0,0.0,48.46
2026-07-18T16:34:02.261222,2,0.0,0,0,0,0.0,48.46
2026-07-18T16:34:02.261469,3,0.0,0,0,0,0.0,48.46
2026-07-18T16:34:04.267801,3,0.0,0,0,0,0.0,48.46
2026-07-18T16:34:04.271426,2,0.0,0,0,0,0.0,48.46
2026-07-18T16:34:04.273571,1,0.0,0,0,0,0.0,48.46
2026-07-18T16:34:04.274072,4,0.0,0,0,0,0.0,48.46
2026-07-18T16:34:06.266732,4,0.0,0,0,0,0.0,48.46
2026-07-18T16:34:06.272934,1,0.0,0,0,0,155.1,48.46
2026-07-18T16:34:06.273913,3,0.0,0,0,0,0.0,48.46
2026-07-18T16:34:06.274754,2,0.0,0,0,0,0.0,48.46
2026-07-18T16:34:08.279434,3,0.0,0,0,0,0.0,48.46
2026-07-18T16:34:08.279919,2,0.0,0,0,0,2348.9,48.46
2026-07-18T16:34:08.280074,4,0.0,0,0,0,0.0,48.46
2026-07-18T16:34:08.280179,1,0.0,0,0,0,0.0,48.46
2026-07-18T16:34:10.277822,4,0.0,0,0,0,0.5,48.46
2026-07-18T16:34:10.284713,3,0.0,0,0,0,0.0,48.46
2026-07-18T16:34:10.286007,1,0.0,0,0,0,0.0,48.46
2026-07-18T16:34:10.286993,2,0.0,0,0,0,0.0,48.46
2026-07-18T16:34:12.280388,3,0.0,0,0,0,0.5,48.46
2026-07-18T16:34:12.280825,2,0.0,0,0,0,0.0,48.46
2026-07-18T16:34:12.280969,4,0.0,0,0,0,0.0,48.46
2026-07-18T16:34:12.281089,1,0.0,0,0,0,0.0,48.46
2026-07-18T16:34:14.297604,4,0.0,0,0,0,0.0,48.46
2026-07-18T16:34:14.297968,1,0.0,0,0,0,0.0,48.46
2026-07-18T16:34:14.298078,2,0.0,0,0,0,0.0,48.46
2026-07-18T16:34:14.298188,3,0.0,0,0,0,0.0,48.46
2026-07-18T16:34:16.293208,4,0.0,0,0,0,0.5,48.46
2026-07-18T16:34:16.294068,3,0.0,0,0,0,0.0,48.46
2026-07-18T16:34:16.294421,2,0.0,0,0,0,0.0,48.46
2026-07-18T16:34:16.295048,1,0.0,0,0,0,0.0,48.46
2026-07-18T16:34:18.293352,4,0.0,0,0,0,0.0,48.46
2026-07-18T16:34:18.297166,1,0.0,0,0,0,244.6,48.46
2026-07-18T16:34:18.297460,3,0.0,0,0,0,0.0,48.46
2026-07-18T16:34:18.298386,2,0.0,0,0,0,0.0,48.46
2026-07-18T16:34:20.299577,4,0.0,0,0,0,0.5,48.46
2026-07-18T16:34:20.305385,2,0.0,0,0,0,0.0,48.46
2026-07-18T16:34:20.306399,3,0.0,0,0,0,0.0,48.46
2026-07-18T16:34:20.307376,1,0.0,0,0,0,0.0,48.46
2026-07-18T16:34:22.303993,4,0.0,0,0,0,0.5,48.46
2026-07-18T16:34:22.304457,1,0.0,0,0,0,0.0,48.46
2026-07-18T16:34:22.307909,2,0.0,0,0,0,0.0,48.46
2026-07-18T16:34:22.309190,3,0.0,0,0,0,0.0,48.46
2026-07-18T16:34:24.302597,4,0.0,0,0,0,1.0,48.46
2026-07-18T16:34:24.305093,2,0.0,0,0,0,0.0,48.46
2026-07-18T16:34:24.305262,3,0.0,0,0,0,0.0,48.46
2026-07-18T16:34:24.305361,1,0.0,0,0,0,0.0,48.46
2026-07-18T16:34:26.306033,4,0.0,0,0,0,0.0,48.46
2026-07-18T16:34:26.308148,2,0.0,0,0,0,285.9,48.46
2026-07-18T16:34:26.308689,1,0.0,0,0,0,0.0,48.46
2026-07-18T16:34:26.308969,3,0.0,0,0,0,0.0,48.46
2026-07-18T16:34:28.307445,4,0.0,0,0,0,0.0,48.46
2026-07-18T16:34:28.308987,3,0.0,0,0,0,0.0,48.46
2026-07-18T16:34:28.309186,2,0.0,0,0,0,0.0,48.46
2026-07-18T16:34:28.309309,1,0.0,0,0,0,0.0,48.46
2026-07-18T16:34:30.311262,4,0.0,0,0,0,0.0,48.46
2026-07-18T16:34:30.317264,1,0.0,0,0,0,166.0,48.46
2026-07-18T16:34:30.318178,2,0.0,0,0,0,0.0,48.46
2026-07-18T16:34:30.318411,3,0.0,0,0,0,0.0,48.46
2026-07-18T16:34:32.314270,4,0.0,0,0,0,0.5,48.46
2026-07-18T16:34:32.314645,1,0.0,0,0,0,0.0,48.46
2026-07-18T16:34:32.316946,2,0.0,0,0,0,0.0,48.46
2026-07-18T16:34:32.317857,3,0.0,0,0,0,0.0,48.46
2026-07-18T16:34:34.318326,4,0.0,0,0,0,0.5,48.46
2026-07-18T16:34:34.321417,3,0.0,0,0,0,0.0,48.46
2026-07-18T16:34:34.322501,2,0.0,0,0,0,0.0,48.46
2026-07-18T16:34:34.323293,1,0.0,0,0,0,0.0,48.46
2026-07-18T16:34:36.321886,4,0.0,0,0,0,0.5,48.46
2026-07-18T16:34:36.325120,2,0.0,0,0,0,0.0,48.46
2026-07-18T16:34:36.326266,3,0.0,0,0,0,0.0,48.46
2026-07-18T16:34:36.327250,1,0.0,0,0,0,0.0,48.46
2026-07-18T16:34:38.323309,4,0.0,0,0,0,0.5,48.46
2026-07-18T16:34:38.324760,1,0.0,0,0,0,0.0,48.46
2026-07-18T16:34:38.325363,3,0.0,0,0,0,0.0,48.46
2026-07-18T16:34:38.325654,2,0.0,0,0,0,0.0,48.46
2026-07-18T16:34:40.325069,4,0.0,0,0,0,0.0,48.46
2026-07-18T16:34:40.326383,3,0.0,0,0,0,0.0,48.46
2026-07-18T16:34:40.326594,2,0.0,0,0,0,0.0,48.46
2026-07-18T16:34:40.327297,1,0.0,0,0,0,0.0,48.46
2026-07-18T16:34:42.330203,3,0.0,0,0,0,0.0,48.46
2026-07-18T16:34:42.331100,4,0.0,0,0,0,0.0,48.46
2026-07-18T16:34:42.331561,1,0.0,0,0,0,1076.8,48.46
2026-07-18T16:34:42.332446,2,0.0,0,0,0,0.0,48.46
2026-07-18T16:34:44.332932,4,0.0,0,0,0,0.5,48.46
2026-07-18T16:34:44.334913,1,0.0,0,0,0,0.0,48.46
2026-07-18T16:34:44.335189,3,0.0,0,0,0,0.0,48.46
2026-07-18T16:34:44.336880,2,0.0,0,0,0,0.0,48.46
2026-07-18T16:34:46.336475,4,0.0,0,0,0,0.5,48.46
2026-07-18T16:34:46.339526,2,0.0,0,0,0,0.0,48.46
2026-07-18T16:34:46.340274,1,0.0,0,0,0,0.0,48.46
2026-07-18T16:34:46.340587,3,0.0,0,0,0,0.0,48.46
2026-07-18T16:34:48.336715,4,0.0,0,0,0,0.0,48.46
2026-07-18T16:34:48.337220,1,0.0,0,0,0,0.0,48.46
2026-07-18T16:34:48.337369,2,0.0,0,0,0,0.0,48.46
2026-07-18T16:34:48.337570,3,0.0,0,0,0,0.0,48.46
2026-07-18T16:34:50.338904,4,0.0,0,0,0,0.5,48.46
2026-07-18T16:34:50.339120,3,0.0,0,0,0,0.0,48.46
2026-07-18T16:34:50.339233,2,0.0,0,0,0,0.0,48.46
2026-07-18T16:34:50.339334,1,0.0,0,0,0,0.0,48.46
2026-07-18T16:34:52.345109,1,0.0,0,0,0,0.0,48.46
2026-07-18T16:34:52.345990,2,0.0,0,0,0,0.0,48.46
2026-07-18T16:34:52.347659,4,0.0,0,0,0,0.0,48.46
2026-07-18T16:34:52.348070,3,0.0,0,0,0,0.0,48.46
2026-07-18T16:34:54.346015,1,0.0,0,0,0,0.5,48.46
2026-07-18T16:34:54.346781,3,0.0,0,0,0,0.0,48.46
2026-07-18T16:34:54.348828,2,0.0,0,0,0,0.0,48.46
2026-07-18T16:34:54.349061,4,0.0,0,0,0,0.0,48.46
2026-07-18T16:34:56.346404,4,0.0,0,0,0,0.5,48.46
2026-07-18T16:34:56.347955,1,0.0,0,0,0,0.0,48.46
2026-07-18T16:34:56.348179,2,0.0,0,0,0,0.0,48.46
2026-07-18T16:34:56.348299,3,0.0,0,0,0,0.0,48.46
2026-07-18T16:34:58.348773,4,0.0,0,0,0,0.0,48.46
2026-07-18T16:34:58.349676,1,0.0,0,0,0,0.0,48.46
2026-07-18T16:34:58.349795,3,0.0,0,0,0,0.0,48.46
2026-07-18T16:34:58.349879,2,0.0,0,0,0,0.0,48.46
2026-07-18T16:35:00.352341,4,0.0,0,0,0,0.5,48.46
2026-07-18T16:35:00.352974,1,0.0,0,0,0,0.0,48.46
2026-07-18T16:35:00.354864,3,0.0,0,0,0,0.0,48.46
2026-07-18T16:35:00.355084,2,0.0,0,0,0,0.0,48.46
2026-07-18T16:35:02.356407,4,0.0,0,0,0,0.0,48.46
2026-07-18T16:35:02.358268,1,0.0,0,0,0,0.0,48.46
2026-07-18T16:35:02.358461,3,0.0,0,0,0,0.0,48.46
2026-07-18T16:35:02.358882,2,0.0,0,0,0,0.0,48.46
2026-07-18T16:35:04.359409,4,0.0,0,0,0,0.5,48.46
2026-07-18T16:35:04.359648,3,0.0,0,0,0,0.0,48.46
2026-07-18T16:35:04.360168,1,0.0,0,0,0,0.0,48.46
2026-07-18T16:35:04.362006,2,0.0,0,0,0,0.0,48.46
2026-07-18T16:35:06.362095,4,0.0,0,0,0,0.0,48.46
2026-07-18T16:35:06.362320,1,0.0,0,0,0,0.0,48.46
2026-07-18T16:35:06.362706,3,0.0,0,0,0,0.0,48.46
2026-07-18T16:35:06.362950,2,0.0,0,0,0,0.0,48.46
2026-07-18T16:35:08.364096,4,0.0,0,0,0,0.5,48.46
2026-07-18T16:35:08.365913,2,0.0,0,0,0,0.0,48.46
2026-07-18T16:35:08.366156,3,0.0,0,0,0,0.0,48.46
2026-07-18T16:35:08.366593,1,0.0,0,0,0,0.0,48.46
2026-07-18T16:35:10.367554,2,0.0,0,0,0,0.0,48.46
2026-07-18T16:35:10.368086,4,0.0,0,0,0,0.0,48.46
2026-07-18T16:35:10.368519,3,0.0,0,0,0,0.0,48.46
2026-07-18T16:35:10.368752,1,0.0,0,0,0,0.0,48.46
2026-07-18T16:35:12.369775,2,0.0,0,0,0,0.0,48.46
2026-07-18T16:35:12.369957,1,0.0,0,0,0,0.0,48.46
2026-07-18T16:35:12.370063,4,0.0,0,0,0,0.0,48.46
2026-07-18T16:35:12.370163,3,0.0,0,0,0,0.0,48.46
2026-07-18T16:35:14.373134,2,0.0,0,0,0,0.5,48.46
2026-07-18T16:35:14.373470,1,0.0,0,0,0,0.0,48.46
2026-07-18T16:35:14.375960,4,0.0,0,0,0,0.0,48.46
2026-07-18T16:35:14.376224,3,0.0,0,0,0,0.0,48.46
2026-07-18T16:35:16.376118,4,0.0,0,0,0,0.5,48.46
2026-07-18T16:35:16.378061,3,0.0,0,0,0,0.0,48.46
2026-07-18T16:35:16.378334,1,0.0,0,0,0,0.0,48.46
2026-07-18T16:35:16.378802,2,0.0,0,0,0,0.0,48.46
2026-07-18T16:35:18.380123,2,0.0,0,0,0,0.0,48.46
2026-07-18T16:35:18.380492,1,0.0,0,0,0,0.0,48.46
2026-07-18T16:35:18.380913,4,0.0,0,0,0,0.0,48.46
2026-07-18T16:35:18.381119,3,0.0,0,0,0,0.0,48.46
2026-07-18T16:35:20.381014,4,0.0,0,0,0,0.5,48.46
2026-07-18T16:35:20.382141,3,0.0,0,0,0,0.0,48.46
2026-07-18T16:35:20.382793,1,0.0,0,0,0,0.0,48.46
2026-07-18T16:35:20.382985,2,0.0,0,0,0,0.0,48.46
2026-07-18T16:35:22.385752,2,0.0,0,0,0,0.0,48.46
2026-07-18T16:35:22.385961,4,0.0,0,0,0,0.0,48.46
2026-07-18T16:35:22.386083,3,0.0,0,0,0,0.0,48.46
2026-07-18T16:35:22.386270,1,0.0,0,0,0,0.0,48.46
2026-07-18T16:35:24.388089,4,0.0,0,0,0,0.0,48.46
2026-07-18T16:35:24.390201,2,0.0,0,0,0,0.0,48.46
2026-07-18T16:35:24.390842,1,0.0,0,0,0,0.0,48.46
2026-07-18T16:35:24.391242,3,0.0,0,0,0,0.0,48.46
2026-07-18T16:35:26.388400,4,0.0,0,0,0,0.5,48.46
2026-07-18T16:35:26.389835,3,0.0,0,0,0,0.0,48.46
2026-07-18T16:35:26.390013,1,0.0,0,0,0,0.0,48.46
2026-07-18T16:35:26.390099,2,0.0,0,0,0,0.0,48.46
2026-07-18T16:35:28.395036,4,0.0,0,0,0,0.0,48.46
2026-07-18T16:35:28.398430,2,0.0,0,0,0,252.3,48.46
2026-07-18T16:35:28.399059,3,0.0,0,0,0,0.0,48.46
2026-07-18T16:35:28.399276,1,0.0,0,0,0,0.0,48.46
2026-07-18T16:35:30.400884,4,0.0,0,0,0,0.0,48.46
2026-07-18T16:35:30.401260,1,0.0,0,0,0,0.0,48.46
2026-07-18T16:35:30.403874,2,0.0,0,0,0,0.0,48.46
2026-07-18T16:35:30.404253,3,0.0,0,0,0,0.0,48.46
2026-07-18T16:35:32.399808,4,0.0,0,0,0,1.0,48.46
2026-07-18T16:35:32.400163,1,0.0,0,0,0,0.0,48.46
2026-07-18T16:35:32.401869,2,0.0,0,0,0,0.0,48.46
2026-07-18T16:35:32.402111,3,0.0,0,0,0,0.0,48.46
2026-07-18T16:35:34.401498,2,0.0,0,0,0,0.0,48.46
2026-07-18T16:35:34.401642,4,0.0,0,0,0,0.0,48.46
2026-07-18T16:35:34.402138,1,0.0,0,0,0,0.0,48.46
2026-07-18T16:35:34.402450,3,0.0,0,0,0,0.0,48.46
2026-07-18T16:35:36.403962,1,0.0,0,0,0,0.0,48.46
2026-07-18T16:35:36.404112,3,0.0,0,0,0,0.0,48.46
2026-07-18T16:35:36.404205,4,0.0,0,0,0,0.0,48.46
2026-07-18T16:35:36.404890,2,0.0,0,0,0,0.0,48.46
2026-07-18T16:35:38.408067,4,0.0,0,0,0,0.5,48.46
2026-07-18T16:35:38.410054,3,0.0,0,0,0,0.0,48.46
2026-07-18T16:35:38.410321,2,0.0,0,0,0,0.0,48.46
2026-07-18T16:35:38.411086,1,0.0,0,0,0,0.0,48.46
2026-07-18T16:35:40.409071,4,0.0,0,0,0,0.0,48.46
2026-07-18T16:35:40.409741,1,0.0,0,0,0,0.0,48.46
2026-07-18T16:35:40.410440,2,0.0,0,0,0,0.0,48.46
2026-07-18T16:35:40.410809,3,0.0,0,0,0,0.0,48.46
2026-07-18T16:35:42.411788,4,0.0,0,0,0,0.0,48.46
2026-07-18T16:35:42.413386,2,0.0,0,0,0,0.0,48.46
2026-07-18T16:35:42.413582,1,0.0,0,0,0,0.0,48.46
2026-07-18T16:35:42.413655,3,0.0,0,0,0,0.0,48.46
2026-07-18T16:35:44.423250,4,0.0,0,0,0,0.5,48.46
2026-07-18T16:35:44.424012,3,0.0,0,0,0,0.0,48.46
2026-07-18T16:35:44.424288,2,0.0,0,0,0,0.0,48.46
2026-07-18T16:35:44.425036,1,0.0,0,0,0,0.0,48.46
2026-07-18T16:35:46.420146,4,0.0,0,0,0,0.5,48.46
2026-07-18T16:35:46.426126,2,0.0,0,0,0,0.0,48.46
2026-07-18T16:35:46.426847,1,0.0,0,0,0,0.0,48.46
2026-07-18T16:35:46.427667,3,0.0,0,0,0,0.0,48.46
2026-07-18T16:35:48.422612,4,0.0,0,0,0,0.5,48.46
2026-07-18T16:35:48.425095,2,0.0,0,0,0,344.0,48.46
2026-07-18T16:35:48.425293,3,0.0,0,0,0,0.0,48.46
2026-07-18T16:35:48.425428,1,0.0,0,0,0,0.0,48.46
2026-07-18T16:35:50.426179,4,0.0,0,0,0,0.0,48.46
2026-07-18T16:35:50.428116,2,0.0,0,0,0,0.0,48.46
2026-07-18T16:35:50.428309,3,0.0,0,0,0,0.0,48.46
2026-07-18T16:35:50.428462,1,0.0,0,0,0,0.0,48.46
2026-07-18T16:35:52.429370,2,0.0,0,0,0,0.0,48.46
2026-07-18T16:35:52.430175,1,0.0,0,0,0,0.0,48.46
2026-07-18T16:35:52.430723,4,0.0,0,0,0,0.0,48.46
2026-07-18T16:35:52.431034,3,0.0,0,0,0,0.0,48.46
2026-07-18T16:35:54.430288,4,0.0,0,0,0,0.5,48.46
2026-07-18T16:35:54.432083,1,0.0,0,0,0,0.0,48.46
2026-07-18T16:35:54.432277,2,0.0,0,0,0,0.0,48.46
2026-07-18T16:35:54.432392,3,0.0,0,0,0,0.0,48.46
2026-07-18T16:35:56.433360,1,0.0,0,0,0,0.0,48.46
2026-07-18T16:35:56.434049,4,0.0,0,0,0,0.0,48.46
2026-07-18T16:35:56.434222,3,0.0,0,0,0,0.0,48.46
2026-07-18T16:35:56.435242,2,0.0,0,0,0,0.0,48.46
2026-07-18T16:35:58.438156,1,0.0,0,0,0,0.5,48.46
2026-07-18T16:35:58.438815,4,0.0,0,0,0,0.0,48.46
2026-07-18T16:35:58.439181,3,0.0,0,0,0,1480.1,48.46
2026-07-18T16:35:58.440345,2,0.0,0,0,0,0.0,48.46
2026-07-18T16:36:00.438811,4,0.0,0,0,0,0.0,48.46
2026-07-18T16:36:00.440945,3,0.0,0,0,0,0.0,48.46
2026-07-18T16:36:00.441167,1,0.0,0,0,0,0.0,48.46
2026-07-18T16:36:00.441294,2,0.0,0,0,0,0.0,48.46
2026-07-18T16:36:02.439833,4,0.0,0,0,0,0.0,48.46
2026-07-18T16:36:02.439991,1,0.0,0,0,0,0.0,48.46
2026-07-18T16:36:02.440565,3,0.0,0,0,0,0.0,48.46
2026-07-18T16:36:02.440958,2,0.0,0,0,0,0.0,48.46
2026-07-18T16:36:04.442482,4,0.0,0,0,0,0.5,48.46
2026-07-18T16:36:04.443674,2,0.0,0,0,0,0.0,48.46
2026-07-18T16:36:04.443868,1,0.0,0,0,0,0.0,48.46
2026-07-18T16:36:04.443977,3,0.0,0,0,0,0.0,48.46
2026-07-18T16:36:06.446103,4,0.0,0,0,0,0.0,48.46
2026-07-18T16:36:06.446357,3,0.0,0,0,0,0.0,48.46
2026-07-18T16:36:06.446481,2,0.0,0,0,0,0.0,48.46
2026-07-18T16:36:06.446636,1,0.0,0,0,0,0.0,48.46
2026-07-18T16:36:08.448368,4,0.0,0,0,0,0.0,48.46
2026-07-18T16:36:08.453071,1,0.0,0,0,0,218.6,48.46
2026-07-18T16:36:08.454169,3,0.0,0,0,0,0.0,48.46
2026-07-18T16:36:08.456062,2,0.0,0,0,0,0.0,48.46
2026-07-18T16:36:10.451770,4,0.0,0,0,0,0.0,48.46
2026-07-18T16:36:10.452307,3,0.0,0,0,0,0.0,48.46
2026-07-18T16:36:10.452957,1,0.0,0,0,0,0.0,48.46
2026-07-18T16:36:10.454717,2,0.0,0,0,0,0.0,48.46
2026-07-18T16:36:12.451069,1,0.0,0,0,0,0.5,48.46
2026-07-18T16:36:12.452009,4,0.0,0,0,0,853.9,48.46
2026-07-18T16:36:12.454256,2,0.0,0,0,0,0.0,48.46
2026-07-18T16:36:12.454943,3,0.0,0,0,0,0.0,48.46
2026-07-18T16:36:14.454428,4,0.0,0,0,0,0.0,48.46
2026-07-18T16:36:14.457999,1,0.0,0,0,0,307.4,48.46
2026-07-18T16:36:14.458555,2,0.0,0,0,0,0.0,48.46
2026-07-18T16:36:14.459487,3,0.0,0,0,0,0.0,48.46
2026-07-18T16:36:16.456613,4,0.0,0,0,0,0.0,48.46
2026-07-18T16:36:16.460229,2,0.0,0,0,0,280.1,48.46
2026-07-18T16:36:16.460513,1,0.0,0,0,0,0.0,48.46
2026-07-18T16:36:16.460693,3,0.0,0,0,0,0.0,48.46
2026-07-18T16:36:18.461831,4,0.0,0,0,0,0.0,48.46
2026-07-18T16:36:18.462129,1,0.0,0,0,0,0.0,48.46
2026-07-18T16:36:18.463940,2,0.0,0,0,0,0.0,48.46
2026-07-18T16:36:18.464204,3,0.0,0,0,0,0.0,48.46
2026-07-18T16:36:20.465976,4,0.0,0,0,0,1.0,48.46
2026-07-18T16:36:20.469985,3,0.0,0,0,0,226.8,48.46
2026-07-18T16:36:20.470519,2,0.0,0,0,0,0.0,48.46
2026-07-18T16:36:20.471353,1,0.0,0,0,0,0.0,48.46
2026-07-18T16:36:22.475720,4,0.0,0,0,0,0.5,48.46
2026-07-18T16:36:22.476066,3,0.0,0,0,0,0.0,48.46
2026-07-18T16:36:22.476630,1,0.0,0,0,0,0.0,48.46
2026-07-18T16:36:22.478234,2,0.0,0,0,0,0.0,48.46
2026-07-18T16:36:24.469624,4,0.0,0,0,0,0.0,48.46
2026-07-18T16:36:24.470197,3,0.0,0,0,0,0.0,48.46
2026-07-18T16:36:24.470291,2,0.0,0,0,0,0.0,48.46
2026-07-18T16:36:24.470514,1,0.0,0,0,0,0.0,48.46
2026-07-18T16:36:26.472747,1,0.0,0,0,0,0.5,48.46
2026-07-18T16:36:26.473145,3,0.0,0,0,0,0.0,48.46
2026-07-18T16:36:26.473313,4,0.0,0,0,0,0.0,48.46
2026-07-18T16:36:26.474262,2,0.0,0,0,0,0.0,48.46
2026-07-18T16:36:28.483633,4,0.0,0,0,0,0.0,48.46
2026-07-18T16:36:28.489350,3,0.0,0,0,0,161.3,48.46
2026-07-18T16:36:28.491230,2,0.0,0,0,0,0.0,48.46
2026-07-18T16:36:28.492281,1,0.0,0,0,0,0.0,48.46
2026-07-18T16:36:30.480173,4,0.0,0,0,0,0.0,48.46
2026-07-18T16:36:30.480504,1,0.0,0,0,0,0.0,48.46
2026-07-18T16:36:30.483031,3,0.0,0,0,0,422.3,48.46
2026-07-18T16:36:30.483965,2,0.0,0,0,0,1041.2,48.46
2026-07-18T16:36:32.481196,4,0.0,0,0,0,0.0,48.46
2026-07-18T16:36:32.482294,3,0.0,0,0,0,0.0,48.46
2026-07-18T16:36:32.482750,1,0.0,0,0,0,0.0,48.46
2026-07-18T16:36:32.482920,2,0.0,0,0,0,0.0,48.46
2026-07-18T16:36:34.483670,4,0.0,0,0,0,0.0,48.46
2026-07-18T16:36:34.484240,1,0.0,0,0,0,0.0,48.46
2026-07-18T16:36:34.485816,2,0.0,0,0,0,0.0,48.46
2026-07-18T16:36:34.486212,3,0.0,0,0,0,0.0,48.46
2026-07-18T16:36:36.486135,3,0.0,0,0,0,0.5,48.46
2026-07-18T16:36:36.487340,4,0.0,0,0,0,0.0,48.46
2026-07-18T16:36:36.487798,1,0.0,0,0,0,0.0,48.46
2026-07-18T16:36:36.488352,2,0.0,0,0,0,0.0,48.46
2026-07-18T16:36:38.488040,4,0.0,0,0,0,0.0,48.46
2026-07-18T16:36:38.489165,2,0.0,0,0,0,0.0,48.46
2026-07-18T16:36:38.489304,3,0.0,0,0,0,0.0,48.46
2026-07-18T16:36:38.489400,1,0.0,0,0,0,0.0,48.46
2026-07-18T16:36:40.491033,4,0.0,0,0,0,0.5,48.46
2026-07-18T16:36:40.495832,2,0.0,0,0,0,0.0,48.46
2026-07-18T16:36:40.496197,1,0.0,0,0,0,0.0,48.46
2026-07-18T16:36:40.496689,3,0.0,0,0,0,0.0,48.46
2026-07-18T16:36:42.502740,3,0.0,0,0,0,2.0,48.46
2026-07-18T16:36:42.503140,2,0.0,0,0,0,0.0,48.46
2026-07-18T16:36:42.503411,4,0.0,0,0,0,0.0,48.46
2026-07-18T16:36:42.504239,1,0.0,0,0,0,0.0,48.46
2026-07-18T16:36:44.506076,4,0.0,0,0,0,1.0,48.46
2026-07-18T16:36:44.506318,2,0.0,0,0,0,0.0,48.46
2026-07-18T16:36:44.507053,1,0.0,0,0,0,0.0,48.46
2026-07-18T16:36:44.507321,3,0.0,0,0,0,0.0,48.46
2026-07-18T16:36:46.503719,4,0.0,0,0,0,0.5,48.46
2026-07-18T16:36:46.505725,3,0.0,0,0,0,0.0,48.46
2026-07-18T16:36:46.505929,2,0.0,0,0,0,0.0,48.46
2026-07-18T16:36:46.506126,1,0.0,0,0,0,0.0,48.46
2026-07-18T16:36:48.506203,4,0.0,0,0,0,0.0,48.46
2026-07-18T16:36:48.507844,2,0.0,0,0,0,611.9,48.46
2026-07-18T16:36:48.507984,1,0.0,0,0,0,0.0,48.46
2026-07-18T16:36:48.508155,3,0.0,0,0,0,0.0,48.46
2026-07-18T16:36:50.509104,4,0.0,0,0,0,0.0,48.46
2026-07-18T16:36:50.510358,1,0.0,0,0,0,0.0,48.46
2026-07-18T16:36:50.510975,3,0.0,0,0,0,0.0,48.46
2026-07-18T16:36:50.511810,2,0.0,0,0,0,0.0,48.46
2026-07-18T16:36:52.513574,4,0.0,0,0,0,0.0,48.46
2026-07-18T16:36:52.514718,1,0.0,0,0,0,0.0,48.46
2026-07-18T16:36:52.515462,3,0.0,0,0,0,1097.2,48.46
2026-07-18T16:36:52.516087,2,0.0,0,0,0,0.0,48.46
2026-07-18T16:36:54.516822,4,0.0,0,0,0,0.0,48.46
2026-07-18T16:36:54.517217,1,0.0,0,0,0,0.0,48.46
2026-07-18T16:36:54.518227,3,0.0,0,0,0,0.0,48.46
2026-07-18T16:36:54.520208,2,0.0,0,0,0,488.5,48.46
2026-07-18T16:36:56.521788,2,0.0,0,0,0,0.0,48.46
2026-07-18T16:36:56.522105,3,0.0,0,0,0,0.0,48.46
2026-07-18T16:36:56.522704,4,0.0,0,0,0,0.0,48.46
2026-07-18T16:36:56.523104,1,0.0,0,0,0,0.0,48.46
2026-07-18T16:36:58.524098,4,0.0,0,0,0,1.5,48.46
2026-07-18T16:36:58.527291,2,0.0,0,0,0,226.7,48.46
2026-07-18T16:36:58.527552,1,0.0,0,0,0,0.0,48.46
2026-07-18T16:36:58.528241,3,0.0,0,0,0,0.0,48.46
2026-07-18T16:37:00.526962,4,0.0,0,0,0,0.0,48.46
2026-07-18T16:37:00.531626,2,0.0,0,0,0,239.5,48.46
2026-07-18T16:37:00.532278,1,0.0,0,0,0,0.0,48.46
2026-07-18T16:37:00.533175,3,0.0,0,0,0,0.0,48.46
2026-07-18T16:37:02.528483,4,0.0,0,0,0,0.5,48.46
2026-07-18T16:37:02.531368,1,0.0,0,0,0,0.0,48.46
2026-07-18T16:37:02.532296,3,0.0,0,0,0,0.0,48.46
2026-07-18T16:37:02.533529,2,0.0,0,0,0,0.0,48.46
2026-07-18T16:37:04.532748,4,0.0,0,0,0,1.0,48.46
2026-07-18T16:37:04.535360,3,0.0,0,0,0,0.0,48.46
2026-07-18T16:37:04.536196,2,0.0,0,0,0,0.0,48.46
2026-07-18T16:37:04.536971,1,0.0,0,0,0,0.0,48.46
2026-07-18T16:37:06.534213,4,0.0,0,0,0,0.0,48.46
2026-07-18T16:37:06.534911,1,0.0,0,0,0,0.0,48.46
2026-07-18T16:37:06.535130,3,0.0,0,0,0,3709.4,48.46
2026-07-18T16:37:06.536734,2,0.0,0,0,0,0.0,48.46
2026-07-18T16:37:08.536062,4,0.0,0,0,0,0.0,48.46
2026-07-18T16:37:08.536303,1,0.0,0,0,0,0.0,48.46
2026-07-18T16:37:08.537448,2,0.0,0,0,0,0.0,48.46
2026-07-18T16:37:08.539557,3,0.0,0,0,0,0.0,48.46
2026-07-18T16:37:10.537360,4,0.0,0,0,0,0.0,48.46
2026-07-18T16:37:10.539671,2,0.0,0,0,0,0.0,48.46
2026-07-18T16:37:10.539887,3,0.0,0,0,0,0.0,48.46
2026-07-18T16:37:10.539993,1,0.0,0,0,0,0.0,48.46
2026-07-18T16:37:12.541167,1,0.0,0,0,0,0.5,48.46
2026-07-18T16:37:12.541757,3,0.0,0,0,0,0.0,48.46
2026-07-18T16:37:12.541930,4,0.0,0,0,0,0.0,48.46
2026-07-18T16:37:12.542017,2,0.0,0,0,0,0.0,48.46
2026-07-18T16:37:14.542969,4,0.0,0,0,0,0.0,48.46
2026-07-18T16:37:14.543136,1,0.0,0,0,0,0.0,48.46
2026-07-18T16:37:14.543239,3,0.0,0,0,0,0.0,48.46
2026-07-18T16:37:14.544125,2,0.0,0,0,0,0.0,48.46
2026-07-18T16:37:16.545324,2,0.0,0,0,0,0.0,48.46
2026-07-18T16:37:16.545440,4,0.0,0,0,0,0.0,48.46
2026-07-18T16:37:16.545517,3,0.0,0,0,0,0.0,48.46
2026-07-18T16:37:16.545822,1,0.0,0,0,0,0.0,48.46
2026-07-18T16:37:18.548406,4,0.0,0,0,0,0.5,48.46
2026-07-18T16:37:18.551945,3,0.0,0,0,0,0.0,48.46
2026-07-18T16:37:18.552172,1,0.0,0,0,0,0.0,48.46
2026-07-18T16:37:18.552959,2,0.0,0,0,0,1599.9,48.46
2026-07-18T16:37:20.548978,1,0.0,0,0,0,0.0,48.46
2026-07-18T16:37:20.549095,4,0.0,0,0,0,0.0,48.46
2026-07-18T16:37:20.549166,2,0.0,0,0,0,0.0,48.46
2026-07-18T16:37:20.549233,3,0.0,0,0,0,0.0,48.46
2026-07-18T16:37:22.553364,3,0.0,0,0,0,0.0,48.46
2026-07-18T16:37:22.553597,4,0.0,0,0,0,0.0,48.46
2026-07-18T16:37:22.553738,1,0.0,0,0,0,0.0,48.46
2026-07-18T16:37:22.554959,2,0.0,0,0,0,0.0,48.46
2026-07-18T16:37:24.553569,4,0.0,0,0,0,0.0,48.46
2026-07-18T16:37:24.555304,2,0.0,0,0,0,498.7,48.46
2026-07-18T16:37:24.556182,1,0.0,0,0,0,0.0,48.46
2026-07-18T16:37:24.556387,3,0.0,0,0,0,0.0,48.46
2026-07-18T16:37:26.557101,3,0.0,0,0,0,0.0,48.46
2026-07-18T16:37:26.557634,4,0.0,0,0,0,0.0,48.46
2026-07-18T16:37:26.557791,1,0.0,0,0,0,0.0,48.46
2026-07-18T16:37:26.558538,2,0.0,0,0,0,0.0,48.46
2026-07-18T16:37:28.560297,4,0.0,0,0,0,0.0,48.46
2026-07-18T16:37:28.563294,2,0.0,0,0,0,0.0,48.46
2026-07-18T16:37:28.563944,3,0.0,0,0,0,0.0,48.46
2026-07-18T16:37:28.564866,1,0.0,0,0,0,0.0,48.46
2026-07-18T16:37:30.563744,4,0.0,0,0,0,1.0,48.46
2026-07-18T16:37:30.563991,2,0.0,0,0,0,0.0,48.46
2026-07-18T16:37:30.564147,1,0.0,0,0,0,0.0,48.46
2026-07-18T16:37:30.564272,3,0.0,0,0,0,0.0,48.46
2026-07-18T16:37:32.564405,4,0.0,0,0,0,0.0,48.46
2026-07-18T16:37:32.567793,2,0.0,0,0,0,0.0,48.46
2026-07-18T16:37:32.568082,3,0.0,0,0,0,0.0,48.46
2026-07-18T16:37:32.568246,1,0.0,0,0,0,0.0,48.46
2026-07-18T16:37:34.568136,1,0.0,0,0,0,0.5,48.46
2026-07-18T16:37:34.568388,4,0.0,0,0,0,0.0,48.46
2026-07-18T16:37:34.570552,2,0.0,0,0,0,0.0,48.46
2026-07-18T16:37:34.570932,3,0.0,0,0,0,0.0,48.46
2026-07-18T16:37:36.568405,4,0.0,0,0,0,0.0,48.46
2026-07-18T16:37:36.617166,1,0.0,0,0,0,102.6,48.46
2026-07-18T16:37:36.617293,2,0.0,0,0,0,0.0,48.46
2026-07-18T16:37:36.617363,3,0.0,0,0,0,0.0,48.46
2026-07-18T16:37:38.572406,4,0.0,0,0,0,0.5,48.46
2026-07-18T16:37:38.575014,1,0.0,0,0,0,0.0,48.46
2026-07-18T16:37:38.575830,3,0.0,0,0,0,0.0,48.46
2026-07-18T16:37:38.576215,2,0.0,0,0,0,0.0,48.46
2026-07-18T16:37:40.574654,4,0.0,0,0,0,0.0,48.46
2026-07-18T16:37:40.576290,2,0.0,0,0,0,0.0,48.46
2026-07-18T16:37:40.576481,1,0.0,0,0,0,0.0,48.46
2026-07-18T16:37:40.577102,3,0.0,0,0,0,0.0,48.46
2026-07-18T16:37:42.578930,1,0.0,0,0,0,0.5,48.46
2026-07-18T16:37:42.579212,2,0.0,0,0,0,0.0,48.46
2026-07-18T16:37:42.579638,3,0.0,0,0,0,0.0,48.46
2026-07-18T16:37:42.579806,4,0.0,0,0,0,0.0,48.46
2026-07-18T16:37:44.585533,4,0.0,0,0,0,0.0,48.46
2026-07-18T16:37:44.587032,1,0.0,0,0,0,0.0,48.46
2026-07-18T16:37:44.590752,2,0.0,0,0,0,545.4,48.46
2026-07-18T16:37:44.591451,3,0.0,0,0,0,0.0,48.46
2026-07-18T16:37:46.587046,1,0.0,0,0,0,0.0,48.46
2026-07-18T16:37:46.588042,4,0.0,0,0,0,0.0,48.46
2026-07-18T16:37:46.589105,3,0.0,0,0,0,0.0,48.46
2026-07-18T16:37:46.592001,2,0.0,0,0,0,342.0,48.46
2026-07-18T16:37:48.588635,4,0.0,0,0,0,0.0,48.46
2026-07-18T16:37:48.591612,3,0.0,0,0,0,0.0,48.46
2026-07-18T16:37:48.591998,1,0.0,0,0,0,0.0,48.46
2026-07-18T16:37:48.592149,2,0.0,0,0,0,0.0,48.46
2026-07-18T16:37:50.594423,4,0.0,0,0,0,0.5,48.46
2026-07-18T16:37:50.598110,2,0.0,0,0,0,0.0,48.46
2026-07-18T16:37:50.598973,3,0.0,0,0,0,0.0,48.46
2026-07-18T16:37:50.600027,1,0.0,0,0,0,0.0,48.46
2026-07-18T16:37:52.597304,4,0.0,0,0,0,0.5,48.46
2026-07-18T16:37:52.601267,3,0.0,0,0,0,0.0,48.46
2026-07-18T16:37:52.602841,1,0.0,0,0,0,0.0,48.46
2026-07-18T16:37:52.603864,2,0.0,0,0,0,0.0,48.46
2026-07-18T16:37:54.601135,4,0.0,0,0,0,0.5,48.46
2026-07-18T16:37:54.604258,3,0.0,0,0,0,253.2,48.46
2026-07-18T16:37:54.606460,1,0.0,0,0,0,0.0,48.46
2026-07-18T16:37:54.607570,2,0.0,0,0,0,0.0,48.46
2026-07-18T16:37:56.606217,4,0.0,0,0,0,0.0,48.46
2026-07-18T16:37:56.607498,1,0.0,0,0,0,393.8,48.46
2026-07-18T16:37:56.611965,2,0.0,0,0,0,0.0,48.46
2026-07-18T16:37:56.613158,3,0.0,0,0,0,0.0,48.46
2026-07-18T16:37:58.607032,3,0.0,0,0,0,0.5,48.46
2026-07-18T16:37:58.607297,1,0.0,0,0,0,0.0,48.46
2026-07-18T16:37:58.607465,4,0.0,0,0,0,0.0,48.46
2026-07-18T16:37:58.607617,2,0.0,0,0,0,0.0,48.46
2026-07-18T16:38:00.607813,4,0.0,0,0,0,0.0,48.46
2026-07-18T16:38:00.609148,3,0.0,0,0,0,0.0,48.46
2026-07-18T16:38:00.609537,2,0.0,0,0,0,0.0,48.46
2026-07-18T16:38:00.609708,1,0.0,0,0,0,0.0,48.46
2026-07-18T16:38:02.609833,1,0.0,0,0,0,0.0,48.46
2026-07-18T16:38:02.610124,4,0.0,0,0,0,0.0,48.46
2026-07-18T16:38:02.611072,2,0.0,0,0,0,0.0,48.46
2026-07-18T16:38:02.611496,3,0.0,0,0,0,0.0,48.46
2026-07-18T16:38:04.612346,4,0.0,0,0,0,0.5,48.46
2026-07-18T16:38:04.612947,1,0.0,0,0,0,0.0,48.46
2026-07-18T16:38:04.613151,3,0.0,0,0,0,0.0,48.46
2026-07-18T16:38:04.613277,2,0.0,0,0,0,0.0,48.46
2026-07-18T16:38:06.640048,4,0.0,0,0,0,0.0,48.46
2026-07-18T16:38:06.640768,1,0.0,0,0,0,0.0,48.46
2026-07-18T16:38:06.641041,2,0.0,0,0,0,0.0,48.46
2026-07-18T16:38:06.641198,3,0.0,0,0,0,0.0,48.46
2026-07-18T16:38:08.640807,4,0.0,0,0,0,1.0,48.46
2026-07-18T16:38:08.644238,1,0.0,0,0,0,0.0,48.46
2026-07-18T16:38:08.646906,3,0.0,0,0,0,0.0,48.46
2026-07-18T16:38:08.651716,2,0.0,0,0,0,0.0,48.46
2026-07-18T16:38:10.639204,4,0.0,0,0,0,0.5,48.46
2026-07-18T16:38:10.639882,3,0.0,0,0,0,0.0,48.46
2026-07-18T16:38:10.639962,2,0.0,0,0,0,0.0,48.46
2026-07-18T16:38:10.640022,1,0.0,0,0,0,0.0,48.46
2026-07-18T16:38:12.643270,4,0.0,0,0,0,0.0,48.46
2026-07-18T16:38:12.644899,2,0.0,0,0,0,721.3,48.46
2026-07-18T16:38:12.645109,3,0.0,0,0,0,0.0,48.46
2026-07-18T16:38:12.645221,1,0.0,0,0,0,0.0,48.46
2026-07-18T16:38:14.646735,4,0.0,0,0,0,0.0,48.46
2026-07-18T16:38:14.647071,1,0.0,0,0,0,0.0,48.46
2026-07-18T16:38:14.648243,2,0.0,0,0,0,0.0,48.46
2026-07-18T16:38:14.648803,3,0.0,0,0,0,0.0,48.46
2026-07-18T16:38:16.648072,1,0.0,0,0,0,0.0,48.46
2026-07-18T16:38:16.648267,4,0.0,0,0,0,0.0,48.46
2026-07-18T16:38:16.648381,3,0.0,0,0,0,0.0,48.46
2026-07-18T16:38:16.648760,2,0.0,0,0,0,0.0,48.46
2026-07-18T16:38:18.652257,4,0.0,0,0,0,0.5,48.46
2026-07-18T16:38:18.656916,1,0.0,0,0,0,0.0,48.46
2026-07-18T16:38:18.657390,2,0.0,0,0,0,0.0,48.46
2026-07-18T16:38:18.658925,3,0.0,0,0,0,0.0,48.46
2026-07-18T16:38:20.657682,4,0.0,0,0,0,0.5,48.46
2026-07-18T16:38:20.659485,1,0.0,0,0,0,0.0,48.46
2026-07-18T16:38:20.663028,2,0.0,0,0,0,0.0,48.46
2026-07-18T16:38:20.664215,3,0.0,0,0,0,893.4,48.46
2026-07-18T16:38:22.659073,4,0.0,0,0,0,0.5,48.46
2026-07-18T16:38:22.659379,2,0.0,0,0,0,0.0,48.46
2026-07-18T16:38:22.659974,1,0.0,0,0,0,0.0,48.46
2026-07-18T16:38:22.660377,3,0.0,0,0,0,0.0,48.46
2026-07-18T16:38:24.659318,1,0.0,0,0,0,0.0,48.46
2026-07-18T16:38:24.659604,4,0.0,0,0,0,0.0,48.46
2026-07-18T16:38:24.661344,2,0.0,0,0,0,0.0,48.46
2026-07-18T16:38:24.661537,3,0.0,0,0,0,0.0,48.46
2026-07-18T16:38:26.661223,4,0.0,0,0,0,0.0,48.46
2026-07-18T16:38:26.663263,1,0.0,0,0,0,0.0,48.46
2026-07-18T16:38:26.663643,2,0.0,0,0,0,0.0,48.46
2026-07-18T16:38:26.663818,3,0.0,0,0,0,0.0,48.46
2026-07-18T16:38:28.667248,1,0.0,0,0,0,0.5,48.46
2026-07-18T16:38:28.667477,4,0.0,0,0,0,0.0,48.46
2026-07-18T16:38:28.670031,3,0.0,0,0,0,0.0,48.46
2026-07-18T16:38:28.670682,2,0.0,0,0,0,0.0,48.46
2026-07-18T16:38:30.667470,4,0.0,0,0,0,0.0,48.46
2026-07-18T16:38:30.669889,2,0.0,0,0,0,421.9,48.46
2026-07-18T16:38:30.670127,1,0.0,0,0,0,0.0,48.46
2026-07-18T16:38:30.670632,3,0.0,0,0,0,0.0,48.46
2026-07-18T16:38:32.671434,1,0.0,0,0,0,0.5,48.46
2026-07-18T16:38:32.672164,4,0.0,0,0,0,0.0,48.46
2026-07-18T16:38:32.673583,3,0.0,0,0,0,0.0,48.46
2026-07-18T16:38:32.674141,2,0.0,0,0,0,0.0,48.46
2026-07-18T16:38:34.673363,1,0.0,0,0,0,0.0,48.46
2026-07-18T16:38:34.674005,4,0.0,0,0,0,0.0,48.46
2026-07-18T16:38:34.675408,3,0.0,0,0,0,0.0,48.46
2026-07-18T16:38:34.676016,2,0.0,0,0,0,0.0,48.46
2026-07-18T16:38:36.676028,4,0.0,0,0,0,0.0,48.46
2026-07-18T16:38:36.677615,3,0.0,0,0,0,678.4,48.46
2026-07-18T16:38:36.678249,1,0.0,0,0,0,0.0,48.46
2026-07-18T16:38:36.679443,2,0.0,0,0,0,0.0,48.46
2026-07-18T16:38:38.688010,1,0.0,0,0,0,0.5,48.46
2026-07-18T16:38:38.689147,3,0.0,0,0,0,0.0,48.46
2026-07-18T16:38:38.690068,4,0.0,0,0,0,0.0,48.46
2026-07-18T16:38:38.691106,2,0.0,0,0,0,0.0,48.46
2026-07-18T16:38:40.682126,4,0.0,0,0,0,0.0,48.46
2026-07-18T16:38:40.683281,1,0.0,0,0,0,840.9,48.46
2026-07-18T16:38:40.683784,2,0.0,0,0,0,0.0,48.46
2026-07-18T16:38:40.683971,3,0.0,0,0,0,0.0,48.46
2026-07-18T16:38:42.688523,4,0.0,0,0,0,0.0,48.46
2026-07-18T16:38:42.689593,1,0.0,0,0,0,0.0,48.46
2026-07-18T16:38:42.693192,2,0.0,0,0,0,0.0,48.46
2026-07-18T16:38:42.694093,3,0.0,0,0,0,694.4,48.46
2026-07-18T16:38:44.691170,3,0.0,0,0,0,0.0,48.46
2026-07-18T16:38:44.691684,2,0.0,0,0,0,0.0,48.46
2026-07-18T16:38:44.692173,1,0.0,0,0,0,0.0,48.46
2026-07-18T16:38:44.692863,4,0.0,0,0,0,0.0,48.46
2026-07-18T16:38:46.694761,4,0.0,0,0,0,0.0,48.46
2026-07-18T16:38:46.697027,2,0.0,0,0,0,375.1,48.46
2026-07-18T16:38:46.697818,1,0.0,0,0,0,2380.8,48.46
2026-07-18T16:38:46.698169,3,0.0,0,0,0,0.0,48.46
2026-07-18T16:38:48.695074,4,0.0,0,0,0,0.0,48.46
2026-07-18T16:38:48.696990,2,0.0,0,0,0,0.0,48.46
2026-07-18T16:38:48.697709,3,0.0,0,0,0,0.0,48.46
2026-07-18T16:38:48.697973,1,0.0,0,0,0,0.0,48.46
2026-07-18T16:38:50.700210,4,0.0,0,0,0,0.0,48.46
2026-07-18T16:38:50.700405,1,0.0,0,0,0,0.0,48.46
2026-07-18T16:38:50.702227,2,0.0,0,0,0,0.0,48.46
2026-07-18T16:38:50.702790,3,0.0,0,0,0,0.0,48.46
2026-07-18T16:38:52.703027,3,0.0,0,0,0,0.5,48.46
2026-07-18T16:38:52.703241,2,0.0,0,0,0,0.0,48.46
2026-07-18T16:38:52.703928,1,0.0,0,0,0,0.0,48.46
2026-07-18T16:38:52.704207,4,0.0,0,0,0,0.0,48.46
2026-07-18T16:38:54.709013,3,0.0,0,0,0,0.5,48.46
2026-07-18T16:38:54.711049,4,0.0,0,0,0,0.0,48.46
2026-07-18T16:38:54.711879,1,0.0,0,0,0,0.0,48.46
2026-07-18T16:38:54.715077,2,0.0,0,0,0,0.0,48.46
2026-07-18T16:38:56.710329,4,0.0,0,0,0,0.0,48.46
2026-07-18T16:38:56.713773,2,0.0,0,0,0,407.4,48.46
2026-07-18T16:38:56.714026,1,0.0,0,0,0,0.0,48.46
2026-07-18T16:38:56.714178,3,0.0,0,0,0,0.0,48.46
2026-07-18T16:38:58.718436,3,0.0,0,0,0,0.0,48.46
2026-07-18T16:38:58.719187,4,0.0,0,0,0,0.0,48.46
2026-07-18T16:38:58.719992,1,0.0,0,0,0,0.0,48.46
2026-07-18T16:38:58.721905,2,0.0,0,0,0,524.9,48.46
2026-07-18T16:39:00.715059,4,0.0,0,0,0,0.0,48.46
2026-07-18T16:39:00.716903,1,0.0,0,0,0,0.0,48.46
2026-07-18T16:39:00.717295,3,0.0,0,0,0,0.0,48.46
2026-07-18T16:39:00.717663,2,0.0,0,0,0,0.0,48.46
2026-07-18T16:39:02.716284,4,0.0,0,0,0,0.0,48.46
2026-07-18T16:39:02.718098,3,0.0,0,0,0,558.0,48.46
2026-07-18T16:39:02.718315,2,0.0,0,0,0,0.0,48.46
2026-07-18T16:39:02.718750,1,0.0,0,0,0,0.0,48.46
2026-07-18T16:39:04.721309,1,0.0,0,0,0,0.0,48.46
2026-07-18T16:39:04.722325,4,0.0,0,0,0,0.0,48.46
2026-07-18T16:39:04.723017,3,0.0,0,0,0,0.0,48.46
2026-07-18T16:39:04.724152,2,0.0,0,0,0,0.0,48.46
2026-07-18T16:39:06.723871,4,0.0,0,0,0,0.0,48.46
2026-07-18T16:39:06.726243,1,0.0,0,0,0,426.1,48.46
2026-07-18T16:39:06.726855,2,0.0,0,0,0,0.0,48.46
2026-07-18T16:39:06.727074,3,0.0,0,0,0,0.0,48.46
2026-07-18T16:39:08.739980,1,0.0,0,0,0,0.0,48.46
2026-07-18T16:39:08.740204,3,0.0,0,0,0,0.0,48.46
2026-07-18T16:39:08.740326,2,0.0,0,0,0,0.0,48.46
2026-07-18T16:39:08.740442,4,0.0,0,0,0,0.0,48.46
2026-07-18T16:39:10.732362,4,0.0,0,0,0,0.0,48.46
2026-07-18T16:39:10.736276,3,0.0,0,0,0,259.9,48.46
2026-07-18T16:39:10.737249,1,0.0,0,0,0,0.0,48.46
2026-07-18T16:39:10.738887,2,0.0,0,0,0,0.0,48.46
2026-07-18T16:39:12.736980,4,0.0,0,0,0,0.5,48.46
2026-07-18T16:39:12.740999,2,0.0,0,0,0,0.0,48.46
2026-07-18T16:39:12.741634,3,0.0,0,0,0,0.0,48.46
2026-07-18T16:39:12.741906,1,0.0,0,0,0,0.0,48.46
2026-07-18T16:39:14.738780,4,0.0,0,0,0,0.0,48.46
2026-07-18T16:39:14.795226,1,0.0,0,0,0,17.5,48.46
2026-07-18T16:39:14.795426,3,0.0,0,0,0,0.0,48.46
2026-07-18T16:39:14.796170,2,0.0,0,0,0,0.0,48.46
2026-07-18T16:39:16.739930,4,0.0,0,0,0,0.0,48.46
2026-07-18T16:39:16.740346,3,0.0,0,0,0,0.0,48.46
2026-07-18T16:39:16.740423,2,0.0,0,0,0,0.0,48.46
2026-07-18T16:39:16.740487,1,0.0,0,0,0,0.0,48.46
2026-07-18T16:39:18.743500,4,0.0,0,0,0,0.0,48.46
2026-07-18T16:39:18.744943,2,0.0,0,0,0,0.0,48.46
2026-07-18T16:39:18.745082,1,0.0,0,0,0,0.0,48.46
2026-07-18T16:39:18.745344,3,0.0,0,0,0,0.0,48.46
2026-07-18T16:39:20.747673,2,0.0,0,0,0,0.5,48.46
2026-07-18T16:39:20.747938,3,0.0,0,0,0,0.0,48.46
2026-07-18T16:39:20.748421,1,0.0,0,0,0,0.0,48.46
2026-07-18T16:39:20.748858,4,0.0,0,0,0,0.0,48.46
2026-07-18T16:39:22.747832,4,0.0,0,0,0,0.5,48.46
2026-07-18T16:39:22.747942,1,0.0,0,0,0,0.0,48.46
2026-07-18T16:39:22.748225,2,0.0,0,0,0,0.0,48.46
2026-07-18T16:39:22.748299,3,0.0,0,0,0,0.0,48.46
2026-07-18T16:39:24.750504,4,0.0,0,0,0,0.0,48.46
2026-07-18T16:39:24.752284,2,0.0,0,0,0,0.0,48.46
2026-07-18T16:39:24.752561,1,0.0,0,0,0,0.0,48.46
2026-07-18T16:39:24.753149,3,0.0,0,0,0,0.0,48.46
2026-07-18T16:39:26.765380,1,0.0,0,0,0,0.5,48.46
2026-07-18T16:39:26.766067,3,0.0,0,0,0,0.0,48.46
2026-07-18T16:39:26.766360,4,0.0,0,0,0,0.0,48.46
2026-07-18T16:39:26.767159,2,0.0,0,0,0,0.0,48.46
2026-07-18T16:39:28.758907,4,0.0,0,0,0,0.5,48.46
2026-07-18T16:39:28.759166,1,0.0,0,0,0,0.0,48.46
2026-07-18T16:39:28.760442,3,0.0,0,0,0,0.0,48.46
2026-07-18T16:39:28.760962,2,0.0,0,0,0,0.0,48.46
2026-07-18T16:39:30.761186,4,0.0,0,0,0,0.0,48.46
2026-07-18T16:39:30.762944,2,0.0,0,0,0,0.0,48.46
2026-07-18T16:39:30.763227,3,0.0,0,0,0,0.0,48.46
2026-07-18T16:39:30.763423,1,0.0,0,0,0,0.0,48.46
2026-07-18T16:39:32.771617,3,0.0,0,0,0,0.5,48.46
2026-07-18T16:39:32.771918,2,0.0,0,0,0,0.0,48.46
2026-07-18T16:39:32.772114,4,0.0,0,0,0,0.0,48.46
2026-07-18T16:39:32.772296,1,0.0,0,0,0,0.0,48.46
2026-07-18T16:39:34.776428,4,0.0,0,0,0,0.5,48.46
2026-07-18T16:39:34.780122,1,0.0,0,0,0,0.0,48.46
2026-07-18T16:39:34.784276,3,0.0,0,0,0,0.0,48.46
2026-07-18T16:39:34.785335,2,0.0,0,0,0,0.0,48.46
2026-07-18T16:39:36.771139,4,0.0,0,0,0,0.5,48.46
2026-07-18T16:39:36.771246,1,0.0,0,0,0,0.0,48.46
2026-07-18T16:39:36.771725,2,0.0,0,0,0,0.0,48.46
2026-07-18T16:39:36.771821,3,0.0,0,0,0,0.0,48.46
2026-07-18T16:39:38.774243,4,0.0,0,0,0,0.0,48.46
2026-07-18T16:39:38.774754,1,0.0,0,0,0,0.0,48.46
2026-07-18T16:39:38.776064,2,0.0,0,0,0,0.0,48.46
2026-07-18T16:39:38.776224,3,0.0,0,0,0,0.0,48.46
2026-07-18T16:39:40.777152,1,0.0,0,0,0,0.0,48.46
2026-07-18T16:39:40.777479,4,0.0,0,0,0,0.0,48.46
2026-07-18T16:39:40.778056,3,0.0,0,0,0,0.0,48.46
2026-07-18T16:39:40.778314,2,0.0,0,0,0,0.0,48.46
2026-07-18T16:39:42.784332,4,0.0,0,0,0,0.5,48.46
2026-07-18T16:39:42.786165,3,0.0,0,0,0,712.0,48.46
2026-07-18T16:39:42.786857,1,0.0,0,0,0,0.0,48.46
2026-07-18T16:39:42.787132,2,0.0,0,0,0,0.0,48.46
2026-07-18T16:39:44.782320,3,0.0,0,0,0,0.0,48.46
2026-07-18T16:39:44.782487,4,0.0,0,0,0,0.0,48.46
2026-07-18T16:39:44.782593,1,0.0,0,0,0,0.0,48.46
2026-07-18T16:39:44.783369,2,0.0,0,0,0,0.0,48.46
2026-07-18T16:39:46.784929,4,0.0,0,0,0,0.5,48.46
2026-07-18T16:39:46.785129,1,0.0,0,0,0,0.0,48.46
2026-07-18T16:39:46.786229,2,0.0,0,0,0,0.0,48.46
2026-07-18T16:39:46.786400,3,0.0,0,0,0,0.0,48.46
2026-07-18T16:39:48.806362,1,0.0,0,0,0,0.0,48.46
2026-07-18T16:39:48.806638,3,0.0,0,0,0,0.0,48.46
2026-07-18T16:39:48.806765,4,0.0,0,0,0,0.0,48.46
2026-07-18T16:39:48.807714,2,0.0,0,0,0,0.0,48.46
2026-07-18T16:39:50.808424,1,0.0,0,0,0,0.5,48.46
2026-07-18T16:39:50.809110,4,0.0,0,0,0,0.0,48.46
2026-07-18T16:39:50.809282,3,0.0,0,0,0,0.0,48.46
2026-07-18T16:39:50.814249,2,0.0,0,0,0,0.0,48.46
2026-07-18T16:39:52.808536,1,0.0,0,0,0,0.5,48.46
2026-07-18T16:39:52.809308,4,0.0,0,0,0,0.0,48.46
2026-07-18T16:39:52.811364,2,0.0,0,0,0,0.0,48.46
2026-07-18T16:39:52.812746,3,0.0,0,0,0,0.0,48.46
2026-07-18T16:39:54.808794,1,0.0,0,0,0,0.5,48.46
2026-07-18T16:39:54.810012,4,0.0,0,0,0,0.0,48.46
2026-07-18T16:39:54.812293,2,0.0,0,0,0,0.0,48.46
2026-07-18T16:39:54.813341,3,0.0,0,0,0,0.0,48.46
2026-07-18T16:39:56.811405,4,0.0,0,0,0,0.0,48.46
2026-07-18T16:39:56.812407,1,0.0,0,0,0,0.0,48.46
2026-07-18T16:39:56.813096,3,0.0,0,0,0,0.0,48.46
2026-07-18T16:39:56.813206,2,0.0,0,0,0,0.0,48.46
2026-07-18T16:39:58.820223,1,0.0,0,0,0,0.5,48.46
2026-07-18T16:39:58.821209,4,0.0,0,0,0,0.0,48.46
2026-07-18T16:39:58.821964,3,0.0,0,0,0,0.0,48.46
2026-07-18T16:39:58.823550,2,0.0,0,0,0,0.0,48.46
2026-07-18T16:40:00.827504,3,0.0,0,0,0,0.5,48.46
2026-07-18T16:40:00.828849,1,0.0,0,0,0,0.0,48.46
2026-07-18T16:40:00.829137,4,0.0,0,0,0,0.0,48.46
2026-07-18T16:40:00.833974,2,0.0,0,0,0,240.4,48.46
2026-07-18T16:40:02.828153,4,0.0,0,0,0,0.0,48.46
2026-07-18T16:40:02.829056,1,0.0,0,0,0,0.0,48.46
2026-07-18T16:40:02.830951,3,0.0,0,0,0,0.0,48.46
2026-07-18T16:40:02.831325,2,0.0,0,0,0,0.0,48.46
2026-07-18T16:40:04.832138,4,0.0,0,0,0,0.5,48.46
2026-07-18T16:40:04.832999,2,0.0,0,0,0,0.0,48.46
2026-07-18T16:40:04.833263,3,0.0,0,0,0,0.0,48.46
2026-07-18T16:40:04.833847,1,0.0,0,0,0,0.0,48.46
2026-07-18T16:40:06.834403,4,0.0,0,0,0,0.5,48.46
2026-07-18T16:40:06.838154,1,0.0,0,0,0,0.0,48.46
2026-07-18T16:40:06.839247,2,0.0,0,0,0,0.0,48.46
2026-07-18T16:40:06.840679,3,0.0,0,0,0,0.0,48.46
2026-07-18T16:40:08.837744,4,0.0,0,0,0,0.0,48.46
2026-07-18T16:40:08.842881,1,0.0,0,0,0,180.6,48.46
2026-07-18T16:40:08.843214,2,0.0,0,0,0,0.0,48.46
2026-07-18T16:40:08.843804,3,0.0,0,0,0,0.0,48.46
2026-07-18T16:40:10.839118,4,0.0,0,0,0,0.0,48.46
2026-07-18T16:40:10.843034,3,0.0,0,0,0,0.0,48.46
2026-07-18T16:40:10.843491,2,0.0,0,0,0,0.0,48.46
2026-07-18T16:40:10.844267,1,0.0,0,0,0,0.0,48.46
2026-07-18T16:40:12.844837,4,0.0,0,0,0,1.0,48.46
2026-07-18T16:40:12.848669,1,0.0,0,0,0,0.0,48.46
2026-07-18T16:40:12.851157,3,0.0,0,0,0,0.0,48.46
2026-07-18T16:40:12.851378,2,0.0,0,0,0,0.0,48.46
2026-07-18T16:40:14.845636,4,0.0,0,0,0,0.0,48.46
2026-07-18T16:40:14.846950,1,0.0,0,0,0,775.1,48.46
2026-07-18T16:40:14.847126,3,0.0,0,0,0,0.0,48.46
2026-07-18T16:40:14.847233,2,0.0,0,0,0,0.0,48.46
2026-07-18T16:40:16.850299,4,0.0,0,0,0,0.0,48.46
2026-07-18T16:40:16.851180,1,0.0,0,0,0,0.0,48.46
2026-07-18T16:40:16.853884,2,0.0,0,0,0,0.0,48.46
2026-07-18T16:40:16.854268,3,0.0,0,0,0,0.0,48.46
2026-07-18T16:40:18.855103,4,0.0,0,0,0,1.0,48.46
2026-07-18T16:40:18.859388,2,0.0,0,0,0,0.0,48.46
2026-07-18T16:40:18.861013,1,0.0,0,0,0,0.0,48.46
2026-07-18T16:40:18.861435,3,0.0,0,0,0,0.0,48.46
2026-07-18T16:40:20.857100,4,0.0,0,0,0,0.0,48.46
2026-07-18T16:40:20.859885,1,0.0,0,0,0,0.0,48.46
2026-07-18T16:40:20.860193,3,0.0,0,0,0,1217.4,48.46
2026-07-18T16:40:20.860826,2,0.0,0,0,0,0.0,48.46
2026-07-18T16:40:22.855518,4,0.0,0,0,0,0.0,48.46
2026-07-18T16:40:22.857657,3,0.0,0,0,0,0.0,48.46
2026-07-18T16:40:22.857854,1,0.0,0,0,0,0.0,48.46
2026-07-18T16:40:22.857972,2,0.0,0,0,0,0.0,48.46
2026-07-18T16:40:24.863514,4,0.0,0,0,0,0.0,48.46
2026-07-18T16:40:24.865962,2,0.0,0,0,0,325.4,48.46
2026-07-18T16:40:24.866868,1,0.0,0,0,0,0.0,48.46
2026-07-18T16:40:24.867255,3,0.0,0,0,0,0.0,48.46
2026-07-18T16:40:26.871110,2,0.0,0,0,0,0.0,48.46
2026-07-18T16:40:26.872133,4,0.0,0,0,0,857.1,48.46
2026-07-18T16:40:26.873084,3,0.0,0,0,0,0.0,48.46
2026-07-18T16:40:26.874141,1,0.0,0,0,0,0.0,48.46
2026-07-18T16:40:28.868530,4,0.0,0,0,0,0.5,48.46
2026-07-18T16:40:28.874939,2,0.0,0,0,0,0.0,48.46
2026-07-18T16:40:28.875878,1,0.0,0,0,0,0.0,48.46
2026-07-18T16:40:28.877063,3,0.0,0,0,0,0.0,48.46
2026-07-18T16:40:30.873162,1,0.0,0,0,0,0.5,48.46
2026-07-18T16:40:30.873374,4,0.0,0,0,0,0.0,48.46
2026-07-18T16:40:30.873521,3,0.0,0,0,0,0.0,48.46
2026-07-18T16:40:30.874941,2,0.0,0,0,0,0.0,48.46
2026-07-18T16:40:32.878774,1,0.0,0,0,0,0.5,48.46
2026-07-18T16:40:32.879824,4,0.0,0,0,0,0.0,48.46
2026-07-18T16:40:32.883881,2,0.0,0,0,0,0.0,48.46
2026-07-18T16:40:32.884674,3,0.0,0,0,0,0.0,48.46
2026-07-18T16:40:34.878354,4,0.0,0,0,0,0.5,48.46
2026-07-18T16:40:34.879121,1,0.0,0,0,0,0.0,48.46
2026-07-18T16:40:34.880472,3,0.0,0,0,0,0.0,48.46
2026-07-18T16:40:34.880950,2,0.0,0,0,0,0.0,48.46
2026-07-18T16:40:36.890457,3,0.0,0,0,0,0.5,48.46
2026-07-18T16:40:36.891606,1,0.0,0,0,0,0.0,48.46
2026-07-18T16:40:36.892657,4,0.0,0,0,0,0.0,48.46
2026-07-18T16:40:36.895251,2,0.0,0,0,0,0.0,48.46
2026-07-18T16:40:38.884347,4,0.0,0,0,0,0.5,48.46
2026-07-18T16:40:38.887153,1,0.0,0,0,0,0.0,48.46
2026-07-18T16:40:38.888116,3,0.0,0,0,0,0.0,48.46
2026-07-18T16:40:38.888908,2,0.0,0,0,0,0.0,48.46
2026-07-18T16:40:40.887444,4,0.0,0,0,0,0.0,48.46
2026-07-18T16:40:40.889042,3,0.0,0,0,0,627.6,48.46
2026-07-18T16:40:40.889236,1,0.0,0,0,0,0.0,48.46
2026-07-18T16:40:40.889354,2,0.0,0,0,0,0.0,48.46
2026-07-18T16:40:42.889880,4,0.0,0,0,0,0.5,48.46
2026-07-18T16:40:42.891341,1,0.0,0,0,0,0.0,48.46
2026-07-18T16:40:42.891749,2,0.0,0,0,0,0.0,48.46
2026-07-18T16:40:42.891922,3,0.0,0,0,0,0.0,48.46
2026-07-18T16:40:44.895596,4,0.0,0,0,0,0.0,48.46
2026-07-18T16:40:44.899466,1,0.0,0,0,0,256.9,48.46
2026-07-18T16:40:44.900876,3,0.0,0,0,0,0.0,48.46
2026-07-18T16:40:44.901878,2,0.0,0,0,0,0.0,48.46
2026-07-18T16:40:46.897693,3,0.0,0,0,0,0.0,48.46
2026-07-18T16:40:46.898536,1,0.0,0,0,0,0.0,48.46
2026-07-18T16:40:46.899469,4,0.0,0,0,0,0.0,48.46
2026-07-18T16:40:46.901195,2,0.0,0,0,0,0.0,48.46
2026-07-18T16:40:48.900882,4,0.0,0,0,0,0.5,48.46
2026-07-18T16:40:48.904815,3,0.0,0,0,0,0.0,48.46
2026-07-18T16:40:48.905148,2,0.0,0,0,0,0.0,48.46
2026-07-18T16:40:48.905330,1,0.0,0,0,0,0.0,48.46
2026-07-18T16:40:50.901632,4,0.0,0,0,0,0.5,48.46
2026-07-18T16:40:50.901815,3,0.0,0,0,0,0.0,48.46
2026-07-18T16:40:50.901927,1,0.0,0,0,0,0.0,48.46
2026-07-18T16:40:50.902853,2,0.0,0,0,0,0.0,48.46
2026-07-18T16:40:52.907389,3,0.0,0,0,0,0.5,48.46
2026-07-18T16:40:52.907622,4,0.0,0,0,0,0.0,48.46
2026-07-18T16:40:52.907788,1,0.0,0,0,0,0.0,48.46
2026-07-18T16:40:52.909008,2,0.0,0,0,0,0.0,48.46
2026-07-18T16:40:54.907357,3,0.0,0,0,0,0.0,48.46
2026-07-18T16:40:54.907551,4,0.0,0,0,0,0.0,48.46
2026-07-18T16:40:54.908064,1,0.0,0,0,0,0.0,48.46
2026-07-18T16:40:54.909056,2,0.0,0,0,0,0.0,48.46
2026-07-18T16:40:56.910309,4,0.0,0,0,0,0.0,48.46
2026-07-18T16:40:56.912223,2,0.0,0,0,0,0.0,48.46
2026-07-18T16:40:56.912748,1,0.0,0,0,0,0.0,48.46
2026-07-18T16:40:56.912933,3,0.0,0,0,0,0.0,48.46
2026-07-18T16:40:58.912870,4,0.0,0,0,0,0.5,48.46
2026-07-18T16:40:58.916123,1,0.0,0,0,0,0.0,48.46
2026-07-18T16:40:58.916770,3,0.0,0,0,0,0.0,48.46
2026-07-18T16:40:58.917083,2,0.0,0,0,0,0.0,48.46
2026-07-18T16:41:00.916803,4,0.0,0,0,0,0.0,48.46
2026-07-18T16:41:00.918517,2,0.0,0,0,0,0.0,48.46
2026-07-18T16:41:00.919226,3,0.0,0,0,0,0.0,48.46
2026-07-18T16:41:00.919504,1,0.0,0,0,0,0.0,48.46
2026-07-18T16:41:02.920804,4,0.0,0,0,0,0.5,48.46
2026-07-18T16:41:02.923873,3,0.0,0,0,0,0.0,48.46
2026-07-18T16:41:02.924258,1,0.0,0,0,0,0.0,48.46
2026-07-18T16:41:02.925169,2,0.0,0,0,0,0.0,48.46
2026-07-18T16:41:04.928364,1,0.0,0,0,0,0.5,48.46
2026-07-18T16:41:04.929367,3,0.0,0,0,0,0.0,48.46
2026-07-18T16:41:04.930179,4,0.0,0,0,0,1054.4,48.46
2026-07-18T16:41:04.931849,2,0.0,0,0,0,0.0,48.46
2026-07-18T16:41:06.927376,1,0.0,0,0,0,0.5,48.46
2026-07-18T16:41:06.928165,4,0.0,0,0,0,0.0,48.46
2026-07-18T16:41:06.930200,2,0.0,0,0,0,0.0,48.46
2026-07-18T16:41:06.931018,3,0.0,0,0,0,0.0,48.46
2026-07-18T16:41:08.932939,2,0.0,0,0,0,0.0,48.46
2026-07-18T16:41:08.933246,3,0.0,0,0,0,0.0,48.46
2026-07-18T16:41:08.933933,4,0.0,0,0,0,0.0,48.46
2026-07-18T16:41:08.934929,1,0.0,0,0,0,0.0,48.46
2026-07-18T16:41:10.935954,4,0.0,0,0,0,0.5,48.46
2026-07-18T16:41:10.939125,1,0.0,0,0,0,0.0,48.46
2026-07-18T16:41:10.940144,2,0.0,0,0,0,0.0,48.46
2026-07-18T16:41:10.941115,3,0.0,0,0,0,0.0,48.46
2026-07-18T16:41:12.937060,4,0.0,0,0,0,0.5,48.46
2026-07-18T16:41:12.940811,2,0.0,0,0,0,272.5,48.46
2026-07-18T16:41:12.941270,1,0.0,0,0,0,0.0,48.46
2026-07-18T16:41:12.941535,3,0.0,0,0,0,0.0,48.46
2026-07-18T16:41:14.939404,4,0.0,0,0,0,0.0,48.46
2026-07-18T16:41:14.939886,1,0.0,0,0,0,0.0,48.46
2026-07-18T16:41:14.941009,2,0.0,0,0,0,0.0,48.46
2026-07-18T16:41:14.941205,3,0.0,0,0,0,0.0,48.46
2026-07-18T16:41:16.943844,4,0.0,0,0,0,0.5,48.46
2026-07-18T16:41:16.944107,3,0.0,0,0,0,0.0,48.46
2026-07-18T16:41:16.944301,1,0.0,0,0,0,0.0,48.46
2026-07-18T16:41:16.945941,2,0.0,0,0,0,0.0,48.46
2026-07-18T16:41:18.945271,4,0.0,0,0,0,0.0,48.46
2026-07-18T16:41:18.945551,1,0.0,0,0,0,0.0,48.46
2026-07-18T16:41:18.947130,2,0.0,0,0,0,0.0,48.46
2026-07-18T16:41:18.947341,3,0.0,0,0,0,0.0,48.46
2026-07-18T16:41:20.946864,4,0.0,0,0,0,0.5,48.46
2026-07-18T16:41:20.949854,3,0.0,0,0,0,0.0,48.46
2026-07-18T16:41:20.950085,2,0.0,0,0,0,0.0,48.46
2026-07-18T16:41:20.950210,1,0.0,0,0,0,0.0,48.46
2026-07-18T16:41:22.951745,4,0.0,0,0,0,0.0,48.46
2026-07-18T16:41:22.956146,3,0.0,0,0,0,251.2,48.46
2026-07-18T16:41:22.957281,1,0.0,0,0,0,0.0,48.46
2026-07-18T16:41:22.958211,2,0.0,0,0,0,0.0,48.46
2026-07-18T16:41:24.952709,2,0.0,0,0,0,0.5,48.46
2026-07-18T16:41:24.952908,1,0.0,0,0,0,0.0,48.46
2026-07-18T16:41:24.953035,4,0.0,0,0,0,0.0,48.46
2026-07-18T16:41:24.953155,3,0.0,0,0,0,0.0,48.46
2026-07-18T16:41:26.955285,4,0.0,0,0,0,0.0,48.46
2026-07-18T16:41:26.956526,2,0.0,0,0,0,0.0,48.46
2026-07-18T16:41:26.957005,3,0.0,0,0,0,1840.7,48.46
2026-07-18T16:41:26.957114,1,0.0,0,0,0,0.0,48.46
2026-07-18T16:41:28.958546,4,0.0,0,0,0,0.0,48.46
2026-07-18T16:41:28.960129,2,0.0,0,0,0,0.0,48.46
2026-07-18T16:41:28.960692,3,0.0,0,0,0,0.0,48.46
2026-07-18T16:41:28.961040,1,0.0,0,0,0,0.0,48.46
2026-07-18T16:41:30.961332,4,0.0,0,0,0,0.0,48.46
2026-07-18T16:41:30.964200,2,0.0,0,0,0,0.0,48.46
2026-07-18T16:41:30.964906,1,0.0,0,0,0,0.0,48.46
2026-07-18T16:41:30.965709,3,0.0,0,0,0,0.0,48.46
2026-07-18T16:41:32.964494,1,0.0,0,0,0,0.5,48.46
2026-07-18T16:41:32.965599,4,0.0,0,0,0,0.0,48.46
2026-07-18T16:41:32.968812,2,0.0,0,0,0,0.0,48.46
2026-07-18T16:41:32.969024,3,0.0,0,0,0,0.0,48.46
2026-07-18T16:41:34.967344,4,0.0,0,0,0,0.0,48.46
2026-07-18T16:41:34.970043,3,0.0,0,0,0,366.2,48.46
2026-07-18T16:41:34.970568,1,0.0,0,0,0,0.0,48.46
2026-07-18T16:41:34.970948,2,0.0,0,0,0,0.0,48.46
2026-07-18T16:41:36.972392,3,0.0,0,0,0,0.0,48.46
2026-07-18T16:41:36.973198,1,0.0,0,0,0,0.0,48.46
2026-07-18T16:41:36.973978,2,0.0,0,0,0,0.0,48.46
2026-07-18T16:41:36.974395,4,0.0,0,0,0,0.0,48.46
2026-07-18T16:41:38.973661,4,0.0,0,0,0,0.5,48.46
2026-07-18T16:41:38.974424,1,0.0,0,0,0,0.0,48.46
2026-07-18T16:41:38.977413,2,0.0,0,0,0,0.0,48.46
2026-07-18T16:41:38.978939,3,0.0,0,0,0,0.0,48.46
2026-07-18T16:41:40.975321,4,0.0,0,0,0,0.0,48.46
2026-07-18T16:41:40.978189,1,0.0,0,0,0,691.9,48.46
2026-07-18T16:41:40.978843,3,0.0,0,0,0,0.0,48.46
2026-07-18T16:41:40.979017,2,0.0,0,0,0,0.0,48.46
2026-07-18T16:41:42.978031,4,0.0,0,0,0,0.0,48.46
2026-07-18T16:41:42.979766,3,0.0,0,0,0,0.0,48.46
2026-07-18T16:41:42.979998,1,0.0,0,0,0,0.0,48.46
2026-07-18T16:41:42.980740,2,0.0,0,0,0,0.0,48.46
2026-07-18T16:41:44.979911,4,0.0,0,0,0,0.0,48.46
2026-07-18T16:41:44.980067,1,0.0,0,0,0,0.0,48.46
2026-07-18T16:41:44.981109,2,0.0,0,0,0,0.0,48.46
2026-07-18T16:41:44.981291,3,0.0,0,0,0,0.0,48.46
2026-07-18T16:41:46.981996,4,0.0,0,0,0,0.0,48.46
2026-07-18T16:41:46.983776,3,0.0,0,0,0,556.8,48.46
2026-07-18T16:41:46.983932,1,0.0,0,0,0,0.0,48.46
2026-07-18T16:41:46.984035,2,0.0,0,0,0,0.0,48.46
2026-07-18T16:41:48.985576,1,0.0,0,0,0,0.0,48.46
2026-07-18T16:41:48.986188,4,0.0,0,0,0,0.0,48.46
2026-07-18T16:41:48.987559,3,0.0,0,0,0,0.0,48.46
2026-07-18T16:41:48.988091,2,0.0,0,0,0,0.0,48.46
2026-07-18T16:41:50.988202,1,0.0,0,0,0,0.0,48.46
2026-07-18T16:41:50.988407,4,0.0,0,0,0,0.0,48.46
2026-07-18T16:41:50.989967,3,0.0,0,0,0,0.0,48.46
2026-07-18T16:41:50.990252,2,0.0,0,0,0,3433.9,48.46
2026-07-18T16:41:52.990970,4,0.0,0,0,0,0.0,48.46
2026-07-18T16:41:52.992174,2,0.0,0,0,0,0.0,48.46
2026-07-18T16:41:52.992350,1,0.0,0,0,0,0.0,48.46
2026-07-18T16:41:52.992469,3,0.0,0,0,0,0.0,48.46
2026-07-18T16:41:54.994199,1,0.0,0,0,0,0.0,48.46
2026-07-18T16:41:54.994343,2,0.0,0,0,0,0.0,48.46
2026-07-18T16:41:54.994435,4,0.0,0,0,0,0.0,48.46
2026-07-18T16:41:54.994528,3,0.0,0,0,0,0.0,48.46
2026-07-18T16:41:56.996608,3,0.0,0,0,0,0.0,48.46
2026-07-18T16:41:56.997681,4,0.0,0,0,0,1043.3,48.46
2026-07-18T16:41:56.998772,1,0.0,0,0,0,0.0,48.46
2026-07-18T16:41:57.000166,2,0.0,0,0,0,498.8,48.46
2026-07-18T16:41:58.999379,2,0.0,0,0,0,0.0,48.46
2026-07-18T16:41:58.999823,4,0.0,0,0,0,0.0,48.46
2026-07-18T16:41:59.000028,3,0.0,0,0,0,0.0,48.46
2026-07-18T16:41:59.000209,1,0.0,0,0,0,0.0,48.46
2026-07-18T16:42:01.000524,1,0.0,0,0,0,0.0,48.46
2026-07-18T16:42:01.000648,4,0.0,0,0,0,0.0,48.46
2026-07-18T16:42:01.001241,2,0.0,0,0,0,0.0,48.46
2026-07-18T16:42:01.001349,3,0.0,0,0,0,0.0,48.46
2026-07-18T16:42:03.003305,4,0.0,0,0,0,0.0,48.46
2026-07-18T16:42:03.004711,1,0.0,0,0,0,825.5,48.46
2026-07-18T16:42:03.004996,2,0.0,0,0,0,0.0,48.46
2026-07-18T16:42:03.005136,3,0.0,0,0,0,0.0,48.46
2026-07-18T16:42:05.006068,3,0.0,0,0,0,0.0,48.46
2026-07-18T16:42:05.006235,1,0.0,0,0,0,0.0,48.46
2026-07-18T16:42:05.006657,4,0.0,0,0,0,0.0,48.46
2026-07-18T16:42:05.007188,2,0.0,0,0,0,0.0,48.46
2026-07-18T16:42:07.009890,4,0.0,0,0,0,0.0,48.46
2026-07-18T16:42:07.014098,1,0.0,0,0,0,0.0,48.46
2026-07-18T16:42:07.014707,2,0.0,0,0,0,0.0,48.46
2026-07-18T16:42:07.015027,3,0.0,0,0,0,0.0,48.46
2026-07-18T16:42:09.013104,4,0.0,0,0,0,0.5,48.46
2026-07-18T16:42:09.016060,3,0.0,0,0,0,0.0,48.46
2026-07-18T16:42:09.017900,2,0.0,0,0,0,0.0,48.46
2026-07-18T16:42:09.018119,1,0.0,0,0,0,0.0,48.46
2026-07-18T16:42:11.015818,1,0.0,0,0,0,0.0,48.46
2026-07-18T16:42:11.016112,3,0.0,0,0,0,0.0,48.46
2026-07-18T16:42:11.016620,4,0.0,0,0,0,0.0,48.46
2026-07-18T16:42:11.017315,2,0.0,0,0,0,0.0,48.46
2026-07-18T16:42:13.020008,4,0.0,0,0,0,0.5,48.46
2026-07-18T16:42:13.024235,2,0.0,0,0,0,0.0,48.46
2026-07-18T16:42:13.025411,1,0.0,0,0,0,745.5,48.46
2026-07-18T16:42:13.027504,3,0.0,0,0,0,0.0,48.46
2026-07-18T16:42:15.021133,1,0.0,0,0,0,0.5,48.46
2026-07-18T16:42:15.021778,4,0.0,0,0,0,0.0,48.46
2026-07-18T16:42:15.021936,3,0.0,0,0,0,0.0,48.46
2026-07-18T16:42:15.022907,2,0.0,0,0,0,0.0,48.46
2026-07-18T16:42:17.024585,4,0.0,0,0,0,0.0,48.46
2026-07-18T16:42:17.024772,2,0.0,0,0,0,0.0,48.46
2026-07-18T16:42:17.024895,3,0.0,0,0,0,0.0,48.46
2026-07-18T16:42:17.025015,1,0.0,0,0,0,0.0,48.46
2026-07-18T16:42:19.026909,4,0.0,0,0,0,0.0,48.46
2026-07-18T16:42:19.029119,3,0.0,0,0,0,555.4,48.46
2026-07-18T16:42:19.029398,2,0.0,0,0,0,0.0,48.46
2026-07-18T16:42:19.030069,1,0.0,0,0,0,0.0,48.46
2026-07-18T16:42:21.028737,4,0.0,0,0,0,0.0,48.46
2026-07-18T16:42:21.030048,2,0.0,0,0,0,0.0,48.46
2026-07-18T16:42:21.031810,1,0.0,0,0,0,0.0,48.46
2026-07-18T16:42:21.032668,3,0.0,0,0,0,0.0,48.46
2026-07-18T16:42:23.036012,4,0.0,0,0,0,0.0,48.46
2026-07-18T16:42:23.036281,2,0.0,0,0,0,2614.4,48.46
2026-07-18T16:42:23.036797,1,0.0,0,0,0,0.0,48.46
2026-07-18T16:42:23.036977,3,0.0,0,0,0,0.0,48.46
2026-07-18T16:42:25.036409,1,0.0,0,0,0,0.0,48.46
2026-07-18T16:42:25.037294,3,0.0,0,0,0,0.0,48.46
2026-07-18T16:42:25.038094,4,0.0,0,0,0,0.0,48.46
2026-07-18T16:42:25.042249,2,0.0,0,0,0,0.0,48.46
2026-07-18T16:42:27.038141,4,0.0,0,0,0,0.0,48.46
2026-07-18T16:42:27.038485,1,0.0,0,0,0,0.0,48.46
2026-07-18T16:42:27.040069,3,0.0,0,0,0,687.5,48.46
2026-07-18T16:42:27.041930,2,0.0,0,0,0,0.0,48.46
2026-07-18T16:42:29.044997,4,0.0,0,0,0,0.0,48.46
2026-07-18T16:42:29.055019,2,0.0,0,0,0,139.1,48.46
2026-07-18T16:42:29.055337,3,0.0,0,0,0,0.0,48.46
2026-07-18T16:42:29.056197,1,0.0,0,0,0,0.0,48.46
2026-07-18T16:42:31.045945,4,0.0,0,0,0,0.0,48.46
2026-07-18T16:42:31.049290,3,0.0,0,0,0,0.0,48.46
2026-07-18T16:42:31.049475,1,0.0,0,0,0,0.0,48.46
2026-07-18T16:42:31.049926,2,0.0,0,0,0,0.0,48.46
2026-07-18T16:42:33.045337,4,0.0,0,0,0,0.0,48.46
2026-07-18T16:42:33.047162,3,0.0,0,0,0,0.0,48.46
2026-07-18T16:42:33.047298,2,0.0,0,0,0,0.0,48.46
2026-07-18T16:42:33.047393,1,0.0,0,0,0,0.0,48.46
2026-07-18T16:42:35.062742,1,0.0,0,0,0,1.0,48.46
2026-07-18T16:42:35.064100,3,0.0,0,0,0,0.0,48.46
2026-07-18T16:42:35.064448,2,0.0,0,0,0,0.0,48.46
2026-07-18T16:42:35.065073,4,0.0,0,0,0,0.0,48.46
2026-07-18T16:42:37.051721,4,0.0,0,0,0,0.5,48.46
2026-07-18T16:42:37.052183,1,0.0,0,0,0,0.0,48.46
2026-07-18T16:42:37.054634,3,0.0,0,0,0,0.0,48.46
2026-07-18T16:42:37.054938,2,0.0,0,0,0,0.0,48.46
2026-07-18T16:42:39.053810,4,0.0,0,0,0,0.0,48.46
2026-07-18T16:42:39.054800,3,0.0,0,0,0,0.0,48.46
2026-07-18T16:42:39.054994,1,0.0,0,0,0,0.0,48.46
2026-07-18T16:42:39.055192,2,0.0,0,0,0,0.0,48.46
2026-07-18T16:42:41.057117,3,0.0,0,0,0,0.0,48.46
2026-07-18T16:42:41.057294,1,0.0,0,0,0,0.0,48.46
2026-07-18T16:42:41.057411,4,0.0,0,0,0,0.0,48.46
2026-07-18T16:42:41.067437,2,0.0,0,0,0,101.1,48.46
2026-07-18T16:42:43.059412,4,0.0,0,0,0,0.0,48.46
2026-07-18T16:42:43.062101,1,0.0,0,0,0,384.2,48.46
2026-07-18T16:42:43.063965,2,0.0,0,0,0,675.7,48.46
2026-07-18T16:42:43.064597,3,0.0,0,0,0,0.0,48.46
2026-07-18T16:42:45.063028,4,0.0,0,0,0,0.0,48.46
2026-07-18T16:42:45.063275,3,0.0,0,0,0,0.0,48.46
2026-07-18T16:42:45.063404,2,0.0,0,0,0,0.0,48.46
2026-07-18T16:42:45.063510,1,0.0,0,0,0,0.0,48.46
2026-07-18T16:42:47.067348,1,0.0,0,0,0,0.0,48.46
2026-07-18T16:42:47.067953,3,0.0,0,0,0,0.0,48.46
2026-07-18T16:42:47.068143,4,0.0,0,0,0,0.0,48.46
2026-07-18T16:42:47.068286,2,0.0,0,0,0,0.0,48.46
2026-07-18T16:42:49.069440,2,0.0,0,0,0,0.5,48.46
2026-07-18T16:42:49.069636,4,0.0,0,0,0,0.0,48.46
2026-07-18T16:42:49.070758,1,0.0,0,0,0,0.0,48.46
2026-07-18T16:42:49.073945,3,0.0,0,0,0,0.0,48.46
2026-07-18T16:42:51.072006,4,0.0,0,0,0,0.0,48.46
2026-07-18T16:42:51.073812,2,0.0,0,0,0,0.0,48.46
2026-07-18T16:42:51.074024,1,0.0,0,0,0,0.0,48.46
2026-07-18T16:42:51.074144,3,0.0,0,0,0,0.0,48.46
2026-07-18T16:42:53.084228,2,0.0,0,0,0,0.5,48.46
2026-07-18T16:42:53.085241,1,0.0,0,0,0,0.0,48.46
2026-07-18T16:42:53.086525,4,0.0,0,0,0,0.0,48.46
2026-07-18T16:42:53.088038,3,0.0,0,0,0,0.0,48.46
2026-07-18T16:42:55.088740,4,0.0,0,0,0,1.0,48.46
2026-07-18T16:42:55.093084,1,0.0,0,0,0,0.0,48.46
2026-07-18T16:42:55.096925,2,0.0,0,0,0,0.0,48.46
2026-07-18T16:42:55.097852,3,0.0,0,0,0,0.0,48.46
2026-07-18T16:42:57.084287,1,0.0,0,0,0,0.5,48.46
2026-07-18T16:42:57.084884,2,0.0,0,0,0,0.0,48.46
2026-07-18T16:42:57.085142,3,0.0,0,0,0,0.0,48.46
2026-07-18T16:42:57.085785,4,0.0,0,0,0,0.0,48.46
2026-07-18T16:42:59.083284,4,0.0,0,0,0,0.0,48.46
2026-07-18T16:42:59.084923,1,0.0,0,0,0,0.0,48.46
2026-07-18T16:42:59.085161,2,0.0,0,0,0,0.0,48.46
2026-07-18T16:42:59.085286,3,0.0,0,0,0,0.0,48.46
2026-07-18T16:43:01.087267,3,0.0,0,0,0,0.0,48.46
2026-07-18T16:43:01.088543,1,0.0,0,0,0,0.0,48.46
2026-07-18T16:43:01.089485,4,0.0,0,0,0,1154.3,48.46
2026-07-18T16:43:01.090279,2,0.0,0,0,0,0.0,48.46
2026-07-18T16:43:03.089190,3,0.0,0,0,0,0.5,48.46
2026-07-18T16:43:03.089335,2,0.0,0,0,0,0.0,48.46
2026-07-18T16:43:03.089432,4,0.0,0,0,0,0.0,48.46
2026-07-18T16:43:03.089525,1,0.0,0,0,0,0.0,48.46
2026-07-18T16:43:05.092773,4,0.0,0,0,0,0.0,48.46
2026-07-18T16:43:05.093561,3,0.0,0,0,0,0.0,48.46
2026-07-18T16:43:05.093688,2,0.0,0,0,0,0.0,48.46
2026-07-18T16:43:05.094049,1,0.0,0,0,0,0.0,48.46
2026-07-18T16:43:07.095835,4,0.0,0,0,0,0.0,48.46
2026-07-18T16:43:07.097886,1,0.0,0,0,0,0.0,48.46
2026-07-18T16:43:07.098151,3,0.0,0,0,0,0.0,48.46
2026-07-18T16:43:07.098548,2,0.0,0,0,0,0.0,48.46
2026-07-18T16:43:09.096048,4,0.0,0,0,0,0.5,48.46
2026-07-18T16:43:09.097625,2,0.0,0,0,0,0.0,48.46
2026-07-18T16:43:09.097806,3,0.0,0,0,0,0.0,48.46
2026-07-18T16:43:09.097907,1,0.0,0,0,0,0.0,48.46
2026-07-18T16:43:11.100193,4,0.0,0,0,0,0.0,48.46
2026-07-18T16:43:11.103091,2,0.0,0,0,0,0.0,48.46
2026-07-18T16:43:11.103609,1,0.0,0,0,0,0.0,48.46
2026-07-18T16:43:11.104220,3,0.0,0,0,0,0.0,48.46
2026-07-18T16:43:13.103697,4,0.0,0,0,0,0.0,48.46
2026-07-18T16:43:13.107567,1,0.0,0,0,0,237.6,48.46
2026-07-18T16:43:13.108222,2,0.0,0,0,0,0.0,48.46
2026-07-18T16:43:13.108460,3,0.0,0,0,0,0.0,48.46
2026-07-18T16:43:15.106215,1,0.0,0,0,0,0.0,48.46
2026-07-18T16:43:15.106439,3,0.0,0,0,0,0.0,48.46
2026-07-18T16:43:15.107027,4,0.0,0,0,0,0.0,48.46
2026-07-18T16:43:15.108261,2,0.0,0,0,0,0.0,48.46
2026-07-18T16:43:17.121800,4,0.0,0,0,0,1.0,48.46
2026-07-18T16:43:17.122206,1,0.0,0,0,0,0.0,48.46
2026-07-18T16:43:17.125054,2,0.0,0,0,0,0.0,48.46
2026-07-18T16:43:17.125919,3,0.0,0,0,0,0.0,48.46
2026-07-18T16:43:19.125058,4,0.0,0,0,0,0.0,48.46
2026-07-18T16:43:19.125954,3,0.0,0,0,0,1465.8,48.46
2026-07-18T16:43:19.127097,1,0.0,0,0,0,0.0,48.46
2026-07-18T16:43:19.128236,2,0.0,0,0,0,0.0,48.46
2026-07-18T16:43:21.129256,1,0.0,0,0,0,0.0,48.46
2026-07-18T16:43:21.129835,4,0.0,0,0,0,0.0,48.46
2026-07-18T16:43:21.131099,3,0.0,0,0,0,0.0,48.46
2026-07-18T16:43:21.131275,2,0.0,0,0,0,0.0,48.46
2026-07-18T16:43:23.130460,4,0.0,0,0,0,0.5,48.46
2026-07-18T16:43:23.135475,1,0.0,0,0,0,0.0,48.46
2026-07-18T16:43:23.136564,2,0.0,0,0,0,0.0,48.46
2026-07-18T16:43:23.137566,3,0.0,0,0,0,0.0,48.46
2026-07-18T16:43:25.132301,1,0.0,0,0,0,0.5,48.46
2026-07-18T16:43:25.133164,4,0.0,0,0,0,0.0,48.46
2026-07-18T16:43:25.136316,3,0.0,0,0,0,0.0,48.46
2026-07-18T16:43:25.138918,2,0.0,0,0,0,380.7,48.46
2026-07-18T16:43:27.138083,1,0.0,0,0,0,0.0,48.46
2026-07-18T16:43:27.138437,4,0.0,0,0,0,0.0,48.46
2026-07-18T16:43:27.140163,2,0.0,0,0,0,0.0,48.46
2026-07-18T16:43:27.140434,3,0.0,0,0,0,0.0,48.46
2026-07-18T16:43:29.143187,1,0.0,0,0,0,0.5,48.46
2026-07-18T16:43:29.144051,4,0.0,0,0,0,0.0,48.46
2026-07-18T16:43:29.146348,3,0.0,0,0,0,0.0,48.46
2026-07-18T16:43:29.146624,2,0.0,0,0,0,0.0,48.46
2026-07-18T16:43:31.144259,3,0.0,0,0,0,0.5,48.46
2026-07-18T16:43:31.145009,4,0.0,0,0,0,0.0,48.46
2026-07-18T16:43:31.145189,1,0.0,0,0,0,0.0,48.46
2026-07-18T16:43:31.146194,2,0.0,0,0,0,0.0,48.46
2026-07-18T16:43:33.146469,1,0.0,0,0,0,0.0,48.46
2026-07-18T16:43:33.146736,4,0.0,0,0,0,0.0,48.46
2026-07-18T16:43:33.147732,3,0.0,0,0,0,0.0,48.46
2026-07-18T16:43:33.148076,2,0.0,0,0,0,0.0,48.46
2026-07-18T16:43:35.150154,4,0.0,0,0,0,0.0,48.46
2026-07-18T16:43:35.152677,2,0.0,0,0,0,894.2,48.46
2026-07-18T16:43:35.152992,1,0.0,0,0,0,0.0,48.46
2026-07-18T16:43:35.153218,3,0.0,0,0,0,0.0,48.46
2026-07-18T16:43:37.151950,4,0.0,0,0,0,0.0,48.46
2026-07-18T16:43:37.156025,1,0.0,0,0,0,0.0,48.46
2026-07-18T16:43:37.156243,2,0.0,0,0,0,0.0,48.46
2026-07-18T16:43:37.156383,3,0.0,0,0,0,0.0,48.46
2026-07-18T16:43:39.154637,4,0.0,0,0,0,6.0,48.46
2026-07-18T16:43:39.159430,1,0.0,0,0,0,212.5,48.46
2026-07-18T16:43:39.160041,2,0.0,0,0,0,0.0,48.46
2026-07-18T16:43:39.160293,3,0.0,0,0,0,0.0,48.46
2026-07-18T16:43:41.157189,4,0.0,0,0,0,0.0,48.46
2026-07-18T16:43:41.159626,3,0.0,0,0,0,0.0,48.46
2026-07-18T16:43:41.159881,2,0.0,0,0,0,0.0,48.46
2026-07-18T16:43:41.159997,1,0.0,0,0,0,0.0,48.46
2026-07-18T16:43:43.159372,4,0.0,0,0,0,0.0,48.46
2026-07-18T16:43:43.162118,2,0.0,0,0,0,0.0,48.46
2026-07-18T16:43:43.162571,3,0.0,0,0,0,0.0,48.46
2026-07-18T16:43:43.162900,1,0.0,0,0,0,0.0,48.46
2026-07-18T16:43:45.164872,4,0.0,0,0,0,0.5,48.46
2026-07-18T16:43:45.165145,3,0.0,0,0,0,0.0,48.46
2026-07-18T16:43:45.165653,2,0.0,0,0,0,0.0,48.46
2026-07-18T16:43:45.165875,1,0.0,0,0,0,0.0,48.46
2026-07-18T16:43:47.170674,4,0.0,0,0,0,0.0,48.46
2026-07-18T16:43:47.174205,2,0.0,0,0,0,262.2,48.46
2026-07-18T16:43:47.174597,1,0.0,0,0,0,0.0,48.46
2026-07-18T16:43:47.175606,3,0.0,0,0,0,0.0,48.46
2026-07-18T16:43:49.178857,4,0.0,0,0,0,0.5,48.46
2026-07-18T16:43:49.183491,2,0.0,0,0,0,0.0,48.46
2026-07-18T16:43:49.184395,3,0.0,0,0,0,0.0,48.46
2026-07-18T16:43:49.185306,1,0.0,0,0,0,0.0,48.46
2026-07-18T16:43:51.175138,4,0.0,0,0,0,0.0,48.46
2026-07-18T16:43:51.176979,3,0.0,0,0,0,510.9,48.46
2026-07-18T16:43:51.177215,1,0.0,0,0,0,0.0,48.46
2026-07-18T16:43:51.178169,2,0.0,0,0,0,0.0,48.46
2026-07-18T16:43:53.177563,1,0.0,0,0,0,0.0,48.46
2026-07-18T16:43:53.177740,4,0.0,0,0,0,0.0,48.46
2026-07-18T16:43:53.180020,3,0.0,0,0,0,0.0,48.46
2026-07-18T16:43:53.180875,2,0.0,0,0,0,0.0,48.46
2026-07-18T16:43:55.182122,1,0.0,0,0,0,1.0,48.46
2026-07-18T16:43:55.182800,4,0.0,0,0,0,0.0,48.46
2026-07-18T16:43:55.184051,3,0.0,0,0,0,0.0,48.46
2026-07-18T16:43:55.184237,2,0.0,0,0,0,0.0,48.46
2026-07-18T16:43:57.184242,1,0.0,0,0,0,0.0,48.46
2026-07-18T16:43:57.184975,4,0.0,0,0,0,0.0,48.46
2026-07-18T16:43:57.187174,2,0.0,0,0,0,0.0,48.46
2026-07-18T16:43:57.187858,3,0.0,0,0,0,0.0,48.46
2026-07-18T16:43:59.185666,4,0.0,0,0,0,0.5,48.46
2026-07-18T16:43:59.187505,3,0.0,0,0,0,0.0,48.46
2026-07-18T16:43:59.188119,2,0.0,0,0,0,0.0,48.46
2026-07-18T16:43:59.188336,1,0.0,0,0,0,0.0,48.46
2026-07-18T16:44:01.188873,3,0.0,0,0,0,0.0,48.46
2026-07-18T16:44:01.190048,2,0.0,0,0,0,0.0,48.46
2026-07-18T16:44:01.190813,4,0.0,0,0,0,0.0,48.46
2026-07-18T16:44:01.191038,1,0.0,0,0,0,0.0,48.46
2026-07-18T16:44:03.191155,1,0.0,0,0,0,0.5,48.46
2026-07-18T16:44:03.191352,4,0.0,0,0,0,0.0,48.46
2026-07-18T16:44:03.192420,2,0.0,0,0,0,0.0,48.46
2026-07-18T16:44:03.192601,3,0.0,0,0,0,0.0,48.46
2026-07-18T16:44:05.193889,4,0.0,0,0,0,0.0,48.46
2026-07-18T16:44:05.194227,3,0.0,0,0,0,0.0,48.46
2026-07-18T16:44:05.194392,1,0.0,0,0,0,0.0,48.46
2026-07-18T16:44:05.195744,2,0.0,0,0,0,0.0,48.46
2026-07-18T16:44:07.196939,4,0.0,0,0,0,0.0,48.46
2026-07-18T16:44:07.200202,2,0.0,0,0,0,313.1,48.46
2026-07-18T16:44:07.200461,1,0.0,0,0,0,0.0,48.46
2026-07-18T16:44:07.200967,3,0.0,0,0,0,0.0,48.46
2026-07-18T16:44:09.198568,4,0.0,0,0,0,0.0,48.46
2026-07-18T16:44:09.199554,2,0.0,0,0,0,0.0,48.46
2026-07-18T16:44:09.199927,1,0.0,0,0,0,0.0,48.46
2026-07-18T16:44:09.200067,3,0.0,0,0,0,0.0,48.46
2026-07-18T16:44:11.199834,4,0.0,0,0,0,0.0,48.46
2026-07-18T16:44:11.202044,2,0.0,0,0,0,0.0,48.46
2026-07-18T16:44:11.202196,3,0.0,0,0,0,0.0,48.46
2026-07-18T16:44:11.202597,1,0.0,0,0,0,0.0,48.46
2026-07-18T16:44:13.218650,1,0.0,0,0,0,1.0,48.46
2026-07-18T16:44:13.219071,4,0.0,0,0,0,1040.7,48.46
2026-07-18T16:44:13.221232,2,0.0,0,0,0,0.0,48.46
2026-07-18T16:44:13.222073,3,0.0,0,0,0,0.0,48.46
2026-07-18T16:44:15.221269,2,0.0,0,0,0,0.0,48.46
2026-07-18T16:44:15.224100,3,0.0,0,0,0,0.0,48.46
2026-07-18T16:44:15.225249,1,0.0,0,0,0,0.0,48.46
2026-07-18T16:44:15.226488,4,0.0,0,0,0,884.8,48.46
2026-07-18T16:44:17.223462,3,0.0,0,0,0,0.0,48.46
2026-07-18T16:44:17.225219,4,0.0,0,0,0,0.0,48.46
2026-07-18T16:44:17.227430,1,0.0,0,0,0,0.0,48.46
2026-07-18T16:44:17.229319,2,0.0,0,0,0,349.9,48.46
2026-07-18T16:44:19.223418,4,0.0,0,0,0,0.0,48.46
2026-07-18T16:44:19.223620,1,0.0,0,0,0,0.0,48.46
2026-07-18T16:44:19.226112,2,0.0,0,0,0,0.0,48.46
2026-07-18T16:44:19.226861,3,0.0,0,0,0,0.0,48.46
2026-07-18T16:44:21.229993,4,0.0,0,0,0,1.0,48.46
2026-07-18T16:44:21.234111,1,0.0,0,0,0,0.0,48.46
2026-07-18T16:44:21.235133,2,0.0,0,0,0,0.0,48.46
2026-07-18T16:44:21.236150,3,0.0,0,0,0,0.0,48.46
2026-07-18T16:44:23.232742,4,0.0,0,0,0,0.0,48.46
2026-07-18T16:44:23.236248,1,0.0,0,0,0,262.8,48.46
2026-07-18T16:44:23.237127,2,0.0,0,0,0,0.0,48.46
2026-07-18T16:44:23.237825,3,0.0,0,0,0,0.0,48.46
2026-07-18T16:44:25.235783,4,0.0,0,0,0,0.0,48.46
2026-07-18T16:44:25.241486,3,0.0,0,0,0,165.9,48.46
2026-07-18T16:44:25.244600,2,0.0,0,0,0,0.0,48.46
2026-07-18T16:44:25.246555,1,0.0,0,0,0,0.0,48.46
2026-07-18T16:44:27.237202,4,0.0,0,0,0,0.0,48.46
2026-07-18T16:44:27.237496,1,0.0,0,0,0,0.0,48.46
2026-07-18T16:44:27.237882,3,0.0,0,0,0,0.0,48.46
2026-07-18T16:44:27.238090,2,0.0,0,0,0,0.0,48.46
2026-07-18T16:44:29.241039,4,0.0,0,0,0,1.0,48.46
2026-07-18T16:44:29.244107,2,0.0,0,0,0,0.0,48.46
2026-07-18T16:44:29.244510,1,0.0,0,0,0,0.0,48.46
2026-07-18T16:44:29.245033,3,0.0,0,0,0,0.0,48.46
2026-07-18T16:44:31.243986,4,0.0,0,0,0,0.5,48.46
2026-07-18T16:44:31.249335,1,0.0,0,0,0,0.0,48.46
2026-07-18T16:44:31.250111,2,0.0,0,0,0,0.0,48.46
2026-07-18T16:44:31.251064,3,0.0,0,0,0,0.0,48.46
2026-07-18T16:44:33.252419,2,0.0,0,0,0,0.5,48.46
2026-07-18T16:44:33.253366,1,0.0,0,0,0,0.0,48.46
2026-07-18T16:44:33.254945,4,0.0,0,0,0,0.0,48.46
2026-07-18T16:44:33.258354,3,0.0,0,0,0,0.0,48.46
2026-07-18T16:44:35.257015,4,0.0,0,0,0,0.5,48.46
2026-07-18T16:44:35.257413,1,0.0,0,0,0,0.0,48.46
2026-07-18T16:44:35.266963,2,0.0,0,0,0,0.0,48.46
2026-07-18T16:44:35.267380,3,0.0,0,0,0,0.0,48.46
2026-07-18T16:44:37.251959,4,0.0,0,0,0,0.0,48.46
2026-07-18T16:44:37.254390,2,0.0,0,0,0,360.0,48.46
2026-07-18T16:44:37.254550,1,0.0,0,0,0,0.0,48.46
2026-07-18T16:44:37.254663,3,0.0,0,0,0,0.0,48.46
2026-07-18T16:44:39.270184,4,0.0,0,0,0,0.5,48.46
2026-07-18T16:44:39.284180,3,0.0,0,0,0,61.0,48.46
2026-07-18T16:44:39.289192,1,0.0,0,0,0,0.0,48.46
2026-07-18T16:44:39.290373,2,0.0,0,0,0,336.2,48.46
2026-07-18T16:44:41.261893,4,0.0,0,0,0,0.0,48.46
2026-07-18T16:44:41.262179,1,0.0,0,0,0,0.0,48.46
2026-07-18T16:44:41.263914,2,0.0,0,0,0,0.0,48.46
2026-07-18T16:44:41.264174,3,0.0,0,0,0,0.0,48.46
2026-07-18T16:44:43.266573,1,0.0,0,0,0,0.0,48.46
2026-07-18T16:44:43.266863,4,0.0,0,0,0,735.5,48.46
2026-07-18T16:44:43.267044,3,0.0,0,0,0,0.0,48.46
2026-07-18T16:44:43.267185,2,0.0,0,0,0,0.0,48.46
2026-07-18T16:44:45.301578,2,0.0,0,0,0,0.0,48.46
2026-07-18T16:44:45.301927,4,0.0,0,0,0,0.0,48.46
2026-07-18T16:44:45.302085,1,0.0,0,0,0,0.0,48.46
2026-07-18T16:44:45.302194,3,0.0,0,0,0,0.0,48.46
2026-07-18T16:44:47.322864,4,0.0,0,0,0,0.0,48.46
2026-07-18T16:44:47.323256,1,0.0,0,0,0,0.0,48.46
2026-07-18T16:44:47.330056,3,0.0,0,0,0,201.2,48.46
2026-07-18T16:44:47.330995,2,0.0,0,0,0,0.0,48.46
2026-07-18T16:44:49.308669,2,0.0,0,0,0,0.0,48.46
2026-07-18T16:44:49.308851,3,0.0,0,0,0,0.0,48.46
2026-07-18T16:44:49.309316,4,0.0,0,0,0,0.0,48.46
2026-07-18T16:44:49.309443,1,0.0,0,0,0,0.0,48.46
2026-07-18T16:44:51.317958,2,0.0,0,0,0,0.0,48.46
2026-07-18T16:44:51.323711,3,0.0,0,0,0,625.6,48.46
2026-07-18T16:44:51.324121,4,0.0,0,0,0,0.0,48.46
2026-07-18T16:44:51.325096,1,0.0,0,0,0,0.0,48.46
2026-07-18T16:44:53.314747,1,0.0,0,0,0,0.0,48.46
2026-07-18T16:44:53.314986,4,0.0,0,0,0,0.0,48.46
2026-07-18T16:44:53.315118,3,0.0,0,0,0,0.0,48.46
2026-07-18T16:44:53.316288,2,0.0,0,0,0,0.0,48.46
2026-07-18T16:44:55.317048,4,0.0,0,0,0,0.5,48.46
2026-07-18T16:44:55.318571,2,0.0,0,0,0,0.0,48.46
2026-07-18T16:44:55.319225,3,0.0,0,0,0,0.0,48.46
2026-07-18T16:44:55.319684,1,0.0,0,0,0,0.0,48.46
2026-07-18T16:44:57.322989,4,0.0,0,0,0,0.0,48.46
2026-07-18T16:44:57.327264,3,0.0,0,0,0,0.0,48.46
2026-07-18T16:44:57.329875,1,0.0,0,0,0,303.8,48.46
2026-07-18T16:44:57.330235,2,0.0,0,0,0,0.0,48.46
2026-07-18T16:44:59.322316,4,0.0,0,0,0,0.0,48.46
2026-07-18T16:44:59.322974,1,0.0,0,0,0,0.0,48.46
2026-07-18T16:44:59.323746,2,0.0,0,0,0,0.0,48.46
2026-07-18T16:44:59.323900,3,0.0,0,0,0,0.0,48.46
2026-07-18T16:45:01.328303,4,0.0,0,0,0,0.0,48.46
2026-07-18T16:45:01.332261,3,0.0,0,0,0,0.0,48.46
2026-07-18T16:45:01.332489,2,0.0,0,0,0,0.0,48.46
2026-07-18T16:45:01.334932,1,0.0,0,0,0,0.0,48.46
2026-07-18T16:45:03.327544,4,0.0,0,0,0,0.5,48.46
2026-07-18T16:45:03.329209,1,0.0,0,0,0,0.0,48.46
2026-07-18T16:45:03.329910,3,0.0,0,0,0,0.0,48.46
2026-07-18T16:45:03.330306,2,0.0,0,0,0,0.0,48.46
2026-07-18T16:45:05.330346,1,0.0,0,0,0,0.0,48.46
2026-07-18T16:45:05.330869,3,0.0,0,0,0,0.0,48.46
2026-07-18T16:45:05.331115,4,0.0,0,0,0,0.0,48.46
2026-07-18T16:45:05.332006,2,0.0,0,0,0,0.0,48.46
2026-07-18T16:45:07.332948,3,0.0,0,0,0,0.5,48.46
2026-07-18T16:45:07.333137,1,0.0,0,0,0,3318.2,48.46
2026-07-18T16:45:07.333231,4,0.0,0,0,0,0.0,48.46
2026-07-18T16:45:07.333322,2,0.0,0,0,0,0.0,48.46
2026-07-18T16:45:09.333200,4,0.0,0,0,0,0.0,48.46
2026-07-18T16:45:09.335036,2,0.0,0,0,0,0.0,48.46
2026-07-18T16:45:09.335328,3,0.0,0,0,0,0.0,48.46
2026-07-18T16:45:09.335799,1,0.0,0,0,0,0.0,48.46
2026-07-18T16:45:11.340440,4,0.0,0,0,0,0.0,48.46
2026-07-18T16:45:11.350951,1,0.0,0,0,0,98.9,48.46
2026-07-18T16:45:11.351479,3,0.0,0,0,0,0.0,48.46
2026-07-18T16:45:11.355206,2,0.0,0,0,0,0.0,48.46
2026-07-18T16:45:13.340952,4,0.0,0,0,0,0.0,48.46
2026-07-18T16:45:13.343469,3,0.0,0,0,0,401.9,48.46
2026-07-18T16:45:13.344196,1,0.0,0,0,0,0.0,48.46
2026-07-18T16:45:13.344705,2,0.0,0,0,0,0.0,48.46
2026-07-18T16:45:15.345940,4,0.0,0,0,0,1.0,48.46
2026-07-18T16:45:15.353088,2,0.0,0,0,0,0.0,48.46
2026-07-18T16:45:15.355030,1,0.0,0,0,0,567.8,48.46
2026-07-18T16:45:15.355388,3,0.0,0,0,0,0.0,48.46
2026-07-18T16:45:17.346143,4,0.0,0,0,0,1.0,48.46
2026-07-18T16:45:17.346414,1,0.0,0,0,0,0.0,48.46
2026-07-18T16:45:17.348236,2,0.0,0,0,0,0.0,48.46
2026-07-18T16:45:17.348403,3,0.0,0,0,0,0.0,48.46
2026-07-18T16:45:19.348135,4,0.0,0,0,0,0.5,48.46
2026-07-18T16:45:19.351096,2,0.0,0,0,0,0.0,48.46
2026-07-18T16:45:19.351807,3,0.0,0,0,0,0.0,48.46
2026-07-18T16:45:19.352074,1,0.0,0,0,0,0.0,48.46
2026-07-18T16:45:21.354928,4,0.0,0,0,0,0.5,48.46
2026-07-18T16:45:21.355189,1,0.0,0,0,0,0.0,48.46
2026-07-18T16:45:21.355352,3,0.0,0,0,0,5583.0,48.46
2026-07-18T16:45:21.356589,2,0.0,0,0,0,0.0,48.46
2026-07-18T16:45:23.355056,4,0.0,0,0,0,0.0,48.46
2026-07-18T16:45:23.355254,3,0.0,0,0,0,0.0,48.46
2026-07-18T16:45:23.355781,1,0.0,0,0,0,0.0,48.46
2026-07-18T16:45:23.356013,2,0.0,0,0,0,0.0,48.46
2026-07-18T16:45:25.360687,4,0.0,0,0,0,0.5,48.46
2026-07-18T16:45:25.361935,1,0.0,0,0,0,0.0,48.46
2026-07-18T16:45:25.363052,3,0.0,0,0,0,0.0,48.46
2026-07-18T16:45:25.364955,2,0.0,0,0,0,0.0,48.46
2026-07-18T16:45:27.365804,1,0.0,0,0,0,0.5,48.46
2026-07-18T16:45:27.367114,4,0.0,0,0,0,0.0,48.46
2026-07-18T16:45:27.368160,3,0.0,0,0,0,0.0,48.46
2026-07-18T16:45:27.369346,2,0.0,0,0,0,0.0,48.46
2026-07-18T16:45:29.365916,4,0.0,0,0,0,0.5,48.46
2026-07-18T16:45:29.367013,1,0.0,0,0,0,0.0,48.46
2026-07-18T16:45:29.371384,2,0.0,0,0,0,0.0,48.46
2026-07-18T16:45:29.373067,3,0.0,0,0,0,0.0,48.46
2026-07-18T16:45:31.367715,4,0.0,0,0,0,0.5,48.46
2026-07-18T16:45:31.372140,2,0.0,0,0,0,0.0,48.46
2026-07-18T16:45:31.373147,3,0.0,0,0,0,0.0,48.46
2026-07-18T16:45:31.374203,1,0.0,0,0,0,655.8,48.46
2026-07-18T16:45:33.369532,4,0.0,0,0,0,0.0,48.46
2026-07-18T16:45:33.375173,3,0.0,0,0,0,325.7,48.46
2026-07-18T16:45:33.376414,1,0.0,0,0,0,0.0,48.46
2026-07-18T16:45:33.377356,2,0.0,0,0,0,0.0,48.46
2026-07-18T16:45:35.376568,4,0.0,0,0,0,0.0,48.46
2026-07-18T16:45:35.377038,1,0.0,0,0,0,897.6,48.46
2026-07-18T16:45:35.379252,3,0.0,0,0,0,0.0,48.46
2026-07-18T16:45:35.380223,2,0.0,0,0,0,0.0,48.46
2026-07-18T16:45:37.377896,3,0.0,0,0,0,0.5,48.46
2026-07-18T16:45:37.378667,4,0.0,0,0,0,0.0,48.46
2026-07-18T16:45:37.379111,2,0.0,0,0,0,0.0,48.46
2026-07-18T16:45:37.380088,1,0.0,0,0,0,0.0,48.46
2026-07-18T16:45:39.386148,4,0.0,0,0,0,0.0,48.46
2026-07-18T16:45:39.389609,3,0.0,0,0,0,0.0,48.46
2026-07-18T16:45:39.392307,1,0.0,0,0,0,0.0,48.46
2026-07-18T16:45:39.393508,2,0.0,0,0,0,360.7,48.46
2026-07-18T16:45:41.381858,1,0.0,0,0,0,0.0,48.46
2026-07-18T16:45:41.382155,4,0.0,0,0,0,0.0,48.46
2026-07-18T16:45:41.384879,3,0.0,0,0,0,0.0,48.46
2026-07-18T16:45:41.385133,2,0.0,0,0,0,0.0,48.46
2026-07-18T16:45:43.384464,4,0.0,0,0,0,0.0,48.46
2026-07-18T16:45:43.387604,3,0.0,0,0,0,319.8,48.46
2026-07-18T16:45:43.388554,2,0.0,0,0,0,0.0,48.46
2026-07-18T16:45:43.388973,1,0.0,0,0,0,0.0,48.46
2026-07-18T16:45:45.389662,4,0.0,0,0,0,0.0,48.46
2026-07-18T16:45:45.393051,3,0.0,0,0,0,574.4,48.46
2026-07-18T16:45:45.394124,2,0.0,0,0,0,0.0,48.46
2026-07-18T16:45:45.395309,1,0.0,0,0,0,0.0,48.46
2026-07-18T16:45:47.391346,4,0.0,0,0,0,0.0,48.46
2026-07-18T16:45:47.392805,3,0.0,0,0,0,0.0,48.46
2026-07-18T16:45:47.393012,2,0.0,0,0,0,0.0,48.46
2026-07-18T16:45:47.393473,1,0.0,0,0,0,0.0,48.46
2026-07-18T16:45:49.392083,4,0.0,0,0,0,0.5,48.46
2026-07-18T16:45:49.392273,1,0.0,0,0,0,0.0,48.46
2026-07-18T16:45:49.393454,2,0.0,0,0,0,0.0,48.46
2026-07-18T16:45:49.393991,3,0.0,0,0,0,0.0,48.46
2026-07-18T16:45:51.397379,4,0.0,0,0,0,0.5,48.46
2026-07-18T16:45:51.399524,2,0.0,0,0,0,0.0,48.46
2026-07-18T16:45:51.400129,1,0.0,0,0,0,0.0,48.46
2026-07-18T16:45:51.400313,3,0.0,0,0,0,0.0,48.46
2026-07-18T16:45:53.400820,4,0.0,0,0,0,0.0,48.46
2026-07-18T16:45:53.402444,2,0.0,0,0,0,524.9,48.46
2026-07-18T16:45:53.403210,1,0.0,0,0,0,0.0,48.46
2026-07-18T16:45:53.403594,3,0.0,0,0,0,0.0,48.46
2026-07-18T16:45:55.403361,4,0.0,0,0,0,0.0,48.46
2026-07-18T16:45:55.407005,1,0.0,0,0,0,0.0,48.46
2026-07-18T16:45:55.407414,3,0.0,0,0,0,0.0,48.46
2026-07-18T16:45:55.408356,2,0.0,0,0,0,1074.2,48.46
2026-07-18T16:45:57.406450,1,0.0,0,0,0,0.5,48.46
2026-07-18T16:45:57.407101,4,0.0,0,0,0,0.0,48.46
2026-07-18T16:45:57.407352,3,0.0,0,0,0,0.0,48.46
2026-07-18T16:45:57.408347,2,0.0,0,0,0,0.0,48.46
2026-07-18T16:45:59.410003,4,0.0,0,0,0,0.0,48.46
2026-07-18T16:45:59.414304,2,0.0,0,0,0,184.2,48.46
2026-07-18T16:45:59.415695,3,0.0,0,0,0,0.0,48.46
2026-07-18T16:45:59.416158,1,0.0,0,0,0,0.0,48.46
2026-07-18T16:46:01.413193,4,0.0,0,0,0,0.0,48.46
2026-07-18T16:46:01.416753,2,0.0,0,0,0,316.2,48.46
2026-07-18T16:46:01.417767,3,0.0,0,0,0,0.0,48.46
2026-07-18T16:46:01.418321,1,0.0,0,0,0,0.0,48.46
2026-07-18T16:46:03.414268,4,0.0,0,0,0,0.0,48.46
2026-07-18T16:46:03.417051,2,0.0,0,0,0,0.0,48.46
2026-07-18T16:46:03.417421,3,0.0,0,0,0,0.0,48.46
2026-07-18T16:46:03.418151,1,0.0,0,0,0,0.0,48.46
2026-07-18T16:46:05.417545,3,0.0,0,0,0,0.5,48.46
2026-07-18T16:46:05.418295,1,0.0,0,0,0,0.0,48.46
2026-07-18T16:46:05.418898,4,0.0,0,0,0,0.0,48.46
2026-07-18T16:46:05.420110,2,0.0,0,0,0,0.0,48.46
2026-07-18T16:46:07.420620,4,0.0,0,0,0,0.0,48.46
2026-07-18T16:46:07.420884,2,0.0,0,0,0,0.0,48.46
2026-07-18T16:46:07.421025,1,0.0,0,0,0,0.0,48.46
2026-07-18T16:46:07.421154,3,0.0,0,0,0,0.0,48.46
2026-07-18T16:46:09.422763,1,0.0,0,0,0,0.5,48.46
2026-07-18T16:46:09.422980,2,0.0,0,0,0,0.0,48.46
2026-07-18T16:46:09.423111,3,0.0,0,0,0,0.0,48.46
2026-07-18T16:46:09.423240,4,0.0,0,0,0,0.0,48.46
2026-07-18T16:46:11.425084,1,0.0,0,0,0,0.0,48.46
2026-07-18T16:46:11.425270,4,0.0,0,0,0,0.0,48.46
2026-07-18T16:46:11.426017,3,0.0,0,0,0,0.0,48.46
2026-07-18T16:46:11.426908,2,0.0,0,0,0,0.0,48.46
2026-07-18T16:46:13.428064,4,0.0,0,0,0,0.0,48.46
2026-07-18T16:46:13.430142,2,0.0,0,0,0,387.4,48.46
2026-07-18T16:46:13.430447,1,0.0,0,0,0,0.0,48.46
2026-07-18T16:46:13.430643,3,0.0,0,0,0,0.0,48.46
2026-07-18T16:46:15.433252,4,0.0,0,0,0,0.5,48.46
2026-07-18T16:46:15.433553,3,0.0,0,0,0,0.0,48.46
2026-07-18T16:46:15.435335,1,0.0,0,0,0,0.0,48.46
2026-07-18T16:46:15.437985,2,0.0,0,0,0,0.0,48.46
2026-07-18T16:46:17.436946,4,0.0,0,0,0,0.5,48.46
2026-07-18T16:46:17.441785,1,0.0,0,0,0,0.0,48.46
2026-07-18T16:46:17.442317,2,0.0,0,0,0,0.0,48.46
2026-07-18T16:46:17.443186,3,0.0,0,0,0,0.0,48.46
2026-07-18T16:46:19.436540,4,0.0,0,0,0,0.5,48.46
2026-07-18T16:46:19.438520,3,0.0,0,0,0,0.0,48.46
2026-07-18T16:46:19.439237,1,0.0,0,0,0,0.0,48.46
2026-07-18T16:46:19.439980,2,0.0,0,0,0,0.0,48.46
2026-07-18T16:46:21.442126,4,0.0,0,0,0,0.0,48.46
2026-07-18T16:46:21.445485,2,0.0,0,0,0,255.8,48.46
2026-07-18T16:46:21.446529,1,0.0,0,0,0,0.0,48.46
2026-07-18T16:46:21.447276,3,0.0,0,0,0,0.0,48.46
2026-07-18T16:46:23.442984,4,0.0,0,0,0,0.0,48.46
2026-07-18T16:46:23.451191,1,0.0,0,0,0,263.1,48.46
2026-07-18T16:46:23.452121,2,0.0,0,0,0,0.0,48.46
2026-07-18T16:46:23.453253,3,0.0,0,0,0,0.0,48.46
2026-07-18T16:46:25.446557,4,0.0,0,0,0,0.0,48.46
2026-07-18T16:46:25.451295,3,0.0,0,0,0,0.0,48.46
2026-07-18T16:46:25.452281,2,0.0,0,0,0,0.0,48.46
2026-07-18T16:46:25.453798,1,0.0,0,0,0,962.3,48.46
2026-07-18T16:46:27.451524,4,0.0,0,0,0,0.0,48.46
2026-07-18T16:46:27.455079,2,0.0,0,0,0,305.4,48.46
2026-07-18T16:46:27.456311,3,0.0,0,0,0,0.0,48.46
2026-07-18T16:46:27.458008,1,0.0,0,0,0,0.0,48.46
2026-07-18T16:46:29.461320,2,0.0,0,0,0,0.5,48.46
2026-07-18T16:46:29.462295,4,0.0,0,0,0,0.0,48.46
2026-07-18T16:46:29.463345,1,0.0,0,0,0,0.0,48.46
2026-07-18T16:46:29.464929,3,0.0,0,0,0,0.0,48.46
2026-07-18T16:46:31.459795,4,0.0,0,0,0,0.5,48.46
2026-07-18T16:46:31.461008,3,0.0,0,0,0,0.0,48.46
2026-07-18T16:46:31.462230,1,0.0,0,0,0,0.0,48.46
2026-07-18T16:46:31.464254,2,0.0,0,0,0,0.0,48.46
2026-07-18T16:46:33.461144,4,0.0,0,0,0,0.5,48.46
2026-07-18T16:46:33.464390,2,0.0,0,0,0,0.0,48.46
2026-07-18T16:46:33.465064,1,0.0,0,0,0,0.0,48.46
2026-07-18T16:46:33.465334,3,0.0,0,0,0,0.0,48.46
2026-07-18T16:46:35.463508,1,0.0,0,0,0,0.5,48.46
2026-07-18T16:46:35.463810,4,0.0,0,0,0,0.0,48.46
2026-07-18T16:46:35.464274,3,0.0,0,0,0,0.0,48.46
2026-07-18T16:46:35.464912,2,0.0,0,0,0,0.0,48.46
2026-07-18T16:46:37.466403,4,0.0,0,0,0,0.0,48.46
2026-07-18T16:46:37.466860,1,0.0,0,0,0,0.0,48.46
2026-07-18T16:46:37.468112,3,0.0,0,0,0,0.0,48.46
2026-07-18T16:46:37.468320,2,0.0,0,0,0,0.0,48.46
2026-07-18T16:46:39.474486,1,0.0,0,0,0,0.5,48.46
2026-07-18T16:46:39.476068,4,0.0,0,0,0,0.0,48.46
2026-07-18T16:46:39.476485,3,0.0,0,0,0,0.0,48.46
2026-07-18T16:46:39.477471,2,0.0,0,0,0,0.0,48.46
2026-07-18T16:46:41.476355,1,0.0,0,0,0,0.5,48.46
2026-07-18T16:46:41.477192,4,0.0,0,0,0,0.0,48.46
2026-07-18T16:46:41.477515,2,0.0,0,0,0,0.0,48.46
2026-07-18T16:46:41.478364,3,0.0,0,0,0,0.0,48.46
2026-07-18T16:46:43.477950,4,0.0,0,0,0,0.5,48.46
2026-07-18T16:46:43.480238,3,0.0,0,0,0,0.0,48.46
2026-07-18T16:46:43.481129,2,0.0,0,0,0,0.0,48.46
2026-07-18T16:46:43.481979,1,0.0,0,0,0,0.0,48.46
2026-07-18T16:46:45.481484,4,0.0,0,0,0,0.5,48.46
2026-07-18T16:46:45.486180,2,0.0,0,0,0,0.0,48.46
2026-07-18T16:46:45.487273,1,0.0,0,0,0,0.0,48.46
2026-07-18T16:46:45.488378,3,0.0,0,0,0,0.0,48.46
2026-07-18T16:46:47.484192,4,0.0,0,0,0,0.0,48.46
2026-07-18T16:46:47.485849,1,0.0,0,0,0,710.3,48.46
2026-07-18T16:46:47.488753,2,0.0,0,0,0,0.0,48.46
2026-07-18T16:46:47.489265,3,0.0,0,0,0,0.0,48.46
2026-07-18T16:46:49.485730,4,0.0,0,0,0,0.0,48.46
2026-07-18T16:46:49.491256,2,0.0,0,0,0,0.0,48.46
2026-07-18T16:46:49.492695,1,0.0,0,0,0,596.1,48.46
2026-07-18T16:46:49.493688,3,0.0,0,0,0,0.0,48.46
2026-07-18T16:46:51.493529,4,0.0,0,0,0,0.5,48.46
2026-07-18T16:46:51.494329,1,0.0,0,0,0,0.0,48.46
2026-07-18T16:46:51.496888,2,0.0,0,0,0,0.0,48.46
2026-07-18T16:46:51.497743,3,0.0,0,0,0,1018.8,48.46
2026-07-18T16:46:53.493307,4,0.0,0,0,0,0.0,48.46
2026-07-18T16:46:53.496555,2,0.0,0,0,0,0.0,48.46
2026-07-18T16:46:53.498043,3,0.0,0,0,0,0.0,48.46
2026-07-18T16:46:53.498554,1,0.0,0,0,0,0.0,48.46
2026-07-18T16:46:55.497492,4,0.0,0,0,0,0.5,48.46
2026-07-18T16:46:55.497962,3,0.0,0,0,0,0.0,48.46
2026-07-18T16:46:55.498774,1,0.0,0,0,0,0.0,48.46
2026-07-18T16:46:55.500186,2,0.0,0,0,0,0.0,48.46
2026-07-18T16:46:57.498381,4,0.0,0,0,0,0.5,48.46
2026-07-18T16:46:57.499034,2,0.0,0,0,0,0.0,48.46
2026-07-18T16:46:57.499380,1,0.0,0,0,0,0.0,48.46
2026-07-18T16:46:57.499924,3,0.0,0,0,0,0.0,48.46
2026-07-18T16:46:59.502059,4,0.0,0,0,0,0.0,48.46
2026-07-18T16:46:59.506306,2,0.0,0,0,0,359.0,48.46
2026-07-18T16:46:59.507046,3,0.0,0,0,0,0.0,48.46
2026-07-18T16:46:59.507422,1,0.0,0,0,0,0.0,48.46
2026-07-18T16:47:01.504357,4,0.0,0,0,0,0.0,48.46
2026-07-18T16:47:01.507342,3,0.0,0,0,0,0.0,48.46
2026-07-18T16:47:01.508285,1,0.0,0,0,0,0.0,48.46
2026-07-18T16:47:01.509051,2,0.0,0,0,0,0.0,48.46
2026-07-18T16:47:03.508429,4,0.0,0,0,0,0.5,48.46
2026-07-18T16:47:03.512460,3,0.0,0,0,0,0.0,48.46
2026-07-18T16:47:03.512785,2,0.0,0,0,0,0.0,48.46
2026-07-18T16:47:03.513417,1,0.0,0,0,0,0.0,48.46
2026-07-18T16:47:05.509188,4,0.0,0,0,0,0.0,48.46
2026-07-18T16:47:05.510753,1,0.0,0,0,0,0.0,48.46
2026-07-18T16:47:05.510971,2,0.0,0,0,0,1512.7,48.46
2026-07-18T16:47:05.511090,3,0.0,0,0,0,0.0,48.46
2026-07-18T16:47:07.512374,1,0.0,0,0,0,0.0,48.46
2026-07-18T16:47:07.513008,4,0.0,0,0,0,0.0,48.46
2026-07-18T16:47:07.515689,3,0.0,0,0,0,399.2,48.46
2026-07-18T16:47:07.516185,2,0.0,0,0,0,0.0,48.46
2026-07-18T16:47:09.516770,4,0.0,0,0,0,0.0,48.46
2026-07-18T16:47:09.524068,3,0.0,0,0,0,136.9,48.46
2026-07-18T16:47:09.525108,1,0.0,0,0,0,0.0,48.46
2026-07-18T16:47:09.526052,2,0.0,0,0,0,0.0,48.46
2026-07-18T16:47:11.517162,4,0.0,0,0,0,0.0,48.46
2026-07-18T16:47:11.521265,2,0.0,0,0,0,0.0,48.46
2026-07-18T16:47:11.523195,1,0.0,0,0,0,481.2,48.46
2026-07-18T16:47:11.523418,3,0.0,0,0,0,0.0,48.46
2026-07-18T16:47:13.521354,3,0.0,0,0,0,0.5,48.46
2026-07-18T16:47:13.522284,4,0.0,0,0,0,0.0,48.46
2026-07-18T16:47:13.523000,1,0.0,0,0,0,0.0,48.46
2026-07-18T16:47:13.524566,2,0.0,0,0,0,0.0,48.46
2026-07-18T16:47:15.523895,4,0.0,0,0,0,0.5,48.46
2026-07-18T16:47:15.524160,1,0.0,0,0,0,0.0,48.46
2026-07-18T16:47:15.525313,2,0.0,0,0,0,0.0,48.46
2026-07-18T16:47:15.525467,3,0.0,0,0,0,0.0,48.46
2026-07-18T16:47:17.526297,2,0.0,0,0,0,0.0,48.46
2026-07-18T16:47:17.526485,3,0.0,0,0,0,0.0,48.46
2026-07-18T16:47:17.526992,4,0.0,0,0,0,0.0,48.46
2026-07-18T16:47:17.527197,1,0.0,0,0,0,0.0,48.46
2026-07-18T16:47:19.528491,2,0.0,0,0,0,0.0,48.46
2026-07-18T16:47:19.528685,3,0.0,0,0,0,0.0,48.46
2026-07-18T16:47:19.528805,4,0.0,0,0,0,0.0,48.46
2026-07-18T16:47:19.529236,1,0.0,0,0,0,0.0,48.46
2026-07-18T16:47:21.530565,3,0.0,0,0,0,0.5,48.46
2026-07-18T16:47:21.531011,4,0.0,0,0,0,0.0,48.46
2026-07-18T16:47:21.531157,1,0.0,0,0,0,0.0,48.46
2026-07-18T16:47:21.531931,2,0.0,0,0,0,0.0,48.46
2026-07-18T16:47:23.533304,4,0.0,0,0,0,0.0,48.46
2026-07-18T16:47:23.535804,1,0.0,0,0,0,0.0,48.46
2026-07-18T16:47:23.536045,2,0.0,0,0,0,0.0,48.46
2026-07-18T16:47:23.536166,3,0.0,0,0,0,0.0,48.46
2026-07-18T16:47:25.537197,3,0.0,0,0,0,0.0,48.46
2026-07-18T16:47:25.537730,4,0.0,0,0,0,0.0,48.46
2026-07-18T16:47:25.537926,1,0.0,0,0,0,0.0,48.46
2026-07-18T16:47:25.538887,2,0.0,0,0,0,0.0,48.46
2026-07-18T16:47:27.538209,4,0.0,0,0,0,0.5,48.46
2026-07-18T16:47:27.538611,1,0.0,0,0,0,0.0,48.46
2026-07-18T16:47:27.538718,3,0.0,0,0,0,7408.8,48.46
2026-07-18T16:47:27.538810,2,0.0,0,0,0,0.0,48.46
2026-07-18T16:47:29.541249,4,0.0,0,0,0,0.0,48.46
2026-07-18T16:47:29.543304,2,0.0,0,0,0,0.0,48.46
2026-07-18T16:47:29.543803,1,0.0,0,0,0,0.0,48.46
2026-07-18T16:47:29.544035,3,0.0,0,0,0,0.0,48.46
2026-07-18T16:47:31.544001,4,0.0,0,0,0,0.5,48.46
2026-07-18T16:47:31.544211,1,0.0,0,0,0,0.0,48.46
2026-07-18T16:47:31.544331,3,0.0,0,0,0,0.0,48.46
2026-07-18T16:47:31.545332,2,0.0,0,0,0,0.0,48.46
2026-07-18T16:47:33.549479,4,0.0,0,0,0,0.0,48.46
2026-07-18T16:47:33.551303,1,0.0,0,0,0,0.0,48.46
2026-07-18T16:47:33.554205,2,0.0,0,0,0,0.0,48.46
2026-07-18T16:47:33.554516,3,0.0,0,0,0,2118.1,48.46
2026-07-18T16:47:35.557169,2,0.0,0,0,0,0.0,48.46
2026-07-18T16:47:35.558246,3,0.0,0,0,0,0.0,48.46
2026-07-18T16:47:35.559163,1,0.0,0,0,0,0.0,48.46
2026-07-18T16:47:35.559508,4,0.0,0,0,0,1145.9,48.46
2026-07-18T16:47:37.556112,4,0.0,0,0,0,0.5,48.46
2026-07-18T16:47:37.563081,3,0.0,0,0,0,0.0,48.46
2026-07-18T16:47:37.564282,2,0.0,0,0,0,0.0,48.46
2026-07-18T16:47:37.565699,1,0.0,0,0,0,0.0,48.46
2026-07-18T16:47:39.558125,4,0.0,0,0,0,0.5,48.46
2026-07-18T16:47:39.558563,3,0.0,0,0,0,0.0,48.46
2026-07-18T16:47:39.558784,1,0.0,0,0,0,0.0,48.46
2026-07-18T16:47:39.559739,2,0.0,0,0,0,0.0,48.46
2026-07-18T16:47:41.559327,4,0.0,0,0,0,0.0,48.46
2026-07-18T16:47:41.562081,3,0.0,0,0,0,0.0,48.46
2026-07-18T16:47:41.562298,2,0.0,0,0,0,0.0,48.46
2026-07-18T16:47:41.562454,1,0.0,0,0,0,0.0,48.46
2026-07-18T16:47:43.562418,4,0.0,0,0,0,0.0,48.46
2026-07-18T16:47:43.565924,3,0.0,0,0,0,283.7,48.46
2026-07-18T16:47:43.566125,1,0.0,0,0,0,0.0,48.46
2026-07-18T16:47:43.566253,2,0.0,0,0,0,0.0,48.46
2026-07-18T16:47:45.564416,4,0.0,0,0,0,0.0,48.46
2026-07-18T16:47:45.566141,2,0.0,0,0,0,0.0,48.46
2026-07-18T16:47:45.566405,1,0.0,0,0,0,0.0,48.46
2026-07-18T16:47:45.566801,3,0.0,0,0,0,0.0,48.46
2026-07-18T16:47:47.567600,1,0.0,0,0,0,0.5,48.46
2026-07-18T16:47:47.567942,4,0.0,0,0,0,0.0,48.46
2026-07-18T16:47:47.569179,2,0.0,0,0,0,0.0,48.46
2026-07-18T16:47:47.569745,3,0.0,0,0,0,0.0,48.46
2026-07-18T16:47:49.570985,4,0.0,0,0,0,0.5,48.46
2026-07-18T16:47:49.573008,1,0.0,0,0,0,0.0,48.46
2026-07-18T16:47:49.573242,2,0.0,0,0,0,0.0,48.46
2026-07-18T16:47:49.573361,3,0.0,0,0,0,0.0,48.46
2026-07-18T16:47:51.573233,3,0.0,0,0,0,0.0,48.46
2026-07-18T16:47:51.573440,4,0.0,0,0,0,0.0,48.46
2026-07-18T16:47:51.573879,2,0.0,0,0,0,0.0,48.46
2026-07-18T16:47:51.574199,1,0.0,0,0,0,0.0,48.46
2026-07-18T16:47:53.578124,4,0.0,0,0,0,0.5,48.46
2026-07-18T16:47:53.580461,2,0.0,0,0,0,0.0,48.46
2026-07-18T16:47:53.582547,1,0.0,0,0,0,0.0,48.46
2026-07-18T16:47:53.583581,3,0.0,0,0,0,0.0,48.46
2026-07-18T16:47:55.580899,1,0.0,0,0,0,0.0,48.46
2026-07-18T16:47:55.581538,4,0.0,0,0,0,0.0,48.46
2026-07-18T16:47:55.584278,2,0.0,0,0,0,364.6,48.46
2026-07-18T16:47:55.585269,3,0.0,0,0,0,0.0,48.46
2026-07-18T16:47:57.585009,3,0.0,0,0,0,0.5,48.46
2026-07-18T16:47:57.585292,1,0.0,0,0,0,0.0,48.46
2026-07-18T16:47:57.585808,4,0.0,0,0,0,0.0,48.46
2026-07-18T16:47:57.586089,2,0.0,0,0,0,0.0,48.46
2026-07-18T16:47:59.587577,4,0.0,0,0,0,0.5,48.46
2026-07-18T16:47:59.594014,3,0.0,0,0,0,0.0,48.46
2026-07-18T16:47:59.595078,2,0.0,0,0,0,0.0,48.46
2026-07-18T16:47:59.596191,1,0.0,0,0,0,0.0,48.46
2026-07-18T16:48:01.590235,4,0.0,0,0,0,1.0,48.46
2026-07-18T16:48:01.593859,1,0.0,0,0,0,0.0,48.46
2026-07-18T16:48:01.595396,2,0.0,0,0,0,0.0,48.46
2026-07-18T16:48:01.597107,3,0.0,0,0,0,0.0,48.46
2026-07-18T16:48:03.596978,4,0.0,0,0,0,0.0,48.46
2026-07-18T16:48:03.601414,2,0.0,0,0,0,217.0,48.46
2026-07-18T16:48:03.604925,3,0.0,0,0,0,0.0,48.46
2026-07-18T16:48:03.605817,1,0.0,0,0,0,0.0,48.46
2026-07-18T16:48:05.598103,4,0.0,0,0,0,0.0,48.46
2026-07-18T16:48:05.600141,3,0.0,0,0,0,0.0,48.46
2026-07-18T16:48:05.600690,2,0.0,0,0,0,1786.5,48.46
2026-07-18T16:48:05.600915,1,0.0,0,0,0,0.0,48.46
2026-07-18T16:48:07.600166,4,0.0,0,0,0,0.5,48.46
2026-07-18T16:48:07.602070,2,0.0,0,0,0,0.0,48.46
2026-07-18T16:48:07.602355,3,0.0,0,0,0,0.0,48.46
2026-07-18T16:48:07.602740,1,0.0,0,0,0,0.0,48.46
2026-07-18T16:48:09.602887,4,0.0,0,0,0,0.0,48.46
2026-07-18T16:48:09.605750,1,0.0,0,0,0,0.0,48.46
2026-07-18T16:48:09.606142,3,0.0,0,0,0,0.0,48.46
2026-07-18T16:48:09.606960,2,0.0,0,0,0,0.0,48.46
2026-07-18T16:48:11.606620,4,0.0,0,0,0,0.5,48.46
2026-07-18T16:48:11.609167,1,0.0,0,0,0,0.0,48.46
2026-07-18T16:48:11.609811,2,0.0,0,0,0,0.0,48.46
2026-07-18T16:48:11.610241,3,0.0,0,0,0,0.0,48.46
2026-07-18T16:48:13.610429,1,0.0,0,0,0,0.5,48.46
2026-07-18T16:48:13.611392,4,0.0,0,0,0,0.0,48.46
2026-07-18T16:48:13.612294,3,0.0,0,0,0,0.0,48.46
2026-07-18T16:48:13.614532,2,0.0,0,0,0,0.0,48.46
2026-07-18T16:48:15.610448,4,0.0,0,0,0,0.0,48.46
2026-07-18T16:48:15.613013,3,0.0,0,0,0,0.0,48.46
2026-07-18T16:48:15.613283,1,0.0,0,0,0,0.0,48.46
2026-07-18T16:48:15.613823,2,0.0,0,0,0,0.0,48.46
2026-07-18T16:48:17.617348,4,0.0,0,0,0,1.0,48.46
2026-07-18T16:48:17.623064,3,0.0,0,0,0,0.0,48.46
2026-07-18T16:48:17.623358,2,0.0,0,0,0,0.0,48.46
2026-07-18T16:48:17.624003,1,0.0,0,0,0,0.0,48.46
2026-07-18T16:48:19.619336,4,0.0,0,0,0,0.0,48.46
2026-07-18T16:48:19.621337,1,0.0,0,0,0,0.0,48.46
2026-07-18T16:48:19.623495,3,0.0,0,0,0,0.0,48.46
2026-07-18T16:48:19.624300,2,0.0,0,0,0,0.0,48.46
2026-07-18T16:48:21.620039,4,0.0,0,0,0,0.5,48.46
2026-07-18T16:48:21.621735,3,0.0,0,0,0,0.0,48.46
2026-07-18T16:48:21.622675,1,0.0,0,0,0,0.0,48.46
2026-07-18T16:48:21.623002,2,0.0,0,0,0,0.0,48.46
2026-07-18T16:48:23.624132,1,0.0,0,0,0,0.5,48.46
2026-07-18T16:48:23.624351,4,0.0,0,0,0,0.0,48.46
2026-07-18T16:48:23.625643,2,0.0,0,0,0,0.0,48.46
2026-07-18T16:48:23.626714,3,0.0,0,0,0,0.0,48.46
2026-07-18T16:48:25.625487,4,0.0,0,0,0,0.0,48.46
2026-07-18T16:48:25.626027,1,0.0,0,0,0,0.0,48.46
2026-07-18T16:48:25.627241,2,0.0,0,0,0,0.0,48.46
2026-07-18T16:48:25.627772,3,0.0,0,0,0,0.0,48.46
2026-07-18T16:48:27.631746,1,0.0,0,0,0,0.5,48.46
2026-07-18T16:48:27.631985,4,0.0,0,0,0,0.0,48.46
2026-07-18T16:48:27.632184,3,0.0,0,0,0,0.0,48.46
2026-07-18T16:48:27.632353,2,0.0,0,0,0,0.0,48.46
2026-07-18T16:48:29.630910,4,0.0,0,0,0,0.0,48.46
2026-07-18T16:48:29.631212,1,0.0,0,0,0,0.0,48.46
2026-07-18T16:48:29.632351,3,0.0,0,0,0,0.0,48.46
2026-07-18T16:48:29.632519,2,0.0,0,0,0,0.0,48.46
2026-07-18T16:48:31.633337,4,0.0,0,0,0,0.5,48.46
2026-07-18T16:48:31.637811,2,0.0,0,0,0,238.1,48.46
2026-07-18T16:48:31.638073,1,0.0,0,0,0,0.0,48.46
2026-07-18T16:48:31.638215,3,0.0,0,0,0,0.0,48.46
2026-07-18T16:48:33.640319,1,0.0,0,0,0,0.0,48.46
2026-07-18T16:48:33.641130,3,0.0,0,0,0,0.0,48.46
2026-07-18T16:48:33.641965,4,0.0,0,0,0,0.0,48.46
2026-07-18T16:48:33.643982,2,0.0,0,0,0,0.0,48.46
2026-07-18T16:48:35.639435,1,0.0,0,0,0,0.5,48.46
2026-07-18T16:48:35.640139,4,0.0,0,0,0,0.0,48.46
2026-07-18T16:48:35.640306,3,0.0,0,0,0,0.0,48.46
2026-07-18T16:48:35.641531,2,0.0,0,0,0,0.0,48.46
2026-07-18T16:48:37.643135,1,0.0,0,0,0,0.0,48.46
2026-07-18T16:48:37.643666,2,0.0,0,0,0,0.0,48.46
2026-07-18T16:48:37.644024,4,0.0,0,0,0,0.0,48.46
2026-07-18T16:48:37.644256,3,0.0,0,0,0,0.0,48.46
2026-07-18T16:48:39.643662,4,0.0,0,0,0,0.5,48.46
2026-07-18T16:48:39.646228,3,0.0,0,0,0,0.0,48.46
2026-07-18T16:48:39.647118,1,0.0,0,0,0,0.0,48.46
2026-07-18T16:48:39.647874,2,0.0,0,0,0,0.0,48.46
2026-07-18T16:48:41.647512,1,0.0,0,0,0,0.0,48.46
2026-07-18T16:48:41.648274,4,0.0,0,0,0,0.0,48.46
2026-07-18T16:48:41.649545,2,0.0,0,0,0,0.0,48.46
2026-07-18T16:48:41.650195,3,0.0,0,0,0,0.0,48.46
2026-07-18T16:48:43.649692,1,0.0,0,0,0,0.5,48.46
2026-07-18T16:48:43.650001,4,0.0,0,0,0,1702.5,48.46
2026-07-18T16:48:43.651193,2,0.0,0,0,0,0.0,48.46
2026-07-18T16:48:43.651428,3,0.0,0,0,0,0.0,48.46
2026-07-18T16:48:45.653102,4,0.0,0,0,0,0.0,48.46
2026-07-18T16:48:45.656463,3,0.0,0,0,0,0.0,48.46
2026-07-18T16:48:45.657447,1,0.0,0,0,0,0.0,48.46
2026-07-18T16:48:45.658364,2,0.0,0,0,0,0.0,48.46
2026-07-18T16:48:47.654802,1,0.0,0,0,0,0.5,48.46
2026-07-18T16:48:47.654932,2,0.0,0,0,0,0.0,48.46
2026-07-18T16:48:47.655014,4,0.0,0,0,0,0.0,48.46
2026-07-18T16:48:47.655093,3,0.0,0,0,0,0.0,48.46
2026-07-18T16:48:49.659688,1,0.0,0,0,0,0.0,48.46
2026-07-18T16:48:49.659939,3,0.0,0,0,0,0.0,48.46
2026-07-18T16:48:49.660073,4,0.0,0,0,0,0.0,48.46
2026-07-18T16:48:49.660740,2,0.0,0,0,0,0.0,48.46
2026-07-18T16:48:51.659222,4,0.0,0,0,0,0.5,48.46
2026-07-18T16:48:51.661001,1,0.0,0,0,0,0.0,48.46
2026-07-18T16:48:51.661186,2,0.0,0,0,0,0.0,48.46
2026-07-18T16:48:51.661296,3,0.0,0,0,0,0.0,48.46
2026-07-18T16:48:53.664865,4,0.0,0,0,0,0.0,48.46
2026-07-18T16:48:53.667085,1,0.0,0,0,0,0.0,48.46
2026-07-18T16:48:53.667953,3,0.0,0,0,0,0.0,48.46
2026-07-18T16:48:53.668899,2,0.0,0,0,0,0.0,48.46
2026-07-18T16:48:55.667151,4,0.0,0,0,0,0.5,48.46
2026-07-18T16:48:55.667478,1,0.0,0,0,0,0.0,48.46
2026-07-18T16:48:55.668450,3,0.0,0,0,0,0.0,48.46
2026-07-18T16:48:55.670094,2,0.0,0,0,0,0.0,48.46
2026-07-18T16:48:57.676432,2,0.0,0,0,0,1.0,48.46
2026-07-18T16:48:57.677708,3,0.0,0,0,0,0.0,48.46
2026-07-18T16:48:57.678191,1,0.0,0,0,0,0.0,48.46
2026-07-18T16:48:57.678482,4,0.0,0,0,0,0.0,48.46
2026-07-18T16:48:59.673347,4,0.0,0,0,0,0.0,48.46
2026-07-18T16:48:59.677583,3,0.0,0,0,0,230.5,48.46
2026-07-18T16:48:59.679115,2,0.0,0,0,0,0.0,48.46
2026-07-18T16:48:59.680792,1,0.0,0,0,0,0.0,48.46
2026-07-18T16:49:01.675424,3,0.0,0,0,0,0.0,48.46
2026-07-18T16:49:01.676132,4,0.0,0,0,0,0.0,48.46
2026-07-18T16:49:01.676330,2,0.0,0,0,0,0.0,48.46
2026-07-18T16:49:01.676878,1,0.0,0,0,0,0.0,48.46
2026-07-18T16:49:03.680100,4,0.0,0,0,0,1.0,48.46
2026-07-18T16:49:03.680520,3,0.0,0,0,0,0.0,48.46
2026-07-18T16:49:03.681255,1,0.0,0,0,0,0.0,48.46
2026-07-18T16:49:03.682360,2,0.0,0,0,0,0.0,48.46
2026-07-18T16:49:05.683030,1,0.0,0,0,0,0.5,48.46
2026-07-18T16:49:05.684369,4,0.0,0,0,0,0.0,48.46
2026-07-18T16:49:05.688234,2,0.0,0,0,0,0.0,48.46
2026-07-18T16:49:05.689295,3,0.0,0,0,0,0.0,48.46
2026-07-18T16:49:07.682958,3,0.0,0,0,0,0.5,48.46
2026-07-18T16:49:07.683260,1,0.0,0,0,0,0.0,48.46
2026-07-18T16:49:07.683377,2,0.0,0,0,0,0.0,48.46
2026-07-18T16:49:07.683817,4,0.0,0,0,0,0.0,48.46
2026-07-18T16:49:09.684392,1,0.0,0,0,0,0.0,48.46
2026-07-18T16:49:09.684891,4,0.0,0,0,0,0.0,48.46
2026-07-18T16:49:09.685405,2,0.0,0,0,0,0.0,48.46
2026-07-18T16:49:09.685511,3,0.0,0,0,0,0.0,48.46
2026-07-18T16:49:11.688779,4,0.0,0,0,0,0.0,48.46
2026-07-18T16:49:11.690818,3,0.0,0,0,0,383.2,48.46
2026-07-18T16:49:11.691136,2,0.0,0,0,0,0.0,48.46
2026-07-18T16:49:11.691326,1,0.0,0,0,0,0.0,48.46
2026-07-18T16:49:13.692711,3,0.0,0,0,0,0.0,48.46
2026-07-18T16:49:13.693062,4,0.0,0,0,0,0.0,48.46
2026-07-18T16:49:13.693203,1,0.0,0,0,0,0.0,48.46
2026-07-18T16:49:13.693883,2,0.0,0,0,0,0.0,48.46
2026-07-18T16:49:15.694651,4,0.0,0,0,0,0.5,48.46
2026-07-18T16:49:15.697425,2,0.0,0,0,0,0.0,48.46
2026-07-18T16:49:15.698147,3,0.0,0,0,0,0.0,48.46
2026-07-18T16:49:15.698386,1,0.0,0,0,0,0.0,48.46
2026-07-18T16:49:17.694945,4,0.0,0,0,0,0.0,48.46
2026-07-18T16:49:17.696364,2,0.0,0,0,0,0.0,48.46
2026-07-18T16:49:17.696854,1,0.0,0,0,0,0.0,48.46
2026-07-18T16:49:17.696976,3,0.0,0,0,0,0.0,48.46
2026-07-18T16:49:19.701935,4,0.0,0,0,0,0.5,48.46
2026-07-18T16:49:19.706461,3,0.0,0,0,0,195.8,48.46
2026-07-18T16:49:19.707555,1,0.0,0,0,0,0.0,48.46
2026-07-18T16:49:19.708589,2,0.0,0,0,0,0.0,48.46
2026-07-18T16:49:21.701873,4,0.0,0,0,0,0.5,48.46
2026-07-18T16:49:21.702083,1,0.0,0,0,0,0.0,48.46
2026-07-18T16:49:21.703027,3,0.0,0,0,0,0.0,48.46
2026-07-18T16:49:21.703224,2,0.0,0,0,0,0.0,48.46
2026-07-18T16:49:23.706444,4,0.0,0,0,0,0.0,48.46
2026-07-18T16:49:23.707144,3,0.0,0,0,0,0.0,48.46
2026-07-18T16:49:23.707676,1,0.0,0,0,0,0.0,48.46
2026-07-18T16:49:23.708782,2,0.0,0,0,0,0.0,48.46
2026-07-18T16:49:25.709438,4,0.0,0,0,0,0.0,48.46
2026-07-18T16:49:25.712363,1,0.0,0,0,0,312.4,48.46
2026-07-18T16:49:25.713042,2,0.0,0,0,0,0.0,48.46
2026-07-18T16:49:25.713652,3,0.0,0,0,0,0.0,48.46
2026-07-18T16:49:27.712621,4,0.0,0,0,0,0.0,48.46
2026-07-18T16:49:27.716082,2,0.0,0,0,0,0.0,48.46
2026-07-18T16:49:27.717112,1,0.0,0,0,0,0.0,48.46
2026-07-18T16:49:27.718109,3,0.0,0,0,0,0.0,48.46
2026-07-18T16:49:29.715605,4,0.0,0,0,0,1.0,48.46
2026-07-18T16:49:29.716117,2,0.0,0,0,0,0.0,48.46
2026-07-18T16:49:29.716602,3,0.0,0,0,0,0.0,48.46
2026-07-18T16:49:29.716948,1,0.0,0,0,0,0.0,48.46
2026-07-18T16:49:31.719046,4,0.0,0,0,0,0.0,48.46
2026-07-18T16:49:31.723596,3,0.0,0,0,0,0.0,48.46
2026-07-18T16:49:31.724253,2,0.0,0,0,0,0.0,48.46
2026-07-18T16:49:31.725909,1,0.0,0,0,0,0.0,48.46
2026-07-18T16:49:33.720293,1,0.0,0,0,0,0.5,48.46
2026-07-18T16:49:33.720485,4,0.0,0,0,0,0.0,48.46
2026-07-18T16:49:33.722184,2,0.0,0,0,0,0.0,48.46
2026-07-18T16:49:33.722642,3,0.0,0,0,0,0.0,48.46
2026-07-18T16:49:35.725149,4,0.0,0,0,0,0.0,48.46
2026-07-18T16:49:35.726017,1,0.0,0,0,0,0.0,48.46
2026-07-18T16:49:35.728103,2,0.0,0,0,0,0.0,48.46
2026-07-18T16:49:35.728434,3,0.0,0,0,0,832.3,48.46
2026-07-18T16:49:37.725302,4,0.0,0,0,0,0.5,48.46
2026-07-18T16:49:37.726130,1,0.0,0,0,0,0.0,48.46
2026-07-18T16:49:37.727356,2,0.0,0,0,0,0.0,48.46
2026-07-18T16:49:37.727566,3,0.0,0,0,0,0.0,48.46
2026-07-18T16:49:39.728332,4,0.0,0,0,0,0.0,48.46
2026-07-18T16:49:39.733169,3,0.0,0,0,0,0.0,48.46
2026-07-18T16:49:39.735056,2,0.0,0,0,0,0.0,48.46
2026-07-18T16:49:39.736323,1,0.0,0,0,0,733.7,48.46
2026-07-18T16:49:41.731321,4,0.0,0,0,0,0.0,48.46
2026-07-18T16:49:41.734305,2,0.0,0,0,0,0.0,48.46
2026-07-18T16:49:41.735334,3,0.0,0,0,0,0.0,48.46
2026-07-18T16:49:41.736904,1,0.0,0,0,0,908.5,48.46
2026-07-18T16:49:43.735761,4,0.0,0,0,0,0.0,48.46
2026-07-18T16:49:43.738928,2,0.0,0,0,0,0.0,48.46
2026-07-18T16:49:43.741189,3,0.0,0,0,0,0.0,48.46
2026-07-18T16:49:43.742026,1,0.0,0,0,0,0.0,48.46
2026-07-18T16:49:45.742348,1,0.0,0,0,0,0.5,48.46
2026-07-18T16:49:45.743849,4,0.0,0,0,0,0.0,48.46
2026-07-18T16:49:45.744426,3,0.0,0,0,0,0.0,48.46
2026-07-18T16:49:45.747193,2,0.0,0,0,0,375.9,48.46
2026-07-18T16:49:47.751138,2,0.0,0,0,0,0.5,48.46
2026-07-18T16:49:47.752223,3,0.0,0,0,0,0.0,48.46
2026-07-18T16:49:47.753432,1,0.0,0,0,0,0.0,48.46
2026-07-18T16:49:47.754568,4,0.0,0,0,0,822.7,48.46
2026-07-18T16:49:49.745562,1,0.0,0,0,0,0.0,48.46
2026-07-18T16:49:49.745725,4,0.0,0,0,0,0.0,48.46
2026-07-18T16:49:49.747063,2,0.0,0,0,0,0.0,48.46
2026-07-18T16:49:49.747369,3,0.0,0,0,0,0.0,48.46
2026-07-18T16:49:51.749192,1,0.0,0,0,0,0.0,48.46
2026-07-18T16:49:51.749795,4,0.0,0,0,0,0.0,48.46
2026-07-18T16:49:51.750524,3,0.0,0,0,0,0.0,48.46
2026-07-18T16:49:51.750663,2,0.0,0,0,0,0.0,48.46
2026-07-18T16:49:53.754226,4,0.0,0,0,0,0.5,48.46
2026-07-18T16:49:53.755624,1,0.0,0,0,0,0.0,48.46
2026-07-18T16:49:53.758194,2,0.0,0,0,0,0.0,48.46
2026-07-18T16:49:53.758859,3,0.0,0,0,0,0.0,48.46
2026-07-18T16:49:55.942858,2,0.0,0,0,0,0.0,48.46
2026-07-18T16:49:55.943102,4,0.0,0,0,0,1230.8,48.46
2026-07-18T16:49:55.943228,3,0.0,0,0,0,0.0,48.46
2026-07-18T16:49:55.943660,1,0.0,0,0,0,0.0,48.46
2026-07-18T16:49:57.763464,4,0.0,0,0,0,0.5,48.46
2026-07-18T16:49:57.765095,1,0.0,0,0,0,0.0,48.46
2026-07-18T16:49:57.767813,3,0.0,0,0,0,333.9,48.46
2026-07-18T16:49:57.768119,2,0.0,0,0,0,0.0,48.46
2026-07-18T16:49:59.777943,2,0.0,0,0,0,0.0,48.46
2026-07-18T16:49:59.778203,3,0.0,0,0,0,0.0,48.46
2026-07-18T16:49:59.778496,1,0.0,0,0,0,0.0,48.46
2026-07-18T16:49:59.778969,4,0.0,0,0,0,0.0,48.46
2026-07-18T16:50:01.776329,3,0.0,0,0,0,0.5,48.46
2026-07-18T16:50:01.776489,2,0.0,0,0,0,0.0,48.46
2026-07-18T16:50:01.776596,4,0.0,0,0,0,0.0,48.46
2026-07-18T16:50:01.781636,1,0.0,0,0,0,0.0,48.46
2026-07-18T16:50:03.775198,1,0.0,0,0,0,0.0,48.46
2026-07-18T16:50:03.775943,4,0.0,0,0,0,0.0,48.46
2026-07-18T16:50:03.776133,2,0.0,0,0,0,0.0,48.46
2026-07-18T16:50:03.776263,3,0.0,0,0,0,0.0,48.46
2026-07-18T16:50:05.783869,4,0.0,0,0,0,0.5,48.46
2026-07-18T16:50:05.784536,1,0.0,0,0,0,0.0,48.46
2026-07-18T16:50:05.784874,3,0.0,0,0,0,0.0,48.46
2026-07-18T16:50:05.786228,2,0.0,0,0,0,0.0,48.46
2026-07-18T16:50:07.783225,4,0.0,0,0,0,0.0,48.46
2026-07-18T16:50:07.786199,2,0.0,0,0,0,275.7,48.46
2026-07-18T16:50:07.786938,1,0.0,0,0,0,0.0,48.46
2026-07-18T16:50:07.787181,3,0.0,0,0,0,0.0,48.46
2026-07-18T16:50:09.782996,4,0.0,0,0,0,0.0,48.46
2026-07-18T16:50:09.783907,1,0.0,0,0,0,0.0,48.46
2026-07-18T16:50:09.786046,2,0.0,0,0,0,0.0,48.46
2026-07-18T16:50:09.786328,3,0.0,0,0,0,0.0,48.46
2026-07-18T16:50:11.786139,4,0.0,0,0,0,0.5,48.46
2026-07-18T16:50:11.786823,1,0.0,0,0,0,0.0,48.46
2026-07-18T16:50:11.787173,3,0.0,0,0,0,0.0,48.46
2026-07-18T16:50:11.788467,2,0.0,0,0,0,0.0,48.46
2026-07-18T16:50:13.788467,2,0.0,0,0,0,0.5,48.46
2026-07-18T16:50:13.788966,4,0.0,0,0,0,0.0,48.46
2026-07-18T16:50:13.789165,3,0.0,0,0,0,0.0,48.46
2026-07-18T16:50:13.789664,1,0.0,0,0,0,0.0,48.46
2026-07-18T16:50:15.791498,4,0.0,0,0,0,0.0,48.46
2026-07-18T16:50:15.793805,2,0.0,0,0,0,0.0,48.46
2026-07-18T16:50:15.794148,1,0.0,0,0,0,0.0,48.46
2026-07-18T16:50:15.794842,3,0.0,0,0,0,0.0,48.46
2026-07-18T16:50:17.802912,4,0.0,0,0,0,0.5,48.46
2026-07-18T16:50:17.803749,1,0.0,0,0,0,0.0,48.46
2026-07-18T16:50:17.806736,3,0.0,0,0,0,0.0,48.46
2026-07-18T16:50:17.807065,2,0.0,0,0,0,0.0,48.46
2026-07-18T16:50:19.803248,4,0.0,0,0,0,0.0,48.46
2026-07-18T16:50:19.805999,1,0.0,0,0,0,624.1,48.46
2026-07-18T16:50:19.809085,2,0.0,0,0,0,0.0,48.46
2026-07-18T16:50:19.811947,3,0.0,0,0,0,0.0,48.46
2026-07-18T16:50:21.801272,3,0.0,0,0,0,0.0,48.46
2026-07-18T16:50:21.801854,1,0.0,0,0,0,0.0,48.46
2026-07-18T16:50:21.802047,4,0.0,0,0,0,0.0,48.46
2026-07-18T16:50:21.802949,2,0.0,0,0,0,0.0,48.46
2026-07-18T16:50:23.806961,1,0.0,0,0,0,0.5,48.46
2026-07-18T16:50:23.807853,4,0.0,0,0,0,0.0,48.46
2026-07-18T16:50:23.810978,3,0.0,0,0,0,0.0,48.46
2026-07-18T16:50:23.812078,2,0.0,0,0,0,0.0,48.46
2026-07-18T16:50:25.807590,1,0.0,0,0,0,0.5,48.46
2026-07-18T16:50:25.808376,4,0.0,0,0,0,0.0,48.46
2026-07-18T16:50:25.808953,3,0.0,0,0,0,0.0,48.46
2026-07-18T16:50:25.809919,2,0.0,0,0,0,0.0,48.46
2026-07-18T16:50:27.809305,1,0.0,0,0,0,0.0,48.46
2026-07-18T16:50:27.809765,4,0.0,0,0,0,0.0,48.46
2026-07-18T16:50:27.811035,3,0.0,0,0,0,0.0,48.46
2026-07-18T16:50:27.811319,2,0.0,0,0,0,0.0,48.46
2026-07-18T16:50:29.817268,4,0.0,0,0,0,0.5,48.46
2026-07-18T16:50:29.819285,1,0.0,0,0,0,0.0,48.46
2026-07-18T16:50:29.819961,3,0.0,0,0,0,0.0,48.46
2026-07-18T16:50:29.820264,2,0.0,0,0,0,0.0,48.46
2026-07-18T16:50:31.817467,4,0.0,0,0,0,0.0,48.46
2026-07-18T16:50:31.819120,3,0.0,0,0,0,733.6,48.46
2026-07-18T16:50:31.819346,2,0.0,0,0,0,0.0,48.46
2026-07-18T16:50:31.819469,1,0.0,0,0,0,0.0,48.46
2026-07-18T16:50:33.821583,4,0.0,0,0,0,0.5,48.46
2026-07-18T16:50:33.823166,1,0.0,0,0,0,0.0,48.46
2026-07-18T16:50:33.823810,3,0.0,0,0,0,0.0,48.46
2026-07-18T16:50:33.824017,2,0.0,0,0,0,0.0,48.46
2026-07-18T16:50:35.827828,4,0.0,0,0,0,0.0,48.46
2026-07-18T16:50:35.832070,3,0.0,0,0,0,249.5,48.46
2026-07-18T16:50:35.832984,2,0.0,0,0,0,0.0,48.46
2026-07-18T16:50:35.833980,1,0.0,0,0,0,0.0,48.46
2026-07-18T16:50:37.829233,4,0.0,0,0,0,0.0,48.46
2026-07-18T16:50:37.833788,1,0.0,0,0,0,0.0,48.46
2026-07-18T16:50:37.834027,3,0.0,0,0,0,0.0,48.46
2026-07-18T16:50:37.834193,2,0.0,0,0,0,0.0,48.46
2026-07-18T16:50:39.832846,4,0.0,0,0,0,0.5,48.46
2026-07-18T16:50:39.833117,3,0.0,0,0,0,0.0,48.46
2026-07-18T16:50:39.833680,1,0.0,0,0,0,0.0,48.46
2026-07-18T16:50:39.834704,2,0.0,0,0,0,0.0,48.46
2026-07-18T16:50:41.833747,4,0.0,0,0,0,0.5,48.46
2026-07-18T16:50:41.835932,3,0.0,0,0,0,397.8,48.46
2026-07-18T16:50:41.836273,2,0.0,0,0,0,0.0,48.46
2026-07-18T16:50:41.836831,1,0.0,0,0,0,0.0,48.46
2026-07-18T16:50:43.836177,1,0.0,0,0,0,0.0,48.46
2026-07-18T16:50:43.836591,4,0.0,0,0,0,0.0,48.46
2026-07-18T16:50:43.837316,3,0.0,0,0,0,0.0,48.46
2026-07-18T16:50:43.837909,2,0.0,0,0,0,0.0,48.46
2026-07-18T16:50:45.839494,1,0.0,0,0,0,0.0,48.46
2026-07-18T16:50:45.839852,4,0.0,0,0,0,0.0,48.46
2026-07-18T16:50:45.841909,3,0.0,0,0,0,0.0,48.46
2026-07-18T16:50:45.842456,2,0.0,0,0,0,0.0,48.46
2026-07-18T16:50:47.844261,4,0.0,0,0,0,0.5,48.46
2026-07-18T16:50:47.849000,2,0.0,0,0,0,0.0,48.46
2026-07-18T16:50:47.849471,1,0.0,0,0,0,0.0,48.46
2026-07-18T16:50:47.850438,3,0.0,0,0,0,0.0,48.46
2026-07-18T16:50:49.847372,4,0.0,0,0,0,0.5,48.46
2026-07-18T16:50:49.849939,3,0.0,0,0,0,357.9,48.46
2026-07-18T16:50:49.850276,2,0.0,0,0,0,0.0,48.46
2026-07-18T16:50:49.850927,1,0.0,0,0,0,0.0,48.46
2026-07-18T16:50:51.852992,1,0.0,0,0,0,0.0,48.46
2026-07-18T16:50:51.853625,4,0.0,0,0,0,0.0,48.46
2026-07-18T16:50:51.853834,2,0.0,0,0,0,0.0,48.46
2026-07-18T16:50:51.853963,3,0.0,0,0,0,0.0,48.46
2026-07-18T16:50:53.852053,4,0.0,0,0,0,0.0,48.46
2026-07-18T16:50:53.854119,2,0.0,0,0,0,479.3,48.46
2026-07-18T16:50:53.854812,3,0.0,0,0,0,0.0,48.46
2026-07-18T16:50:53.855121,1,0.0,0,0,0,0.0,48.46
2026-07-18T16:50:55.858135,1,0.0,0,0,0,0.0,48.46
2026-07-18T16:50:55.859153,3,0.0,0,0,0,0.0,48.46
2026-07-18T16:50:55.860028,4,0.0,0,0,0,0.0,48.46
2026-07-18T16:50:55.862670,2,0.0,0,0,0,0.0,48.46
2026-07-18T16:50:57.858112,4,0.0,0,0,0,0.5,48.46
2026-07-18T16:50:57.859572,3,0.0,0,0,0,0.0,48.46
2026-07-18T16:50:57.859740,2,0.0,0,0,0,0.0,48.46
2026-07-18T16:50:57.859840,1,0.0,0,0,0,0.0,48.46
2026-07-18T16:50:59.864878,4,0.0,0,0,0,0.0,48.46
2026-07-18T16:50:59.865434,1,0.0,0,0,0,0.0,48.46
2026-07-18T16:50:59.868135,3,0.0,0,0,0,0.0,48.46
2026-07-18T16:50:59.868820,2,0.0,0,0,0,2478.5,48.46
2026-07-18T16:51:01.865223,1,0.0,0,0,0,0.5,48.46
2026-07-18T16:51:01.866010,4,0.0,0,0,0,0.0,48.46
2026-07-18T16:51:01.867495,2,0.0,0,0,0,0.0,48.46
2026-07-18T16:51:01.868084,3,0.0,0,0,0,0.0,48.46
2026-07-18T16:51:03.869162,1,0.0,0,0,0,0.0,48.46
2026-07-18T16:51:03.869510,4,0.0,0,0,0,0.0,48.46
2026-07-18T16:51:03.869968,3,0.0,0,0,0,0.0,48.46
2026-07-18T16:51:03.870926,2,0.0,0,0,0,1656.6,48.46
2026-07-18T16:51:05.873493,4,0.0,0,0,0,0.0,48.46
2026-07-18T16:51:05.878961,2,0.0,0,0,0,0.0,48.46
2026-07-18T16:51:05.880026,1,0.0,0,0,0,556.8,48.46
2026-07-18T16:51:05.880977,3,0.0,0,0,0,0.0,48.46
2026-07-18T16:51:07.878081,1,0.0,0,0,0,0.0,48.46
2026-07-18T16:51:07.878866,4,0.0,0,0,0,0.0,48.46
2026-07-18T16:51:07.881934,3,0.0,0,0,0,0.0,48.46
2026-07-18T16:51:07.882860,2,0.0,0,0,0,1041.2,48.46
2026-07-18T16:51:09.880033,4,0.0,0,0,0,0.0,48.46
2026-07-18T16:51:09.882946,1,0.0,0,0,0,0.0,48.46
2026-07-18T16:51:09.883758,3,0.0,0,0,0,0.0,48.46
2026-07-18T16:51:09.884182,2,0.0,0,0,0,0.0,48.46
2026-07-18T16:51:11.881534,3,0.0,0,0,0,0.5,48.46
2026-07-18T16:51:11.882019,4,0.0,0,0,0,0.0,48.46
2026-07-18T16:51:11.882314,1,0.0,0,0,0,0.0,48.46
2026-07-18T16:51:11.883377,2,0.0,0,0,0,921.8,48.46
2026-07-18T16:51:13.884233,1,0.0,0,0,0,0.0,48.46
2026-07-18T16:51:13.884389,4,0.0,0,0,0,0.0,48.46
2026-07-18T16:51:13.885351,2,0.0,0,0,0,0.0,48.46
2026-07-18T16:51:13.885513,3,0.0,0,0,0,0.0,48.46
2026-07-18T16:51:15.887285,4,0.0,0,0,0,0.0,48.46
2026-07-18T16:51:15.888080,1,0.0,0,0,0,0.0,48.46
2026-07-18T16:51:15.889442,3,0.0,0,0,0,0.0,48.46
2026-07-18T16:51:15.892253,2,0.0,0,0,0,420.9,48.46
2026-07-18T16:51:17.890237,4,0.0,0,0,0,0.0,48.46
2026-07-18T16:51:17.890825,1,0.0,0,0,0,0.0,48.46
2026-07-18T16:51:17.891068,3,0.0,0,0,0,0.0,48.46
2026-07-18T16:51:17.892600,2,0.0,0,0,0,0.0,48.46
2026-07-18T16:51:19.890990,4,0.0,0,0,0,0.0,48.46
2026-07-18T16:51:19.892969,3,0.0,0,0,0,0.0,48.46
2026-07-18T16:51:19.893228,2,0.0,0,0,0,0.0,48.46
2026-07-18T16:51:19.893726,1,0.0,0,0,0,0.0,48.46
2026-07-18T16:51:21.898137,4,0.0,0,0,0,0.5,48.46
2026-07-18T16:51:21.899217,3,0.0,0,0,0,0.0,48.46
2026-07-18T16:51:21.900228,1,0.0,0,0,0,0.0,48.46
2026-07-18T16:51:21.902990,2,0.0,0,0,0,355.4,48.46
2026-07-18T16:51:23.897375,4,0.0,0,0,0,0.0,48.46
2026-07-18T16:51:23.898998,3,0.0,0,0,0,755.0,48.46
2026-07-18T16:51:23.899211,2,0.0,0,0,0,0.0,48.46
2026-07-18T16:51:23.899331,1,0.0,0,0,0,0.0,48.46
2026-07-18T16:51:25.900608,4,0.0,0,0,0,0.0,48.46
2026-07-18T16:51:25.902149,2,0.0,0,0,0,0.0,48.46
2026-07-18T16:51:25.902329,3,0.0,0,0,0,0.0,48.46
2026-07-18T16:51:25.903003,1,0.0,0,0,0,0.0,48.46
2026-07-18T16:51:27.902977,4,0.0,0,0,0,0.0,48.46
2026-07-18T16:51:27.903147,1,0.0,0,0,0,0.0,48.46
2026-07-18T16:51:27.904735,3,0.0,0,0,0,0.0,48.46
2026-07-18T16:51:27.904985,2,0.0,0,0,0,0.0,48.46
2026-07-18T16:51:29.906984,4,0.0,0,0,0,0.5,48.46
2026-07-18T16:51:29.909961,1,0.0,0,0,0,0.0,48.46
2026-07-18T16:51:29.910263,2,0.0,0,0,0,0.0,48.46
2026-07-18T16:51:29.911118,3,0.0,0,0,0,0.0,48.46
2026-07-18T16:51:31.910350,4,0.0,0,0,0,0.0,48.46
2026-07-18T16:51:31.910912,1,0.0,0,0,0,0.0,48.46
2026-07-18T16:51:31.912236,2,0.0,0,0,0,0.0,48.46
2026-07-18T16:51:31.912410,3,0.0,0,0,0,0.0,48.46
2026-07-18T16:51:33.911813,4,0.0,0,0,0,0.5,48.46
2026-07-18T16:51:33.912765,3,0.0,0,0,0,0.0,48.46
2026-07-18T16:51:33.913430,1,0.0,0,0,0,0.0,48.46
2026-07-18T16:51:33.913889,2,0.0,0,0,0,0.0,48.46
2026-07-18T16:51:35.914029,4,0.0,0,0,0,0.5,48.46
2026-07-18T16:51:35.914846,1,0.0,0,0,0,0.0,48.46
2026-07-18T16:51:35.915783,3,0.0,0,0,0,0.0,48.46
2026-07-18T16:51:35.915970,2,0.0,0,0,0,0.0,48.46
2026-07-18T16:51:37.918345,3,0.0,0,0,0,0.0,48.46
2026-07-18T16:51:37.918771,1,0.0,0,0,0,0.0,48.46
2026-07-18T16:51:37.919007,2,0.0,0,0,0,0.0,48.46
2026-07-18T16:51:37.919140,4,0.0,0,0,0,0.0,48.46
2026-07-18T16:51:39.920171,4,0.0,0,0,0,0.0,48.46
2026-07-18T16:51:39.922243,2,0.0,0,0,0,404.2,48.46
2026-07-18T16:51:39.922956,3,0.0,0,0,0,0.0,48.46
2026-07-18T16:51:39.923193,1,0.0,0,0,0,0.0,48.46
2026-07-18T16:51:41.925075,4,0.0,0,0,0,0.0,48.46
2026-07-18T16:51:41.928502,3,0.0,0,0,0,0.0,48.46
2026-07-18T16:51:41.929875,1,0.0,0,0,0,0.0,48.46
2026-07-18T16:51:41.930588,2,0.0,0,0,0,1136.5,48.46
2026-07-18T16:51:43.929089,4,0.0,0,0,0,0.0,48.46
2026-07-18T16:51:43.931901,3,0.0,0,0,0,0.0,48.46
2026-07-18T16:51:43.932687,2,0.0,0,0,0,0.0,48.46
2026-07-18T16:51:43.933159,1,0.0,0,0,0,0.0,48.46
2026-07-18T16:51:45.930069,1,0.0,0,0,0,0.5,48.46
2026-07-18T16:51:45.930215,3,0.0,0,0,0,0.0,48.46
2026-07-18T16:51:45.930308,4,0.0,0,0,0,0.0,48.46
2026-07-18T16:51:45.930417,2,0.0,0,0,0,0.0,48.46
2026-07-18T16:51:47.933026,2,0.0,0,0,0,0.0,48.46
2026-07-18T16:51:47.933177,4,0.0,0,0,0,0.0,48.46
2026-07-18T16:51:47.933275,3,0.0,0,0,0,0.0,48.46
2026-07-18T16:51:47.933371,1,0.0,0,0,0,0.0,48.46
2026-07-18T16:51:49.936728,4,0.0,0,0,0,0.0,48.46
2026-07-18T16:51:49.936940,1,0.0,0,0,0,0.0,48.46
2026-07-18T16:51:49.937047,2,0.0,0,0,0,0.0,48.46
2026-07-18T16:51:49.937149,3,0.0,0,0,0,0.0,48.46
2026-07-18T16:51:51.938394,4,0.0,0,0,0,0.0,48.46
2026-07-18T16:51:51.939904,2,0.0,0,0,0,648.6,48.46
2026-07-18T16:51:51.940070,1,0.0,0,0,0,0.0,48.46
2026-07-18T16:51:51.940198,3,0.0,0,0,0,0.0,48.46
2026-07-18T16:51:53.944441,4,0.0,0,0,0,0.5,48.46
2026-07-18T16:51:53.945498,1,0.0,0,0,0,0.0,48.46
2026-07-18T16:51:53.951835,2,0.0,0,0,0,0.0,48.46
2026-07-18T16:51:53.952948,3,0.0,0,0,0,0.0,48.46
2026-07-18T16:51:55.942028,4,0.0,0,0,0,0.5,48.46
2026-07-18T16:51:55.944183,2,0.0,0,0,0,0.0,48.46
2026-07-18T16:51:55.944474,1,0.0,0,0,0,0.0,48.46
2026-07-18T16:51:55.944944,3,0.0,0,0,0,0.0,48.46
2026-07-18T16:51:57.943970,1,0.0,0,0,0,0.0,48.46
2026-07-18T16:51:57.944124,4,0.0,0,0,0,0.0,48.46
2026-07-18T16:51:57.945130,2,0.0,0,0,0,0.0,48.46
2026-07-18T16:51:57.945317,3,0.0,0,0,0,0.0,48.46
2026-07-18T16:51:59.946815,3,0.0,0,0,0,0.0,48.46
2026-07-18T16:51:59.947016,4,0.0,0,0,0,0.0,48.46
2026-07-18T16:51:59.947129,1,0.0,0,0,0,0.0,48.46
2026-07-18T16:51:59.947985,2,0.0,0,0,0,0.0,48.46
2026-07-18T16:52:01.950860,4,0.0,0,0,0,0.5,48.46
2026-07-18T16:52:01.953053,2,0.0,0,0,0,0.0,48.46
2026-07-18T16:52:01.953284,1,0.0,0,0,0,0.0,48.46
2026-07-18T16:52:01.953438,3,0.0,0,0,0,0.0,48.46
2026-07-18T16:52:03.952530,1,0.0,0,0,0,0.5,48.46
2026-07-18T16:52:03.953389,3,0.0,0,0,0,0.0,48.46
2026-07-18T16:52:03.954067,4,0.0,0,0,0,0.0,48.46
2026-07-18T16:52:03.955344,2,0.0,0,0,0,1105.4,48.46
2026-07-18T16:52:05.956301,4,0.0,0,0,0,0.0,48.46
2026-07-18T16:52:05.959444,1,0.0,0,0,0,0.0,48.46
2026-07-18T16:52:05.961064,3,0.0,0,0,0,0.0,48.46
2026-07-18T16:52:05.962110,2,0.0,0,0,0,0.0,48.46
2026-07-18T16:52:07.958976,3,0.0,0,0,0,0.5,48.46
2026-07-18T16:52:07.960527,4,0.0,0,0,0,0.0,48.46
2026-07-18T16:52:07.960797,1,0.0,0,0,0,0.0,48.46
2026-07-18T16:52:07.961995,2,0.0,0,0,0,0.0,48.46
2026-07-18T16:52:09.960248,4,0.0,0,0,0,0.0,48.46
2026-07-18T16:52:09.961281,3,0.0,0,0,0,0.0,48.46
2026-07-18T16:52:09.961928,2,0.0,0,0,0,0.0,48.46
2026-07-18T16:52:09.962147,1,0.0,0,0,0,0.0,48.46
2026-07-18T16:52:11.963212,1,0.0,0,0,0,0.0,48.46
2026-07-18T16:52:11.963359,4,0.0,0,0,0,4483.7,48.46
2026-07-18T16:52:11.964201,2,0.0,0,0,0,0.0,48.46
2026-07-18T16:52:11.964336,3,0.0,0,0,0,0.0,48.46
2026-07-18T16:52:13.969532,4,0.0,0,0,0,0.0,48.46
2026-07-18T16:52:13.976250,3,0.0,0,0,0,141.3,48.46
2026-07-18T16:52:13.977294,2,0.0,0,0,0,0.0,48.46
2026-07-18T16:52:13.978900,1,0.0,0,0,0,0.0,48.46
2026-07-18T16:52:15.972862,3,0.0,0,0,0,0.5,48.46
2026-07-18T16:52:15.973092,1,0.0,0,0,0,0.0,48.46
2026-07-18T16:52:15.973226,4,0.0,0,0,0,0.0,48.46
2026-07-18T16:52:15.974905,2,0.0,0,0,0,0.0,48.46
2026-07-18T16:52:17.972955,4,0.0,0,0,0,0.0,48.46
2026-07-18T16:52:17.973124,1,0.0,0,0,0,0.0,48.46
2026-07-18T16:52:17.973587,3,0.0,0,0,0,2206.6,48.46
2026-07-18T16:52:17.974527,2,0.0,0,0,0,0.0,48.46
2026-07-18T16:52:19.975462,4,0.0,0,0,0,0.0,48.46
2026-07-18T16:52:19.975909,1,0.0,0,0,0,0.0,48.46
2026-07-18T16:52:19.976058,3,0.0,0,0,0,0.0,48.46
2026-07-18T16:52:19.976523,2,0.0,0,0,0,0.0,48.46
2026-07-18T16:52:21.978131,3,0.0,0,0,0,0.0,48.46
2026-07-18T16:52:21.978317,4,0.0,0,0,0,0.0,48.46
2026-07-18T16:52:21.978430,1,0.0,0,0,0,0.0,48.46
2026-07-18T16:52:21.979524,2,0.0,0,0,0,0.0,48.46
2026-07-18T16:52:23.984258,4,0.0,0,0,0,0.5,48.46
2026-07-18T16:52:23.991128,3,0.0,0,0,0,0.0,48.46
2026-07-18T16:52:23.992181,2,0.0,0,0,0,0.0,48.46
2026-07-18T16:52:23.993037,1,0.0,0,0,0,0.0,48.46
2026-07-18T16:52:25.985108,3,0.0,0,0,0,1.0,48.46
2026-07-18T16:52:25.985332,4,0.0,0,0,0,0.0,48.46
2026-07-18T16:52:25.985489,1,0.0,0,0,0,0.0,48.46
2026-07-18T16:52:25.987048,2,0.0,0,0,0,0.0,48.46
2026-07-18T16:52:27.988468,1,0.0,0,0,0,0.0,48.46
2026-07-18T16:52:27.989219,4,0.0,0,0,0,0.0,48.46
2026-07-18T16:52:27.991201,3,0.0,0,0,0,0.0,48.46
2026-07-18T16:52:27.992069,2,0.0,0,0,0,0.0,48.46
2026-07-18T16:52:29.990105,4,0.0,0,0,0,0.5,48.46
2026-07-18T16:52:29.992414,2,0.0,0,0,0,0.0,48.46
2026-07-18T16:52:29.992990,3,0.0,0,0,0,0.0,48.46
2026-07-18T16:52:29.993186,1,0.0,0,0,0,0.0,48.46
2026-07-18T16:52:31.992886,4,0.0,0,0,0,0.0,48.46
2026-07-18T16:52:31.993138,1,0.0,0,0,0,0.0,48.46
2026-07-18T16:52:31.994535,3,0.0,0,0,0,0.0,48.46
2026-07-18T16:52:31.995095,2,0.0,0,0,0,0.0,48.46
2026-07-18T16:52:33.995987,1,0.0,0,0,0,0.5,48.46
2026-07-18T16:52:33.996218,3,0.0,0,0,0,0.0,48.46
2026-07-18T16:52:33.996407,4,0.0,0,0,0,0.0,48.46
2026-07-18T16:52:33.996520,2,0.0,0,0,0,0.0,48.46
2026-07-18T16:52:36.000739,4,0.0,0,0,0,0.0,48.46
2026-07-18T16:52:36.005429,2,0.0,0,0,0,0.0,48.46
2026-07-18T16:52:36.006211,3,0.0,0,0,0,0.0,48.46
2026-07-18T16:52:36.006454,1,0.0,0,0,0,0.0,48.46
2026-07-18T16:52:38.001396,4,0.0,0,0,0,1.0,48.46
2026-07-18T16:52:38.001590,1,0.0,0,0,0,0.0,48.46
2026-07-18T16:52:38.002373,3,0.0,0,0,0,0.0,48.46
2026-07-18T16:52:38.003508,2,0.0,0,0,0,0.0,48.46
2026-07-18T16:52:40.008002,4,0.0,0,0,0,0.0,48.46
2026-07-18T16:52:40.008271,1,0.0,0,0,0,0.0,48.46
2026-07-18T16:52:40.010125,2,0.0,0,0,0,573.6,48.46
2026-07-18T16:52:40.010905,3,0.0,0,0,0,0.0,48.46
2026-07-18T16:52:42.014319,1,0.0,0,0,0,0.5,48.46
2026-07-18T16:52:42.015286,2,0.0,0,0,0,0.0,48.46
2026-07-18T16:52:42.015774,4,0.0,0,0,0,0.0,48.46
2026-07-18T16:52:42.016074,3,0.0,0,0,0,0.0,48.46
2026-07-18T16:52:44.009290,4,0.0,0,0,0,0.0,48.46
2026-07-18T16:52:44.011444,3,0.0,0,0,0,0.0,48.46
2026-07-18T16:52:44.011706,2,0.0,0,0,0,0.0,48.46
2026-07-18T16:52:44.012253,1,0.0,0,0,0,0.0,48.46
2026-07-18T16:52:46.013202,4,0.0,0,0,0,0.5,48.46
2026-07-18T16:52:46.017105,2,0.0,0,0,0,0.0,48.46
2026-07-18T16:52:46.018030,1,0.0,0,0,0,0.0,48.46
2026-07-18T16:52:46.018943,3,0.0,0,0,0,0.0,48.46
2026-07-18T16:52:48.017078,3,0.0,0,0,0,0.5,48.46
2026-07-18T16:52:48.017527,4,0.0,0,0,0,0.0,48.46
2026-07-18T16:52:48.018673,1,0.0,0,0,0,0.0,48.46
2026-07-18T16:52:48.020211,2,0.0,0,0,0,0.0,48.46
2026-07-18T16:52:50.017064,4,0.0,0,0,0,0.5,48.46
2026-07-18T16:52:50.018597,2,0.0,0,0,0,0.0,48.46
2026-07-18T16:52:50.019141,3,0.0,0,0,0,0.0,48.46
2026-07-18T16:52:50.020085,1,0.0,0,0,0,0.0,48.46
2026-07-18T16:52:52.022331,2,0.0,0,0,0,0.0,48.46
2026-07-18T16:52:52.022969,1,0.0,0,0,0,0.0,48.46
2026-07-18T16:52:52.023212,4,0.0,0,0,0,0.0,48.46
2026-07-18T16:52:52.024027,3,0.0,0,0,0,0.0,48.46
2026-07-18T16:52:54.022101,4,0.0,0,0,0,0.0,48.46
2026-07-18T16:52:54.023427,2,0.0,0,0,0,0.0,48.46
2026-07-18T16:52:54.024110,1,0.0,0,0,0,1653.3,48.46
2026-07-18T16:52:54.024346,3,0.0,0,0,0,0.0,48.46
2026-07-18T16:52:56.024926,4,0.0,0,0,0,0.0,48.46
2026-07-18T16:52:56.026225,2,0.0,0,0,0,0.0,48.46
2026-07-18T16:52:56.026411,3,0.0,0,0,0,0.0,48.46
2026-07-18T16:52:56.026850,1,0.0,0,0,0,0.0,48.46
2026-07-18T16:52:58.031288,2,0.0,0,0,0,0.0,48.46
2026-07-18T16:52:58.032047,4,0.0,0,0,0,0.0,48.46
2026-07-18T16:52:58.033863,1,0.0,0,0,0,0.0,48.46
2026-07-18T16:52:58.034157,3,0.0,0,0,0,0.0,48.46
2026-07-18T16:53:00.105236,4,0.0,0,0,0,3.9,48.46
2026-07-18T16:53:00.106210,1,0.0,0,0,0,0.0,48.46
2026-07-18T16:53:00.106572,2,0.0,0,0,0,0.0,48.46
2026-07-18T16:53:00.106713,3,0.0,0,0,0,0.0,48.46
2026-07-18T16:53:02.042071,3,0.0,0,0,0,0.0,48.46
2026-07-18T16:53:02.042556,1,0.0,0,0,0,1049.6,48.46
2026-07-18T16:53:02.043594,4,0.0,0,0,0,0.0,48.46
2026-07-18T16:53:02.044036,2,0.0,0,0,0,0.0,48.46
2026-07-18T16:53:04.046344,4,0.0,0,0,0,0.0,48.46
2026-07-18T16:53:04.047053,1,0.0,0,0,0,0.0,48.46
2026-07-18T16:53:04.048688,2,0.0,0,0,0,0.0,48.46
2026-07-18T16:53:04.048934,3,0.0,0,0,0,0.0,48.46
2026-07-18T16:53:06.046314,4,0.0,0,0,0,0.0,48.46
2026-07-18T16:53:06.048571,2,0.0,0,0,0,0.0,48.46
2026-07-18T16:53:06.048927,3,0.0,0,0,0,0.0,48.46
2026-07-18T16:53:06.049061,1,0.0,0,0,0,0.0,48.46
2026-07-18T16:53:08.049275,4,0.0,0,0,0,0.5,48.46
2026-07-18T16:53:08.052320,3,0.0,0,0,0,0.0,48.46
2026-07-18T16:53:08.052879,2,0.0,0,0,0,1172.6,48.46
2026-07-18T16:53:08.053551,1,0.0,0,0,0,0.0,48.46
2026-07-18T16:53:10.052327,4,0.0,0,0,0,0.0,48.46
2026-07-18T16:53:10.053947,2,0.0,0,0,0,0.0,48.46
2026-07-18T16:53:10.054323,3,0.0,0,0,0,0.0,48.46
2026-07-18T16:53:10.054595,1,0.0,0,0,0,0.0,48.46
2026-07-18T16:53:12.055233,1,0.0,0,0,0,0.5,48.46
2026-07-18T16:53:12.055822,4,0.0,0,0,0,0.0,48.46
2026-07-18T16:53:12.057215,2,0.0,0,0,0,0.0,48.46
2026-07-18T16:53:12.057941,3,0.0,0,0,0,0.0,48.46
2026-07-18T16:53:14.062245,1,0.0,0,0,0,0.0,48.46
2026-07-18T16:53:14.062527,4,0.0,0,0,0,0.0,48.46
2026-07-18T16:53:14.062703,2,0.0,0,0,0,0.0,48.46
2026-07-18T16:53:14.063690,3,0.0,0,0,0,0.0,48.46
2026-07-18T16:53:16.062957,4,0.0,0,0,0,0.0,48.46
2026-07-18T16:53:16.066831,2,0.0,0,0,0,200.5,48.46
2026-07-18T16:53:16.067073,1,0.0,0,0,0,0.0,48.46
2026-07-18T16:53:16.067573,3,0.0,0,0,0,0.0,48.46
2026-07-18T16:53:18.063860,3,0.0,0,0,0,0.0,48.46
2026-07-18T16:53:18.064034,1,0.0,0,0,0,0.0,48.46
2026-07-18T16:53:18.064139,2,0.0,0,0,0,0.0,48.46
2026-07-18T16:53:18.064241,4,0.0,0,0,0,0.0,48.46
