timestamp,dpid,entropy,n_flows,n_blocked,detection_flag,cpu_pct,mem_mb
2026-07-18T16:54:07.849833,1,0.0,0,0,0,0.0,46.58
2026-07-18T16:54:07.850064,4,0.0,0,0,0,0.0,46.58
2026-07-18T16:54:07.850180,3,0.0,0,0,0,0.0,46.58
2026-07-18T16:54:07.850289,2,0.0,0,0,0,0.0,46.58
2026-07-18T16:54:09.860088,3,0.0,0,0,0,26.4,46.76
2026-07-18T16:54:09.861260,4,0.0,0,0,0,0.0,46.76
2026-07-18T16:54:09.875844,1,0.0,0,0,0,137.3,47.0
2026-07-18T16:54:09.878278,2,0.0,0,0,0,0.0,47.01
2026-07-18T16:54:11.948439,2,0.0,0,0,0,26.6,47.37
2026-07-18T16:54:11.948967,1,0.0,0,0,0,0.0,47.37
2026-07-18T16:54:11.949152,3,0.0,0,0,0,0.0,47.37
2026-07-18T16:54:11.950081,4,0.0,0,0,0,0.0,47.37
2026-07-18T16:54:13.945171,1,0.0,0,0,0,26.6,47.37
2026-07-18T16:54:14.052183,3,0.0,0,0,0,74.6,47.56
2026-07-18T16:54:14.054194,4,0.0,0,0,0,0.0,47.56
2026-07-18T16:54:14.055153,2,0.0,0,0,0,0.0,47.56
2026-07-18T16:54:15.953135,1,0.0,0,0,0,27.9,47.56
2026-07-18T16:54:16.152498,3,0.0,0,0,0,64.9,47.68
2026-07-18T16:54:16.154143,2,0.0,0,0,0,0.0,47.68
2026-07-18T16:54:16.156030,4,0.0,0,0,0,0.0,47.68
2026-07-18T16:54:17.884063,1,0.0,0,0,0,12.7,47.68
2026-07-18T16:54:17.934014,4,0.0,0,0,0,99.8,47.7
2026-07-18T16:54:17.934616,3,0.0,0,0,0,0.0,47.7
2026-07-18T16:54:17.934899,2,0.0,0,0,0,0.0,47.7
2026-07-18T16:54:19.888947,1,0.0,0,0,0,5.6,47.7
2026-07-18T16:54:19.956932,2,0.0,0,0,0,88.7,47.7
2026-07-18T16:54:19.957432,4,0.0,0,0,0,0.0,47.7
2026-07-18T16:54:19.958162,3,0.0,0,0,0,0.0,47.7
2026-07-18T16:54:21.875640,1,0.0,0,0,0,2.1,47.7
2026-07-18T16:54:21.916919,4,0.0,0,0,0,98.5,47.7
2026-07-18T16:54:21.917837,2,0.0,0,0,0,0.0,47.7
2026-07-18T16:54:21.918321,3,0.0,0,0,0,1731.5,47.7
2026-07-18T16:54:24.185856,1,0.0,0,0,0,11.0,48.09
2026-07-18T16:54:24.186416,3,0.0,0,0,0,0.0,48.09
2026-07-18T16:54:24.189584,4,0.0,0,0,0,0.0,48.09
2026-07-18T16:54:24.190880,2,0.0,0,0,0,0.0,48.09
2026-07-18T16:54:25.991788,4,0.0,0,0,0,6.1,48.16
2026-07-18T16:54:25.992593,2,0.0,0,0,0,0.0,48.16
2026-07-18T16:54:25.992997,3,0.0,0,0,0,0.0,48.16
2026-07-18T16:54:25.993934,1,0.0,0,0,0,0.0,48.16
2026-07-18T16:54:27.962079,1,0.0,0,0,0,3.6,48.21
2026-07-18T16:54:27.963169,4,0.0,0,0,0,0.0,48.21
2026-07-18T16:54:28.034864,2,0.0,0,0,0,69.9,48.21
2026-07-18T16:54:28.035851,3,0.0,0,0,0,0.0,48.21
2026-07-18T16:54:29.974334,3,0.0,0,0,0,4.6,48.21
2026-07-18T16:54:29.975290,1,0.0,0,0,0,0.0,48.21
2026-07-18T16:54:29.976636,2,0.0,0,0,0,0.0,48.21
2026-07-18T16:54:29.977114,4,0.0,0,0,0,0.0,48.21
2026-07-18T16:54:31.975052,1,0.0,0,0,0,6.0,48.21
2026-07-18T16:54:32.055362,4,0.0,0,0,0,87.0,48.21
2026-07-18T16:54:32.056369,2,0.0,0,0,0,0.0,48.21
2026-07-18T16:54:32.057438,3,0.0,0,0,0,0.0,48.21
2026-07-18T16:54:34.002591,2,0.0,0,0,0,6.2,48.21
2026-07-18T16:54:34.005728,1,0.0,0,0,0,0.0,48.21
2026-07-18T16:54:34.006752,3,0.0,0,0,0,0.0,48.21
2026-07-18T16:54:34.007295,4,0.0,0,0,0,0.0,48.21
2026-07-18T16:54:35.952824,1,0.0,0,0,0,5.7,48.21
2026-07-18T16:54:36.045681,3,0.0,0,0,0,87.3,48.21
2026-07-18T16:54:36.047195,4,0.0,0,0,0,0.0,48.21
2026-07-18T16:54:36.049487,2,0.0,0,0,0,0.0,48.21
2026-07-18T16:54:37.970146,3,0.0,0,0,0,5.2,48.21
2026-07-18T16:54:37.970401,2,0.0,0,0,0,0.0,48.21
2026-07-18T16:54:37.971719,4,0.0,0,0,0,0.0,48.21
2026-07-18T16:54:37.973088,1,0.0,0,0,0,0.0,48.21
2026-07-18T16:54:39.941452,4,0.0,0,0,0,2.5,48.21
2026-07-18T16:54:39.942101,3,0.0,0,0,0,0.0,48.21
2026-07-18T16:54:39.942873,2,0.0,0,0,0,0.0,48.21
2026-07-18T16:54:39.943988,1,0.0,0,0,0,717.2,48.21
2026-07-18T16:54:41.937790,1,0.0,0,0,0,2.0,48.21
2026-07-18T16:54:41.944116,4,0.0,0,0,0,0.0,48.21
2026-07-18T16:54:41.944988,2,0.0,0,0,0,0.0,48.21
2026-07-18T16:54:41.945184,3,0.0,0,0,0,0.0,48.21
2026-07-18T16:54:43.936943,2,0.0,0,0,0,1.0,48.21
2026-07-18T16:54:43.937253,4,0.0,0,0,0,0.0,48.21
2026-07-18T16:54:43.937550,3,0.0,0,0,0,0.0,48.21
2026-07-18T16:54:43.938315,1,0.0,0,0,0,0.0,48.21
2026-07-18T16:54:45.944237,1,0.0,0,0,0,1.0,48.21
2026-07-18T16:54:45.945157,2,0.0,0,0,0,628.9,48.21
2026-07-18T16:54:45.946066,4,0.0,0,0,0,0.0,48.21
2026-07-18T16:54:45.946447,3,0.0,0,0,0,0.0,48.21
2026-07-18T16:54:47.959623,3,0.0,0,0,0,2.0,48.21
2026-07-18T16:54:47.960016,1,0.0,0,0,0,0.0,48.21
2026-07-18T16:54:47.960205,2,0.0,0,0,0,0.0,48.21
2026-07-18T16:54:47.960381,4,0.0,0,0,0,0.0,48.21
2026-07-18T16:54:49.951430,4,0.0,0,0,0,0.5,48.21
2026-07-18T16:54:49.953080,1,0.0,0,0,0,0.0,48.21
2026-07-18T16:54:49.954217,3,0.0,0,0,0,0.0,48.21
2026-07-18T16:54:49.957920,2,0.0,0,0,0,241.6,48.21
2026-07-18T16:54:51.945962,1,0.0,0,0,0,0.5,48.21
2026-07-18T16:54:51.953457,4,0.0,0,0,0,132.4,48.21
2026-07-18T16:54:51.954211,2,0.0,0,0,0,0.0,48.21
2026-07-18T16:54:51.955965,3,0.0,0,0,0,0.0,48.21
2026-07-18T16:54:53.952733,1,0.0,0,0,0,0.5,48.21
2026-07-18T16:54:53.953058,4,0.0,0,0,0,0.0,48.21
2026-07-18T16:54:53.953618,2,0.0,0,0,0,0.0,48.21
2026-07-18T16:54:53.954594,3,0.0,0,0,0,0.0,48.21
2026-07-18T16:54:55.963098,1,0.0,0,0,0,1.0,48.21
2026-07-18T16:54:55.964463,3,0.0,0,0,0,0.0,48.21
2026-07-18T16:54:55.965628,4,0.0,0,0,0,0.0,48.21
2026-07-18T16:54:55.966853,2,0.0,0,0,0,0.0,48.21
2026-07-18T16:54:57.958116,1,0.0,0,0,0,1.5,48.21
2026-07-18T16:54:57.969269,3,0.0,0,0,0,87.8,48.21
2026-07-18T16:54:57.970788,2,0.0,0,0,0,0.0,48.21
2026-07-18T16:54:57.971981,4,0.0,0,0,0,0.0,48.21
2026-07-18T16:54:59.960296,3,0.0,0,0,0,0.0,48.21
2026-07-18T16:54:59.960721,2,0.0,0,0,0,0.0,48.21
2026-07-18T16:54:59.960896,4,0.0,0,0,0,0.0,48.21
2026-07-18T16:54:59.961068,1,0.0,0,0,0,0.0,48.21
2026-07-18T16:55:01.987935,3,0.0,0,0,0,2.0,48.21
2026-07-18T16:55:01.988784,4,0.0,0,0,0,0.0,48.21
2026-07-18T16:55:01.989126,2,0.0,0,0,0,0.0,48.21
2026-07-18T16:55:01.989767,1,0.0,0,0,0,0.0,48.21
2026-07-18T16:55:04.005212,2,0.0,0,0,0,1.5,48.21
2026-07-18T16:55:04.007745,4,0.0,0,0,0,0.0,48.21
2026-07-18T16:55:04.011139,3,0.0,0,0,0,0.0,48.21
2026-07-18T16:55:04.012593,1,0.0,0,0,0,0.0,48.21
2026-07-18T16:55:06.000492,1,0.0,0,0,0,1.5,48.21
2026-07-18T16:55:06.001522,2,0.0,0,0,0,0.0,48.21
2026-07-18T16:55:06.002444,4,0.0,0,0,0,0.0,48.21
2026-07-18T16:55:06.003149,3,0.0,0,0,0,0.0,48.21
2026-07-18T16:55:08.008160,1,0.0,0,0,0,3.0,48.21
2026-07-18T16:55:08.008443,4,0.0,0,0,0,0.0,48.21
2026-07-18T16:55:08.014594,2,0.0,0,0,0,0.0,48.21
2026-07-18T16:55:08.015114,3,0.0,0,0,0,0.0,48.21
2026-07-18T16:55:11.593526,3,0.0,0,0,0,28.2,48.21
2026-07-18T16:55:11.605465,1,0.0,0,0,0,0.0,48.21
2026-07-18T16:55:12.221874,4,0.0,0,0,0,42.1,48.21
2026-07-18T16:55:14.203216,4,0.0,0,0,0,22.7,48.21
2026-07-18T16:55:14.209375,3,0.0,0,0,0,0.0,48.21
2026-07-18T16:55:14.214134,1,0.0,0,0,0,0.0,48.21
2026-07-18T16:55:15.513596,1,0.0,0,0,0,33.9,48.21
2026-07-18T16:55:15.519988,4,0.0,0,0,0,0.0,48.21
2026-07-18T16:55:15.558071,3,0.0,0,0,0,24.5,48.21
2026-07-18T16:55:17.523271,1,0.0,0,0,0,37.1,48.21
2026-07-18T16:55:17.524623,4,0.0,0,0,0,0.0,48.21
2026-07-18T16:55:17.524825,3,0.0,0,0,0,0.0,48.21
2026-07-18T16:55:19.335084,3,0.0,0,0,0,49.2,48.21
2026-07-18T16:55:19.335985,4,0.0,0,0,0,0.0,48.21
2026-07-18T16:55:19.336384,1,0.0,0,0,0,0.0,48.21
2026-07-18T16:55:21.702812,4,0.0,0,0,0,49.5,48.21
2026-07-18T16:55:21.704347,1,0.0,0,0,0,661.4,48.21
2026-07-18T16:55:21.704856,3,0.0,0,0,0,0.0,48.21
2026-07-18T16:55:23.442455,1,0.0,0,0,0,56.4,48.21
2026-07-18T16:55:23.443431,3,0.0,0,0,0,0.0,48.21
2026-07-18T16:55:23.444246,4,0.0,0,0,0,0.0,48.21
2026-07-18T16:55:25.558512,3,0.0,0,0,0,51.6,48.21
2026-07-18T16:55:25.560014,4,0.0,0,0,0,0.0,48.21
2026-07-18T16:55:25.560930,1,0.0,0,0,0,0.0,48.21
2026-07-18T16:55:27.857414,4,0.0,0,0,0,60.5,48.21
2026-07-18T16:55:27.859091,1,0.0,0,0,0,0.0,48.21
2026-07-18T16:55:27.860950,3,0.0,0,0,0,1048.9,48.21
2026-07-18T16:55:29.621451,3,0.0,0,0,0,61.9,48.21
2026-07-18T16:55:29.626488,1,0.0,0,0,0,0.0,48.21
2026-07-18T16:55:29.630079,4,0.0,0,0,0,0.0,48.21
2026-07-18T16:55:31.883645,1,0.0,0,0,0,46.6,48.21
2026-07-18T16:55:31.884584,3,0.0,0,0,0,0.0,48.21
2026-07-18T16:55:31.885316,4,0.0,0,0,0,0.0,48.21
2026-07-18T16:55:33.871616,1,0.0,0,0,0,55.4,48.21
2026-07-18T16:55:33.871961,4,0.0,0,0,0,0.0,48.21
2026-07-18T16:55:33.872208,3,0.0,0,0,0,0.0,48.21
2026-07-18T16:55:35.975707,3,0.0,0,0,0,60.4,48.21
2026-07-18T16:55:35.977358,1,0.0,0,0,0,0.0,48.21
2026-07-18T16:55:35.979440,4,0.0,0,0,0,0.0,48.21
2026-07-18T16:55:38.257245,4,0.0,0,0,0,53.1,48.21
2026-07-18T16:55:38.258369,1,0.0,0,0,0,571.9,48.21
2026-07-18T16:55:38.260181,3,0.0,0,0,0,0.0,48.21
2026-07-18T16:55:40.426739,1,0.0,0,0,0,58.1,48.21
2026-07-18T16:55:40.427363,4,0.0,0,0,0,0.0,48.21
2026-07-18T16:55:40.428963,3,0.0,0,0,0,0.0,48.21
2026-07-18T16:55:42.618988,3,0.0,0,0,0,41.1,48.21
2026-07-18T16:55:42.619600,1,0.0,0,0,0,0.0,48.21
2026-07-18T16:55:42.620490,4,0.0,0,0,0,0.0,48.21
2026-07-18T16:55:44.818396,4,0.0,0,0,0,48.7,48.21
2026-07-18T16:55:44.820153,1,0.0,0,0,0,0.0,48.21
2026-07-18T16:55:44.821142,3,0.0,0,0,0,0.0,48.21
2026-07-18T16:55:47.016169,1,0.0,0,0,0,39.8,48.21
2026-07-18T16:55:47.046591,4,0.0,0,0,0,77.4,48.21
2026-07-18T16:55:47.049472,3,0.0,0,0,0,0.0,48.21
2026-07-18T16:55:48.680546,1,0.0,0,0,0,41.7,48.21
2026-07-18T16:55:48.681840,3,0.0,0,0,0,0.0,48.21
2026-07-18T16:55:48.682968,4,0.0,0,0,0,764.4,48.21
2026-07-18T16:55:50.639275,1,0.0,0,0,0,39.4,48.21
2026-07-18T16:55:50.641032,4,0.0,0,0,0,0.0,48.21
2026-07-18T16:55:50.643083,3,0.0,0,0,0,0.0,48.21
2026-07-18T16:55:52.598752,4,0.0,0,0,0,50.1,48.21
2026-07-18T16:55:52.603050,3,0.0,0,0,0,0.0,48.21
2026-07-18T16:55:52.604250,1,0.0,0,0,0,0.0,48.21
2026-07-18T16:55:54.089943,3,0.0,0,0,0,87.5,48.21
2026-07-18T16:55:54.090799,1,0.0,0,0,0,0.0,48.21
2026-07-18T16:55:54.091332,4,0.0,0,0,0,0.0,48.21
2026-07-18T16:55:56.068118,1,0.0,0,0,0,97.1,48.21
2026-07-18T16:55:56.080453,4,0.0,0,0,0,79.8,48.21
2026-07-18T16:55:56.081277,3,0.0,0,0,0,0.0,48.21
2026-07-18T16:55:58.177119,1,0.0,0,0,0,99.3,48.21
2026-07-18T16:55:58.178254,3,0.0,0,0,0,0.0,48.21
2026-07-18T16:55:58.179424,4,0.0,0,0,0,610.4,48.21
2026-07-18T16:56:00.202054,1,0.0,0,0,0,99.9,48.21
2026-07-18T16:56:00.214323,4,0.0,0,0,0,78.6,48.21
2026-07-18T16:56:00.215890,3,0.0,0,0,0,0.0,48.21
2026-07-18T16:56:02.200414,4,0.0,0,0,0,99.7,48.21
2026-07-18T16:56:02.201131,1,0.0,0,0,0,0.0,48.21
2026-07-18T16:56:02.201395,3,0.0,0,0,0,0.0,48.21
2026-07-18T16:56:04.161224,3,0.0,0,0,0,99.5,48.21
2026-07-18T16:56:04.162155,4,0.0,0,0,0,0.0,48.21
2026-07-18T16:56:04.163796,1,0.0,0,0,0,0.0,48.21
2026-07-18T16:56:06.161935,3,0.0,0,0,0,100.1,48.21
2026-07-18T16:56:06.162523,1,0.0,0,0,0,0.0,48.21
2026-07-18T16:56:06.162871,4,0.0,0,0,0,0.0,48.21
2026-07-18T16:56:08.149080,4,0.0,0,0,0,97.7,48.21
2026-07-18T16:56:08.150033,1,0.0,0,0,0,0.0,48.21
2026-07-18T16:56:08.150847,3,0.0,0,0,0,0.0,48.21
2026-07-18T16:56:10.240472,1,0.0,0,0,0,93.3,48.21
2026-07-18T16:56:10.254822,3,0.0,0,0,0,69.4,48.21
2026-07-18T16:56:10.255131,4,0.0,0,0,0,0.0,48.21
2026-07-18T16:56:12.291399,3,0.0,0,0,0,96.3,48.21
2026-07-18T16:56:12.293118,4,0.0,0,0,0,0.0,48.21
2026-07-18T16:56:12.294099,1,0.0,0,0,0,0.0,48.21
2026-07-18T16:56:14.392967,1,0.0,0,0,0,99.1,48.21
2026-07-18T16:56:14.410780,3,0.0,0,0,0,57.7,48.21
2026-07-18T16:56:14.411256,4,0.0,0,0,0,0.0,48.21
2026-07-18T16:56:16.346799,3,0.0,0,0,0,99.7,48.21
2026-07-18T16:56:16.347235,4,0.0,0,0,0,0.0,48.21
2026-07-18T16:56:16.348128,1,0.0,0,0,0,0.0,48.21
2026-07-18T16:56:18.275530,3,0.0,0,0,0,99.1,48.21
2026-07-18T16:56:18.276286,1,0.0,0,0,0,0.0,48.21
2026-07-18T16:56:18.276796,4,0.0,0,0,0,0.0,48.21
2026-07-18T16:56:19.335300,2,0.0,0,0,0,100.2,48.21
2026-07-18T16:56:20.306278,1,0.0,0,0,0,98.9,48.21
2026-07-18T16:56:20.306627,3,0.0,0,0,0,0.0,48.21
2026-07-18T16:56:20.308074,4,0.0,0,0,0,0.0,48.21
2026-07-18T16:56:22.290327,1,0.0,0,0,0,99.9,48.21
2026-07-18T16:56:22.302047,3,0.0,0,0,0,87.5,48.21
2026-07-18T16:56:22.302451,4,0.0,0,0,0,0.0,48.21
2026-07-18T16:56:24.291313,1,0.0,0,0,0,99.6,48.21
2026-07-18T16:56:24.292144,4,0.0,0,0,0,0.0,48.21
2026-07-18T16:56:24.292787,3,0.0,0,0,0,0.0,48.21
2026-07-18T16:56:26.365257,1,0.0,0,0,0,99.4,48.21
2026-07-18T16:56:26.380068,4,0.0,0,0,0,64.9,48.21
2026-07-18T16:56:26.380317,3,0.0,0,0,0,2928.5,48.21
2026-07-18T16:56:28.463962,4,0.0,0,0,0,99.4,48.21
2026-07-18T16:56:28.465174,1,0.0,0,0,0,0.0,48.21
2026-07-18T16:56:28.466204,3,0.0,0,0,0,0.0,48.21
2026-07-18T16:56:28.962297,2,0.0,0,0,0,100.7,48.21
2026-07-18T16:56:28.966750,2,0.0,0,0,0,0.0,48.21
2026-07-18T16:56:28.972077,2,0.0,0,0,0,164.4,48.21
2026-07-18T16:56:28.973120,2,0.0,0,0,0,0.0,48.21
2026-07-18T16:56:28.974601,2,0.0,0,0,0,0.0,48.21
2026-07-18T16:56:28.977269,2,0.0,0,0,0,0.0,48.21
2026-07-18T16:56:28.977880,2,0.0,0,0,0,0.0,48.21
2026-07-18T16:56:28.978315,2,0.0,0,0,0,0.0,48.21
2026-07-18T16:56:28.979364,2,0.0,0,0,0,0.0,48.21
2026-07-18T16:56:28.980314,2,0.0,0,0,0,0.0,48.21
2026-07-18T16:56:28.981771,2,0.0,0,0,0,991.0,48.21
2026-07-18T16:56:28.983425,2,0.0,0,0,0,0.0,48.21
2026-07-18T16:56:28.984403,2,0.0,0,0,0,0.0,48.21
2026-07-18T16:56:28.985343,2,0.0,0,0,0,0.0,48.21
2026-07-18T16:56:28.988334,2,0.0,0,0,0,0.0,48.21
2026-07-18T16:56:28.988608,2,0.0,0,0,0,0.0,48.21
2026-07-18T16:56:28.989796,2,0.0,0,0,0,0.0,48.21
2026-07-18T16:56:28.992249,2,0.0,0,0,0,0.0,48.21
2026-07-18T16:56:28.994252,2,0.0,0,0,0,0.0,48.21
2026-07-18T16:56:28.996360,2,0.0,0,0,0,473.2,48.21
2026-07-18T16:56:29.000224,2,0.0,0,0,0,0.0,48.21
2026-07-18T16:56:29.002477,2,0.0,0,0,0,0.0,48.21
2026-07-18T16:56:29.003889,2,0.0,0,0,0,0.0,48.21
2026-07-18T16:56:29.004717,2,0.0,0,0,0,0.0,48.21
2026-07-18T16:56:29.005135,2,0.0,0,0,0,1171.3,48.21
2026-07-18T16:56:29.005825,2,0.0,0,0,0,0.0,48.21
2026-07-18T16:56:29.007268,2,0.0,0,0,0,0.0,48.21
2026-07-18T16:56:29.009179,2,0.0,0,0,0,552.3,48.21
2026-07-18T16:56:29.010239,2,0.0,0,0,0,0.0,48.21
2026-07-18T16:56:29.011176,2,0.0,0,0,0,0.0,48.21
2026-07-18T16:56:29.013021,2,0.0,0,0,0,0.0,48.21
2026-07-18T16:56:29.018032,2,0.0,0,0,0,0.0,48.21
2026-07-18T16:56:29.018833,2,0.0,0,0,0,0.0,48.21
2026-07-18T16:56:29.019475,2,0.0,0,0,0,0.0,48.21
2026-07-18T16:56:29.021611,2,0.0,0,0,0,0.0,48.21
2026-07-18T16:56:29.022501,2,0.0,0,0,0,881.6,48.21
2026-07-18T16:56:29.024048,2,0.0,0,0,0,0.0,48.21
2026-07-18T16:56:29.025272,2,0.0,0,0,0,0.0,48.21
2026-07-18T16:56:30.082913,1,0.0,0,0,0,3.8,48.21
2026-07-18T16:56:30.086094,2,0.0,0,0,0,321.9,48.21
2026-07-18T16:56:30.086475,3,0.0,0,0,0,0.0,48.21
2026-07-18T16:56:30.086753,4,0.0,0,0,0,0.0,48.21
2026-07-18T16:56:32.084438,1,0.0,0,0,0,0.0,48.21
2026-07-18T16:56:32.088435,4,0.0,0,0,0,0.0,48.21
2026-07-18T16:56:32.089071,2,0.0,0,0,0,0.0,48.21
2026-07-18T16:56:32.089462,3,0.0,0,0,0,0.0,48.21
2026-07-18T16:56:34.087963,1,0.0,0,0,0,0.5,48.21
2026-07-18T16:56:34.092844,2,0.0,0,0,0,0.0,48.21
2026-07-18T16:56:34.093069,4,0.0,0,0,0,3100.7,48.21
2026-07-18T16:56:34.093195,3,0.0,0,0,0,0.0,48.21
2026-07-18T16:56:36.092295,1,0.0,0,0,0,0.0,48.21
2026-07-18T16:56:36.096425,3,0.0,0,0,0,0.0,48.21
2026-07-18T16:56:36.097121,2,0.0,0,0,0,0.0,48.21
2026-07-18T16:56:36.097804,4,0.0,0,0,0,0.0,48.21
2026-07-18T16:56:38.095167,1,0.0,0,0,0,0.5,48.21
2026-07-18T16:56:38.099421,3,0.0,0,0,0,237.9,48.21
2026-07-18T16:56:38.100218,2,0.0,0,0,0,0.0,48.21
2026-07-18T16:56:38.101091,4,0.0,0,0,0,0.0,48.21
2026-07-18T16:56:40.099078,4,0.0,0,0,0,0.0,48.21
2026-07-18T16:56:40.099693,1,0.0,0,0,0,0.0,48.21
2026-07-18T16:56:40.102158,3,0.0,0,0,0,381.2,48.21
2026-07-18T16:56:40.102493,2,0.0,0,0,0,0.0,48.21
2026-07-18T16:56:42.103548,4,0.0,0,0,0,0.0,48.21
2026-07-18T16:56:42.103719,2,0.0,0,0,0,0.0,48.21
2026-07-18T16:56:42.103840,1,0.0,0,0,0,0.0,48.21
2026-07-18T16:56:42.103948,3,0.0,0,0,0,0.0,48.21
2026-07-18T16:56:44.103109,3,0.0,0,0,0,0.5,48.21
2026-07-18T16:56:44.103269,1,0.0,0,0,0,0.0,48.21
2026-07-18T16:56:44.103377,4,0.0,0,0,0,0.0,48.21
2026-07-18T16:56:44.104225,2,0.0,0,0,0,0.0,48.21
2026-07-18T16:56:46.104743,1,0.0,0,0,0,0.5,48.21
2026-07-18T16:56:46.107422,3,0.0,0,0,0,0.0,48.21
2026-07-18T16:56:46.107885,4,0.0,0,0,0,0.0,48.21
2026-07-18T16:56:46.108003,2,0.0,0,0,0,0.0,48.21
2026-07-18T16:56:48.107221,1,0.0,0,0,0,0.5,48.21
2026-07-18T16:56:48.109281,2,0.0,0,0,0,0.0,48.21
2026-07-18T16:56:48.109700,4,0.0,0,0,0,0.0,48.21
2026-07-18T16:56:48.109829,3,0.0,0,0,0,0.0,48.21
2026-07-18T16:56:50.112144,4,0.0,0,0,0,0.0,48.21
2026-07-18T16:56:50.113003,1,0.0,0,0,0,0.0,48.21
2026-07-18T16:56:50.115450,2,0.0,0,0,0,0.0,48.21
2026-07-18T16:56:50.116782,3,0.0,0,0,0,0.0,48.21
2026-07-18T16:56:52.112937,1,0.0,0,0,0,0.0,48.21
2026-07-18T16:56:52.113267,4,0.0,0,0,0,0.0,48.21
2026-07-18T16:56:52.115329,2,0.0,0,0,0,495.9,48.21
2026-07-18T16:56:52.115750,3,0.0,0,0,0,0.0,48.21
2026-07-18T16:56:54.118229,1,0.0,0,0,0,0.0,48.21
2026-07-18T16:56:54.118662,4,0.0,0,0,0,0.0,48.21
2026-07-18T16:56:54.121301,2,0.0,0,0,0,384.7,48.21
2026-07-18T16:56:54.121545,3,0.0,0,0,0,0.0,48.21
2026-07-18T16:56:56.122296,1,0.0,0,0,0,0.5,48.21
2026-07-18T16:56:56.128871,2,0.0,0,0,0,0.0,48.21
2026-07-18T16:56:56.130268,3,0.0,0,0,0,0.0,48.21
2026-07-18T16:56:56.131228,4,0.0,0,0,0,0.0,48.21
2026-07-18T16:56:58.123290,1,0.0,0,0,0,0.5,48.21
2026-07-18T16:56:58.127609,2,0.0,0,0,0,0.0,48.21
2026-07-18T16:56:58.128223,3,0.0,0,0,0,0.0,48.21
2026-07-18T16:56:58.129155,4,0.0,0,0,0,0.0,48.21
2026-07-18T16:57:00.126060,4,0.0,0,0,0,0.5,48.21
2026-07-18T16:57:00.126322,1,0.0,0,0,0,0.0,48.21
2026-07-18T16:57:00.126621,3,0.0,0,0,0,0.0,48.21
2026-07-18T16:57:00.128178,2,0.0,0,0,0,0.0,48.21
2026-07-18T16:57:02.128109,4,0.0,0,0,0,0.5,48.21
2026-07-18T16:57:02.128380,3,0.0,0,0,0,0.0,48.21
2026-07-18T16:57:02.128542,1,0.0,0,0,0,0.0,48.21
2026-07-18T16:57:02.129321,2,0.0,0,0,0,0.0,48.21
2026-07-18T16:57:04.132510,1,0.0,0,0,0,0.5,48.21
2026-07-18T16:57:04.137053,2,0.0,0,0,0,0.0,48.21
2026-07-18T16:57:04.138189,4,0.0,0,0,0,0.0,48.21
2026-07-18T16:57:04.139844,3,0.0,0,0,0,0.0,48.21
2026-07-18T16:57:06.135835,1,0.0,0,0,0,0.5,48.21
2026-07-18T16:57:06.139193,2,0.0,0,0,0,0.0,48.21
2026-07-18T16:57:06.139516,4,0.0,0,0,0,0.0,48.21
2026-07-18T16:57:06.140369,3,0.0,0,0,0,0.0,48.21
2026-07-18T16:57:08.138124,1,0.0,0,0,0,0.0,48.21
2026-07-18T16:57:08.140045,4,0.0,0,0,0,0.0,48.21
2026-07-18T16:57:08.140261,3,0.0,0,0,0,0.0,48.21
2026-07-18T16:57:08.140387,2,0.0,0,0,0,0.0,48.21
2026-07-18T16:57:10.140549,1,0.0,0,0,0,1.0,48.21
2026-07-18T16:57:10.141970,4,0.0,0,0,0,0.0,48.21
2026-07-18T16:57:10.142121,2,0.0,0,0,0,0.0,48.21
2026-07-18T16:57:10.142222,3,0.0,0,0,0,0.0,48.21
2026-07-18T16:57:12.143298,1,0.0,0,0,0,0.0,48.21
2026-07-18T16:57:12.143748,3,0.0,0,0,0,0.0,48.21
2026-07-18T16:57:12.143910,4,0.0,0,0,0,0.0,48.21
2026-07-18T16:57:12.144030,2,0.0,0,0,0,0.0,48.21
2026-07-18T16:57:14.144440,1,0.0,0,0,0,0.0,48.21
2026-07-18T16:57:14.145635,2,0.0,0,0,0,0.0,48.21
2026-07-18T16:57:14.146078,3,0.0,0,0,0,0.0,48.21
2026-07-18T16:57:14.146255,4,0.0,0,0,0,0.0,48.21
2026-07-18T16:57:16.151096,4,0.0,0,0,0,0.5,48.21
2026-07-18T16:57:16.154052,1,0.0,0,0,0,0.0,48.21
2026-07-18T16:57:16.156316,3,0.0,0,0,0,0.0,48.21
2026-07-18T16:57:16.160613,2,0.0,0,0,0,0.0,48.21
2026-07-18T16:57:18.157494,4,0.0,0,0,0,0.5,48.21
2026-07-18T16:57:18.159234,1,0.0,0,0,0,473.9,48.21
2026-07-18T16:57:18.160188,3,0.0,0,0,0,0.0,48.21
2026-07-18T16:57:18.162388,2,0.0,0,0,0,0.0,48.21
2026-07-18T16:57:20.159579,1,0.0,0,0,0,0.5,48.21
2026-07-18T16:57:20.163465,4,0.0,0,0,0,0.0,48.21
2026-07-18T16:57:20.164158,2,0.0,0,0,0,0.0,48.21
2026-07-18T16:57:20.165170,3,0.0,0,0,0,0.0,48.21
2026-07-18T16:57:22.160737,3,0.0,0,0,0,0.5,48.21
2026-07-18T16:57:22.161114,4,0.0,0,0,0,0.0,48.21
2026-07-18T16:57:22.161373,2,0.0,0,0,0,0.0,48.21
2026-07-18T16:57:22.161592,1,0.0,0,0,0,0.0,48.21
2026-07-18T16:57:24.165267,2,0.0,0,0,0,0.0,48.21
2026-07-18T16:57:24.165607,4,0.0,0,0,0,0.0,48.21
2026-07-18T16:57:24.168868,1,0.0,0,0,0,0.0,48.21
2026-07-18T16:57:24.169189,3,0.0,0,0,0,0.0,48.21
2026-07-18T16:57:26.192599,1,0.0,0,0,0,0.0,48.21
2026-07-18T16:57:26.192826,4,0.0,0,0,0,0.0,48.21
2026-07-18T16:57:26.193931,3,0.0,0,0,0,0.0,48.21
2026-07-18T16:57:26.194138,2,0.0,0,0,0,3026.8,48.21
2026-07-18T16:57:28.194951,1,0.0,0,0,0,0.5,48.21
2026-07-18T16:57:28.198577,4,0.0,0,0,0,0.0,48.21
2026-07-18T16:57:28.199237,3,0.0,0,0,0,0.0,48.21
2026-07-18T16:57:28.199489,2,0.0,0,0,0,0.0,48.21
2026-07-18T16:57:30.198412,2,0.0,0,0,0,0.0,48.21
2026-07-18T16:57:30.198622,4,0.0,0,0,0,0.0,48.21
2026-07-18T16:57:30.199218,1,0.0,0,0,0,0.0,48.21
2026-07-18T16:57:30.199377,3,0.0,0,0,0,0.0,48.21
2026-07-18T16:57:32.237229,2,0.0,0,0,0,0.5,48.21
2026-07-18T16:57:32.245977,1,0.0,0,0,0,0.0,48.21
2026-07-18T16:57:32.250833,4,0.0,0,0,0,291.1,48.21
2026-07-18T16:57:32.254532,3,0.0,0,0,0,0.0,48.21
2026-07-18T16:57:34.218103,1,0.0,0,0,0,1.5,48.21
2026-07-18T16:57:34.227205,4,0.0,0,0,0,0.0,48.21
2026-07-18T16:57:34.229663,2,0.0,0,0,0,512.0,48.21
2026-07-18T16:57:34.231127,3,0.0,0,0,0,0.0,48.21
2026-07-18T16:57:36.215346,1,0.0,0,0,0,0.5,48.21
2026-07-18T16:57:36.221815,4,0.0,0,0,0,166.0,48.21
2026-07-18T16:57:36.223084,3,0.0,0,0,0,0.0,48.21
2026-07-18T16:57:36.224145,2,0.0,0,0,0,0.0,48.21
2026-07-18T16:57:38.219226,1,0.0,0,0,0,1.0,48.21
2026-07-18T16:57:38.223692,4,0.0,0,0,0,208.3,48.21
2026-07-18T16:57:38.224196,3,0.0,0,0,0,0.0,48.21
2026-07-18T16:57:38.224404,2,0.0,0,0,0,0.0,48.21
2026-07-18T16:57:40.221276,1,0.0,0,0,0,0.0,48.21
2026-07-18T16:57:40.225257,2,0.0,0,0,0,262.2,48.21
2026-07-18T16:57:40.226521,4,0.0,0,0,0,0.0,48.21
2026-07-18T16:57:40.228879,3,0.0,0,0,0,0.0,48.21
2026-07-18T16:57:42.237835,4,0.0,0,0,0,0.5,48.21
2026-07-18T16:57:42.238157,3,0.0,0,0,0,0.0,48.21
2026-07-18T16:57:42.238344,1,0.0,0,0,0,0.0,48.21
2026-07-18T16:57:42.241780,2,0.0,0,0,0,0.0,48.21
2026-07-18T16:57:44.227177,1,0.0,0,0,0,0.0,48.21
2026-07-18T16:57:44.228759,4,0.0,0,0,0,0.0,48.21
2026-07-18T16:57:44.229728,2,0.0,0,0,0,0.0,48.21
2026-07-18T16:57:44.229900,3,0.0,0,0,0,0.0,48.21
2026-07-18T16:57:46.229264,1,0.0,0,0,0,1.5,48.21
2026-07-18T16:57:46.230758,2,0.0,0,0,0,0.0,48.21
2026-07-18T16:57:46.230965,3,0.0,0,0,0,0.0,48.21
2026-07-18T16:57:46.231086,4,0.0,0,0,0,0.0,48.21
2026-07-18T16:57:48.239202,1,0.0,0,0,0,0.0,48.21
2026-07-18T16:57:48.247195,4,0.0,0,0,0,114.5,48.21
2026-07-18T16:57:48.249403,2,0.0,0,0,0,0.0,48.21
2026-07-18T16:57:48.251394,3,0.0,0,0,0,0.0,48.21
2026-07-18T16:57:50.243133,3,0.0,0,0,0,0.5,48.21
2026-07-18T16:57:50.243677,2,0.0,0,0,0,0.0,48.21
2026-07-18T16:57:50.244542,1,0.0,0,0,0,0.0,48.21
2026-07-18T16:57:50.245091,4,0.0,0,0,0,1975.2,48.21
2026-07-18T16:57:52.250062,3,0.0,0,0,0,0.0,48.21
2026-07-18T16:57:52.250795,2,0.0,0,0,0,0.0,48.21
2026-07-18T16:57:52.251235,4,0.0,0,0,0,1485.7,48.21
2026-07-18T16:57:52.251861,1,0.0,0,0,0,0.0,48.21
2026-07-18T16:57:54.250404,1,0.0,0,0,0,1.5,48.21
2026-07-18T16:57:54.252120,3,0.0,0,0,0,0.0,48.21
2026-07-18T16:57:54.253800,4,0.0,0,0,0,0.0,48.21
2026-07-18T16:57:54.256787,2,0.0,0,0,0,0.0,48.21
2026-07-18T16:57:56.257193,1,0.0,0,0,0,0.5,48.21
2026-07-18T16:57:56.265931,3,0.0,0,0,0,106.1,48.21
2026-07-18T16:57:56.266552,4,0.0,0,0,0,0.0,48.21
2026-07-18T16:57:56.267594,2,0.0,0,0,0,0.0,48.21
2026-07-18T16:57:58.254652,4,0.0,0,0,0,0.5,48.21
2026-07-18T16:57:58.255054,1,0.0,0,0,0,0.0,48.21
2026-07-18T16:57:58.260090,2,0.0,0,0,0,0.0,48.21
2026-07-18T16:57:58.260805,3,0.0,0,0,0,0.0,48.21
2026-07-18T16:58:00.256905,3,0.0,0,0,0,0.5,48.21
2026-07-18T16:58:00.257121,1,0.0,0,0,0,0.0,48.21
2026-07-18T16:58:00.257243,4,0.0,0,0,0,0.0,48.21
2026-07-18T16:58:00.259158,2,0.0,0,0,0,796.5,48.21
2026-07-18T16:58:02.263249,4,0.0,0,0,0,0.0,48.21
2026-07-18T16:58:02.264018,1,0.0,0,0,0,1178.0,48.21
2026-07-18T16:58:02.267145,3,0.0,0,0,0,0.0,48.21
2026-07-18T16:58:02.268177,2,0.0,0,0,0,0.0,48.21
2026-07-18T16:58:04.263389,1,0.0,0,0,0,0.5,48.21
2026-07-18T16:58:04.266578,4,0.0,0,0,0,0.0,48.21
2026-07-18T16:58:04.266939,2,0.0,0,0,0,0.0,48.21
2026-07-18T16:58:04.268451,3,0.0,0,0,0,0.0,48.21
2026-07-18T16:58:06.275921,1,0.0,0,0,0,0.0,48.21
2026-07-18T16:58:06.276196,4,0.0,0,0,0,0.0,48.21
2026-07-18T16:58:06.285777,2,0.0,0,0,0,0.0,48.21
2026-07-18T16:58:06.286152,3,0.0,0,0,0,102.8,48.21
2026-07-18T16:58:08.274776,1,0.0,0,0,0,0.5,48.21
2026-07-18T16:58:08.275775,3,0.0,0,0,0,0.0,48.21
2026-07-18T16:58:08.276938,4,0.0,0,0,0,0.0,48.21
2026-07-18T16:58:08.277949,2,0.0,0,0,0,955.8,48.21
2026-07-18T16:58:10.275826,2,0.0,0,0,0,0.0,48.21
2026-07-18T16:58:10.276682,1,0.0,0,0,0,0.0,48.21
2026-07-18T16:58:10.277108,4,0.0,0,0,0,1236.4,48.21
2026-07-18T16:58:10.277670,3,0.0,0,0,0,0.0,48.21
2026-07-18T16:58:12.274766,1,0.0,0,0,0,0.0,48.21
2026-07-18T16:58:12.276296,3,0.0,0,0,0,0.0,48.21
2026-07-18T16:58:12.276522,4,0.0,0,0,0,0.0,48.21
2026-07-18T16:58:12.277280,2,0.0,0,0,0,0.0,48.21
2026-07-18T16:58:14.277890,1,0.0,0,0,0,0.0,48.21
2026-07-18T16:58:14.280248,4,0.0,0,0,0,0.0,48.21
2026-07-18T16:58:14.280433,2,0.0,0,0,0,0.0,48.21
2026-07-18T16:58:14.280976,3,0.0,0,0,0,2050.2,48.21
2026-07-18T16:58:16.280249,4,0.0,0,0,0,0.0,48.21
2026-07-18T16:58:16.282959,1,0.0,0,0,0,0.0,48.21
2026-07-18T16:58:16.286100,2,0.0,0,0,0,0.0,48.21
2026-07-18T16:58:16.286339,3,0.0,0,0,0,0.0,48.21
2026-07-18T16:58:18.282553,1,0.0,0,0,0,0.0,48.21
2026-07-18T16:58:18.283597,3,0.0,0,0,0,819.0,48.21
2026-07-18T16:58:18.283793,2,0.0,0,0,0,0.0,48.21
2026-07-18T16:58:18.283911,4,0.0,0,0,0,0.0,48.21
2026-07-18T16:58:20.285433,1,0.0,0,0,0,0.5,48.21
2026-07-18T16:58:20.287892,2,0.0,0,0,0,0.0,48.21
2026-07-18T16:58:20.288220,4,0.0,0,0,0,0.0,48.21
2026-07-18T16:58:20.288664,3,0.0,0,0,0,0.0,48.21
2026-07-18T16:58:22.289102,4,0.0,0,0,0,0.5,48.21
2026-07-18T16:58:22.289617,3,0.0,0,0,0,0.0,48.21
2026-07-18T16:58:22.289783,2,0.0,0,0,0,0.0,48.21
2026-07-18T16:58:22.289891,1,0.0,0,0,0,0.0,48.21
2026-07-18T16:58:24.291161,1,0.0,0,0,0,0.0,48.21
2026-07-18T16:58:24.291295,3,0.0,0,0,0,0.0,48.21
2026-07-18T16:58:24.291379,4,0.0,0,0,0,0.0,48.21
2026-07-18T16:58:24.292119,2,0.0,0,0,0,0.0,48.21
2026-07-18T16:58:26.294361,1,0.0,0,0,0,0.0,48.21
2026-07-18T16:58:26.294529,2,0.0,0,0,0,0.0,48.21
2026-07-18T16:58:26.294650,4,0.0,0,0,0,0.0,48.21
2026-07-18T16:58:26.295089,3,0.0,0,0,0,0.0,48.21
2026-07-18T16:58:28.297695,1,0.0,0,0,0,0.5,48.21
2026-07-18T16:58:28.299760,4,0.0,0,0,0,0.0,48.21
2026-07-18T16:58:28.299987,2,0.0,0,0,0,0.0,48.21
2026-07-18T16:58:28.300138,3,0.0,0,0,0,0.0,48.21
2026-07-18T16:58:30.299818,1,0.0,0,0,0,0.0,48.21
2026-07-18T16:58:30.300889,3,0.0,0,0,0,0.0,48.21
2026-07-18T16:58:30.301079,2,0.0,0,0,0,0.0,48.21
2026-07-18T16:58:30.301199,4,0.0,0,0,0,0.0,48.21
2026-07-18T16:58:32.304054,1,0.0,0,0,0,0.5,48.21
2026-07-18T16:58:32.306505,3,0.0,0,0,0,0.0,48.21
2026-07-18T16:58:32.307307,2,0.0,0,0,0,0.0,48.21
2026-07-18T16:58:32.307869,4,0.0,0,0,0,0.0,48.21
2026-07-18T16:58:34.305438,1,0.0,0,0,0,0.5,48.21
2026-07-18T16:58:34.308936,4,0.0,0,0,0,0.0,48.21
2026-07-18T16:58:34.310370,2,0.0,0,0,0,0.0,48.21
2026-07-18T16:58:34.310621,3,0.0,0,0,0,0.0,48.21
2026-07-18T16:58:36.309227,1,0.0,0,0,0,1.5,48.21
2026-07-18T16:58:36.310176,4,0.0,0,0,0,0.0,48.21
2026-07-18T16:58:36.313839,3,0.0,0,0,0,0.0,48.21
2026-07-18T16:58:36.315333,2,0.0,0,0,0,0.0,48.21
2026-07-18T16:58:38.311015,1,0.0,0,0,0,0.0,48.21
2026-07-18T16:58:38.314181,3,0.0,0,0,0,269.7,48.21
2026-07-18T16:58:38.314813,4,0.0,0,0,0,0.0,48.21
2026-07-18T16:58:38.315138,2,0.0,0,0,0,0.0,48.21
2026-07-18T16:58:40.310620,1,0.0,0,0,0,0.5,48.21
2026-07-18T16:58:40.312095,4,0.0,0,0,0,0.0,48.21
2026-07-18T16:58:40.312441,2,0.0,0,0,0,0.0,48.21
2026-07-18T16:58:40.313038,3,0.0,0,0,0,0.0,48.21
2026-07-18T16:58:42.313234,1,0.0,0,0,0,0.5,48.21
2026-07-18T16:58:42.315000,2,0.0,0,0,0,0.0,48.21
2026-07-18T16:58:42.315309,4,0.0,0,0,0,0.0,48.21
2026-07-18T16:58:42.315445,3,0.0,0,0,0,0.0,48.21
2026-07-18T16:58:44.316825,1,0.0,0,0,0,0.0,48.21
2026-07-18T16:58:44.319337,4,0.0,0,0,0,0.0,48.21
2026-07-18T16:58:44.320079,2,0.0,0,0,0,0.0,48.21
2026-07-18T16:58:44.321036,3,0.0,0,0,0,0.0,48.21
2026-07-18T16:58:46.318089,1,0.0,0,0,0,0.0,48.21
2026-07-18T16:58:46.319867,4,0.0,0,0,0,576.3,48.21
2026-07-18T16:58:46.320088,3,0.0,0,0,0,0.0,48.21
2026-07-18T16:58:46.320208,2,0.0,0,0,0,0.0,48.21
2026-07-18T16:58:48.320900,1,0.0,0,0,0,0.0,48.21
2026-07-18T16:58:48.322306,3,0.0,0,0,0,0.0,48.21
2026-07-18T16:58:48.322455,2,0.0,0,0,0,0.0,48.21
2026-07-18T16:58:48.322549,4,0.0,0,0,0,0.0,48.21
2026-07-18T16:58:50.325363,4,0.0,0,0,0,0.0,48.21
2026-07-18T16:58:50.326110,1,0.0,0,0,0,0.0,48.21
2026-07-18T16:58:50.327022,2,0.0,0,0,0,0.0,48.21
2026-07-18T16:58:50.327752,3,0.0,0,0,0,0.0,48.21
2026-07-18T16:58:52.326758,1,0.0,0,0,0,0.5,48.21
2026-07-18T16:58:52.329073,4,0.0,0,0,0,381.5,48.21
2026-07-18T16:58:52.329734,2,0.0,0,0,0,0.0,48.21
2026-07-18T16:58:52.330060,3,0.0,0,0,0,0.0,48.21
2026-07-18T16:58:54.328908,1,0.0,0,0,0,0.0,48.21
2026-07-18T16:58:54.330760,4,0.0,0,0,0,0.0,48.21
2026-07-18T16:58:54.330973,3,0.0,0,0,0,0.0,48.21
2026-07-18T16:58:54.331077,2,0.0,0,0,0,0.0,48.21
2026-07-18T16:58:56.331871,1,0.0,0,0,0,0.5,48.21
2026-07-18T16:58:56.335211,2,0.0,0,0,0,0.0,48.21
2026-07-18T16:58:56.335898,3,0.0,0,0,0,1146.7,48.21
2026-07-18T16:58:56.336250,4,0.0,0,0,0,0.0,48.21
2026-07-18T16:58:58.334090,1,0.0,0,0,0,0.0,48.21
2026-07-18T16:58:58.335304,4,0.0,0,0,0,0.0,48.21
2026-07-18T16:58:58.335526,3,0.0,0,0,0,0.0,48.21
2026-07-18T16:58:58.335656,2,0.0,0,0,0,0.0,48.21
2026-07-18T16:59:00.336910,1,0.0,0,0,0,0.5,48.21
2026-07-18T16:59:00.337180,4,0.0,0,0,0,0.0,48.21
2026-07-18T16:59:00.337602,3,0.0,0,0,0,0.0,48.21
2026-07-18T16:59:00.338523,2,0.0,0,0,0,0.0,48.21
2026-07-18T16:59:02.339243,1,0.0,0,0,0,0.0,48.21
2026-07-18T16:59:02.339842,4,0.0,0,0,0,0.0,48.21
2026-07-18T16:59:02.341081,3,0.0,0,0,0,0.0,48.21
2026-07-18T16:59:02.341607,2,0.0,0,0,0,0.0,48.21
2026-07-18T16:59:04.342206,1,0.0,0,0,0,0.5,48.21
2026-07-18T16:59:04.344123,4,0.0,0,0,0,0.0,48.21
2026-07-18T16:59:04.344787,3,0.0,0,0,0,0.0,48.21
2026-07-18T16:59:04.344964,2,0.0,0,0,0,0.0,48.21
2026-07-18T16:59:06.345916,1,0.0,0,0,0,0.5,48.21
2026-07-18T16:59:06.347603,3,0.0,0,0,0,0.0,48.21
2026-07-18T16:59:06.348248,2,0.0,0,0,0,0.0,48.21
2026-07-18T16:59:06.348440,4,0.0,0,0,0,0.0,48.21
2026-07-18T16:59:08.347972,1,0.0,0,0,0,0.5,48.21
2026-07-18T16:59:08.348257,3,0.0,0,0,0,0.0,48.21
2026-07-18T16:59:08.348433,4,0.0,0,0,0,0.0,48.21
2026-07-18T16:59:08.349984,2,0.0,0,0,0,0.0,48.21
2026-07-18T16:59:10.350024,1,0.0,0,0,0,0.0,48.21
2026-07-18T16:59:10.351829,4,0.0,0,0,0,0.0,48.21
2026-07-18T16:59:10.352100,2,0.0,0,0,0,0.0,48.21
2026-07-18T16:59:10.352227,3,0.0,0,0,0,0.0,48.21
2026-07-18T16:59:12.350982,1,0.0,0,0,0,0.5,48.21
2026-07-18T16:59:12.352328,4,0.0,0,0,0,0.0,48.21
2026-07-18T16:59:12.353037,2,0.0,0,0,0,0.0,48.21
2026-07-18T16:59:12.353660,3,0.0,0,0,0,0.0,48.21
2026-07-18T16:59:14.354066,1,0.0,0,0,0,0.0,48.21
2026-07-18T16:59:14.355660,3,0.0,0,0,0,0.0,48.21
2026-07-18T16:59:14.355946,4,0.0,0,0,0,0.0,48.21
2026-07-18T16:59:14.356082,2,0.0,0,0,0,0.0,48.21
2026-07-18T16:59:16.357473,1,0.0,0,0,0,0.5,48.21
2026-07-18T16:59:16.359144,4,0.0,0,0,0,0.0,48.21
2026-07-18T16:59:16.359341,2,0.0,0,0,0,0.0,48.21
2026-07-18T16:59:16.359982,3,0.0,0,0,0,0.0,48.21
2026-07-18T16:59:18.359075,1,0.0,0,0,0,0.0,48.21
2026-07-18T16:59:18.360333,4,0.0,0,0,0,0.0,48.21
2026-07-18T16:59:18.360954,3,0.0,0,0,0,0.0,48.21
2026-07-18T16:59:18.361199,2,0.0,0,0,0,0.0,48.21
2026-07-18T16:59:20.361899,1,0.0,0,0,0,0.5,48.21
2026-07-18T16:59:20.362759,4,0.0,0,0,0,0.0,48.21
2026-07-18T16:59:20.363834,2,0.0,0,0,0,0.0,48.21
2026-07-18T16:59:20.364065,3,0.0,0,0,0,0.0,48.21
2026-07-18T16:59:22.368063,1,0.0,0,0,0,0.0,48.21
2026-07-18T16:59:22.373240,3,0.0,0,0,0,157.0,48.21
2026-07-18T16:59:22.374069,2,0.0,0,0,0,0.0,48.21
2026-07-18T16:59:22.374423,4,0.0,0,0,0,1207.2,48.21
2026-07-18T16:59:24.368172,1,0.0,0,0,0,0.0,48.21
2026-07-18T16:59:24.371478,3,0.0,0,0,0,0.0,48.21
2026-07-18T16:59:24.372197,4,0.0,0,0,0,0.0,48.21
2026-07-18T16:59:24.372492,2,0.0,0,0,0,0.0,48.21
2026-07-18T16:59:26.369934,1,0.0,0,0,0,0.0,48.21
2026-07-18T16:59:26.371107,4,0.0,0,0,0,849.8,48.21
2026-07-18T16:59:26.371411,2,0.0,0,0,0,0.0,48.21
2026-07-18T16:59:26.372125,3,0.0,0,0,0,0.0,48.21
2026-07-18T16:59:28.372855,1,0.0,0,0,0,0.0,48.21
2026-07-18T16:59:28.374050,4,0.0,0,0,0,0.0,48.21
2026-07-18T16:59:28.374246,2,0.0,0,0,0,0.0,48.21
2026-07-18T16:59:28.374350,3,0.0,0,0,0,0.0,48.21
2026-07-18T16:59:30.378020,4,0.0,0,0,0,0.0,48.21
2026-07-18T16:59:30.378898,2,0.0,0,0,0,0.0,48.21
2026-07-18T16:59:30.379348,1,0.0,0,0,0,0.0,48.21
2026-07-18T16:59:30.379608,3,0.0,0,0,0,2817.3,48.21
2026-07-18T16:59:32.378435,1,0.0,0,0,0,0.0,48.21
2026-07-18T16:59:32.381074,2,0.0,0,0,0,0.0,48.21
2026-07-18T16:59:32.381308,4,0.0,0,0,0,0.0,48.21
2026-07-18T16:59:32.381670,3,0.0,0,0,0,0.0,48.21
2026-07-18T16:59:34.382882,1,0.0,0,0,0,0.0,48.21
2026-07-18T16:59:34.384749,4,0.0,0,0,0,0.0,48.21
2026-07-18T16:59:34.385176,3,0.0,0,0,0,0.0,48.21
2026-07-18T16:59:34.385791,2,0.0,0,0,0,3582.5,48.21
2026-07-18T16:59:36.385381,1,0.0,0,0,0,0.0,48.21
2026-07-18T16:59:36.387417,2,0.0,0,0,0,0.0,48.21
2026-07-18T16:59:36.387769,4,0.0,0,0,0,0.0,48.21
2026-07-18T16:59:36.387928,3,0.0,0,0,0,0.0,48.21
2026-07-18T16:59:38.389881,1,0.0,0,0,0,0.5,48.21
2026-07-18T16:59:38.390638,4,0.0,0,0,0,0.0,48.21
2026-07-18T16:59:38.392750,3,0.0,0,0,0,418.7,48.21
2026-07-18T16:59:38.393004,2,0.0,0,0,0,0.0,48.21
2026-07-18T16:59:40.395449,1,0.0,0,0,0,0.0,48.21
2026-07-18T16:59:40.396950,3,0.0,0,0,0,0.0,48.21
2026-07-18T16:59:40.399069,4,0.0,0,0,0,592.1,48.21
2026-07-18T16:59:40.402191,2,0.0,0,0,0,0.0,48.21
2026-07-18T16:59:42.395229,3,0.0,0,0,0,0.0,48.21
2026-07-18T16:59:42.396155,4,0.0,0,0,0,0.0,48.21
2026-07-18T16:59:42.397252,1,0.0,0,0,0,0.0,48.21
2026-07-18T16:59:42.399887,2,0.0,0,0,0,438.2,48.21
2026-07-18T16:59:44.394820,1,0.0,0,0,0,0.0,48.21
2026-07-18T16:59:44.396479,2,0.0,0,0,0,0.0,48.21
2026-07-18T16:59:44.397256,4,0.0,0,0,0,0.0,48.21
2026-07-18T16:59:44.397511,3,0.0,0,0,0,0.0,48.21
2026-07-18T16:59:46.396993,4,0.0,0,0,0,0.0,48.21
2026-07-18T16:59:46.397467,1,0.0,0,0,0,0.0,48.21
2026-07-18T16:59:46.399451,3,0.0,0,0,0,1017.1,48.21
2026-07-18T16:59:46.400056,2,0.0,0,0,0,0.0,48.21
2026-07-18T16:59:48.399943,1,0.0,0,0,0,0.0,48.21
2026-07-18T16:59:48.401922,3,0.0,0,0,0,0.0,48.21
2026-07-18T16:59:48.402136,4,0.0,0,0,0,0.0,48.21
2026-07-18T16:59:48.402256,2,0.0,0,0,0,0.0,48.21
2026-07-18T16:59:50.408159,1,0.0,0,0,0,0.5,48.21
2026-07-18T16:59:50.408597,3,0.0,0,0,0,0.0,48.21
2026-07-18T16:59:50.409486,4,0.0,0,0,0,0.0,48.21
2026-07-18T16:59:50.411470,2,0.0,0,0,0,0.0,48.21
2026-07-18T16:59:52.407942,1,0.0,0,0,0,0.5,48.21
2026-07-18T16:59:52.409839,2,0.0,0,0,0,0.0,48.21
2026-07-18T16:59:52.410457,4,0.0,0,0,0,0.0,48.21
2026-07-18T16:59:52.410691,3,0.0,0,0,0,0.0,48.21
2026-07-18T16:59:54.409805,1,0.0,0,0,0,0.0,48.21
2026-07-18T16:59:54.411308,4,0.0,0,0,0,0.0,48.21
2026-07-18T16:59:54.412245,3,0.0,0,0,0,0.0,48.21
2026-07-18T16:59:54.413248,2,0.0,0,0,0,0.0,48.21
2026-07-18T16:59:56.414143,1,0.0,0,0,0,0.0,48.21
2026-07-18T16:59:56.416268,3,0.0,0,0,0,339.9,48.21
2026-07-18T16:59:56.416847,4,0.0,0,0,0,0.0,48.21
2026-07-18T16:59:56.417215,2,0.0,0,0,0,0.0,48.21
2026-07-18T16:59:58.417313,1,0.0,0,0,0,0.5,48.21
2026-07-18T16:59:58.419498,4,0.0,0,0,0,0.0,48.21
2026-07-18T16:59:58.420147,3,0.0,0,0,0,0.0,48.21
2026-07-18T16:59:58.420414,2,0.0,0,0,0,0.0,48.21
2026-07-18T17:00:00.419823,4,0.0,0,0,0,0.0,48.21
2026-07-18T17:00:00.420033,3,0.0,0,0,0,0.0,48.21
2026-07-18T17:00:00.420145,1,0.0,0,0,0,0.0,48.21
2026-07-18T17:00:00.420249,2,0.0,0,0,0,0.0,48.21
2026-07-18T17:00:02.422389,1,0.0,0,0,0,0.5,48.21
2026-07-18T17:00:02.424736,4,0.0,0,0,0,0.0,48.21
2026-07-18T17:00:02.424970,2,0.0,0,0,0,0.0,48.21
2026-07-18T17:00:02.425110,3,0.0,0,0,0,0.0,48.21
2026-07-18T17:00:04.426198,1,0.0,0,0,0,0.0,48.21
2026-07-18T17:00:04.429646,3,0.0,0,0,0,0.0,48.21
2026-07-18T17:00:04.429888,4,0.0,0,0,0,0.0,48.21
2026-07-18T17:00:04.430044,2,0.0,0,0,0,0.0,48.21
2026-07-18T17:00:06.429346,1,0.0,0,0,0,1.0,48.21
2026-07-18T17:00:06.432720,3,0.0,0,0,0,0.0,48.21
2026-07-18T17:00:06.433180,4,0.0,0,0,0,0.0,48.21
2026-07-18T17:00:06.433972,2,0.0,0,0,0,0.0,48.21
2026-07-18T17:00:08.433214,1,0.0,0,0,0,0.0,48.21
2026-07-18T17:00:08.437403,4,0.0,0,0,0,215.3,48.21
2026-07-18T17:00:08.438164,2,0.0,0,0,0,0.0,48.21
2026-07-18T17:00:08.438421,3,0.0,0,0,0,0.0,48.21
2026-07-18T17:00:10.435008,1,0.0,0,0,0,0.0,48.21
2026-07-18T17:00:10.435167,4,0.0,0,0,0,0.0,48.21
2026-07-18T17:00:10.435471,3,0.0,0,0,0,0.0,48.21
2026-07-18T17:00:10.435655,2,0.0,0,0,0,0.0,48.21
2026-07-18T17:00:12.436686,1,0.0,0,0,0,0.0,48.21
2026-07-18T17:00:12.441961,3,0.0,0,0,0,202.9,48.21
2026-07-18T17:00:12.444038,4,0.0,0,0,0,0.0,48.21
2026-07-18T17:00:12.444982,2,0.0,0,0,0,0.0,48.21
2026-07-18T17:00:14.439200,1,0.0,0,0,0,0.0,48.21
2026-07-18T17:00:14.440531,2,0.0,0,0,0,0.0,48.21
2026-07-18T17:00:14.440720,4,0.0,0,0,0,0.0,48.21
2026-07-18T17:00:14.440817,3,0.0,0,0,0,0.0,48.21
2026-07-18T17:00:16.450058,2,0.0,0,0,0,1.0,48.21
2026-07-18T17:00:16.451317,1,0.0,0,0,0,0.0,48.21
2026-07-18T17:00:16.452303,4,0.0,0,0,0,0.0,48.21
2026-07-18T17:00:16.453042,3,0.0,0,0,0,0.0,48.21
2026-07-18T17:00:18.447094,3,0.0,0,0,0,0.0,48.21
2026-07-18T17:00:18.447298,4,0.0,0,0,0,0.0,48.21
2026-07-18T17:00:18.447386,2,0.0,0,0,0,0.0,48.21
2026-07-18T17:00:18.447463,1,0.0,0,0,0,0.0,48.21
2026-07-18T17:00:20.448249,1,0.0,0,0,0,0.0,48.21
2026-07-18T17:00:20.449240,2,0.0,0,0,0,0.0,48.21
2026-07-18T17:00:20.449628,4,0.0,0,0,0,0.0,48.21
2026-07-18T17:00:20.449759,3,0.0,0,0,0,0.0,48.21
2026-07-18T17:00:22.455025,1,0.0,0,0,0,0.0,48.21
2026-07-18T17:00:22.459859,4,0.0,0,0,0,420.5,48.21
2026-07-18T17:00:22.460847,3,0.0,0,0,0,0.0,48.21
2026-07-18T17:00:22.461933,2,0.0,0,0,0,0.0,48.21
2026-07-18T17:00:24.460464,4,0.0,0,0,0,0.0,48.21
2026-07-18T17:00:24.462047,1,0.0,0,0,0,0.0,48.21
2026-07-18T17:00:24.466018,2,0.0,0,0,0,242.6,48.21
2026-07-18T17:00:24.467084,3,0.0,0,0,0,0.0,48.21
2026-07-18T17:00:26.461322,4,0.0,0,0,0,0.0,48.21
2026-07-18T17:00:26.462165,1,0.0,0,0,0,0.0,48.21
2026-07-18T17:00:26.464842,2,0.0,0,0,0,0.0,48.21
2026-07-18T17:00:26.465130,3,0.0,0,0,0,0.0,48.21
2026-07-18T17:00:28.463869,1,0.0,0,0,0,1.0,48.21
2026-07-18T17:00:28.465591,2,0.0,0,0,0,0.0,48.21
2026-07-18T17:00:28.465966,3,0.0,0,0,0,0.0,48.21
2026-07-18T17:00:28.466170,4,0.0,0,0,0,0.0,48.21
2026-07-18T17:00:30.465722,4,0.0,0,0,0,0.0,48.21
2026-07-18T17:00:30.466020,1,0.0,0,0,0,0.0,48.21
2026-07-18T17:00:30.466142,2,0.0,0,0,0,0.0,48.21
2026-07-18T17:00:30.466240,3,0.0,0,0,0,0.0,48.21
2026-07-18T17:00:32.465343,1,0.0,0,0,0,0.0,48.21
2026-07-18T17:00:32.467262,2,0.0,0,0,0,516.6,48.21
2026-07-18T17:00:32.467767,4,0.0,0,0,0,0.0,48.21
2026-07-18T17:00:32.467917,3,0.0,0,0,0,0.0,48.21
2026-07-18T17:00:34.470402,1,0.0,0,0,0,0.0,48.21
2026-07-18T17:00:34.477079,4,0.0,0,0,0,0.0,48.21
2026-07-18T17:00:34.478642,3,0.0,0,0,0,0.0,48.21
2026-07-18T17:00:34.480226,2,0.0,0,0,0,0.0,48.21
2026-07-18T17:00:36.473214,1,0.0,0,0,0,0.5,48.21
2026-07-18T17:00:36.476763,3,0.0,0,0,0,269.4,48.21
2026-07-18T17:00:36.477283,2,0.0,0,0,0,0.0,48.21
2026-07-18T17:00:36.478320,4,0.0,0,0,0,0.0,48.21
2026-07-18T17:00:38.475289,1,0.0,0,0,0,0.0,48.21
2026-07-18T17:00:38.478444,3,0.0,0,0,0,286.1,48.21
2026-07-18T17:00:38.479203,4,0.0,0,0,0,0.0,48.21
2026-07-18T17:00:38.480181,2,0.0,0,0,0,0.0,48.21
2026-07-18T17:00:40.484095,3,0.0,0,0,0,0.0,48.21
2026-07-18T17:00:40.484339,4,0.0,0,0,0,0.0,48.21
2026-07-18T17:00:40.484916,1,0.0,0,0,0,0.0,48.21
2026-07-18T17:00:40.485077,2,0.0,0,0,0,0.0,48.21
2026-07-18T17:00:42.479316,1,0.0,0,0,0,0.0,48.21
2026-07-18T17:00:42.481176,2,0.0,0,0,0,548.9,48.21
2026-07-18T17:00:42.481435,3,0.0,0,0,0,0.0,48.21
2026-07-18T17:00:42.481851,4,0.0,0,0,0,0.0,48.21
2026-07-18T17:00:44.482074,1,0.0,0,0,0,0.0,48.21
2026-07-18T17:00:44.482265,4,0.0,0,0,0,0.0,48.21
2026-07-18T17:00:44.483310,2,0.0,0,0,0,0.0,48.21
2026-07-18T17:00:44.483622,3,0.0,0,0,0,0.0,48.21
2026-07-18T17:00:46.485339,1,0.0,0,0,0,0.0,48.21
2026-07-18T17:00:46.485509,3,0.0,0,0,0,0.0,48.21
2026-07-18T17:00:46.485618,2,0.0,0,0,0,0.0,48.21
2026-07-18T17:00:46.485722,4,0.0,0,0,0,0.0,48.21
2026-07-18T17:00:48.496196,1,0.0,0,0,0,1.0,48.21
2026-07-18T17:00:48.497451,4,0.0,0,0,0,0.0,48.21
2026-07-18T17:00:48.502162,3,0.0,0,0,0,0.0,48.21
2026-07-18T17:00:48.502949,2,0.0,0,0,0,0.0,48.21
2026-07-18T17:00:50.493246,4,0.0,0,0,0,0.5,48.21
2026-07-18T17:00:50.493790,3,0.0,0,0,0,0.0,48.21
2026-07-18T17:00:50.493953,1,0.0,0,0,0,0.0,48.21
2026-07-18T17:00:50.494077,2,0.0,0,0,0,0.0,48.21
2026-07-18T17:00:52.495832,1,0.0,0,0,0,0.0,48.21
2026-07-18T17:00:52.499257,4,0.0,0,0,0,0.0,48.21
2026-07-18T17:00:52.502594,2,0.0,0,0,0,325.9,48.21
2026-07-18T17:00:52.503133,3,0.0,0,0,0,0.0,48.21
2026-07-18T17:00:54.496141,1,0.0,0,0,0,0.0,48.21
2026-07-18T17:00:54.498099,3,0.0,0,0,0,0.0,48.21
2026-07-18T17:00:54.498320,4,0.0,0,0,0,0.0,48.21
2026-07-18T17:00:54.498488,2,0.0,0,0,0,0.0,48.21
2026-07-18T17:00:56.497666,1,0.0,0,0,0,0.5,48.21
2026-07-18T17:00:56.498187,3,0.0,0,0,0,1285.2,48.21
2026-07-18T17:00:56.498303,4,0.0,0,0,0,0.0,48.21
2026-07-18T17:00:56.498379,2,0.0,0,0,0,0.0,48.21
2026-07-18T17:00:58.499986,1,0.0,0,0,0,0.0,48.21
2026-07-18T17:00:58.501192,2,0.0,0,0,0,0.0,48.21
2026-07-18T17:00:58.501383,3,0.0,0,0,0,0.0,48.21
2026-07-18T17:00:58.501519,4,0.0,0,0,0,0.0,48.21
2026-07-18T17:01:00.503185,1,0.0,0,0,0,0.0,48.21
2026-07-18T17:01:00.504923,4,0.0,0,0,0,0.0,48.21
2026-07-18T17:01:00.506810,3,0.0,0,0,0,0.0,48.21
2026-07-18T17:01:00.507004,2,0.0,0,0,0,0.0,48.21
2026-07-18T17:01:02.506770,1,0.0,0,0,0,0.5,48.21
2026-07-18T17:01:02.509229,4,0.0,0,0,0,0.0,48.21
2026-07-18T17:01:02.509782,2,0.0,0,0,0,0.0,48.21
2026-07-18T17:01:02.510124,3,0.0,0,0,0,0.0,48.21
2026-07-18T17:01:04.507634,1,0.0,0,0,0,0.0,48.21
2026-07-18T17:01:04.509668,2,0.0,0,0,0,0.0,48.21
2026-07-18T17:01:04.509774,4,0.0,0,0,0,0.0,48.21
2026-07-18T17:01:04.509834,3,0.0,0,0,0,0.0,48.21
2026-07-18T17:01:06.513000,1,0.0,0,0,0,0.0,48.21
2026-07-18T17:01:06.515195,2,0.0,0,0,0,0.0,48.21
2026-07-18T17:01:06.515903,4,0.0,0,0,0,0.0,48.21
2026-07-18T17:01:06.516230,3,0.0,0,0,0,1385.9,48.21
2026-07-18T17:01:08.513474,1,0.0,0,0,0,0.0,48.21
2026-07-18T17:01:08.515052,4,0.0,0,0,0,0.0,48.21
2026-07-18T17:01:08.515176,2,0.0,0,0,0,0.0,48.21
2026-07-18T17:01:08.515259,3,0.0,0,0,0,0.0,48.21
2026-07-18T17:01:10.515979,1,0.0,0,0,0,0.0,48.21
2026-07-18T17:01:10.518021,4,0.0,0,0,0,0.0,48.21
2026-07-18T17:01:10.518169,3,0.0,0,0,0,0.0,48.21
2026-07-18T17:01:10.518258,2,0.0,0,0,0,0.0,48.21
2026-07-18T17:01:12.519356,1,0.0,0,0,0,0.0,48.21
2026-07-18T17:01:12.520233,3,0.0,0,0,0,0.0,48.21
2026-07-18T17:01:12.520343,4,0.0,0,0,0,0.0,48.21
2026-07-18T17:01:12.520406,2,0.0,0,0,0,0.0,48.21
2026-07-18T17:01:14.521024,1,0.0,0,0,0,0.0,48.21
2026-07-18T17:01:14.522025,4,0.0,0,0,0,1054.1,48.21
2026-07-18T17:01:14.522166,3,0.0,0,0,0,0.0,48.21
2026-07-18T17:01:14.522254,2,0.0,0,0,0,0.0,48.21
2026-07-18T17:01:16.527524,1,0.0,0,0,0,0.5,48.21
2026-07-18T17:01:16.533341,4,0.0,0,0,0,176.3,48.21
2026-07-18T17:01:16.535678,2,0.0,0,0,0,0.0,48.21
2026-07-18T17:01:16.537689,3,0.0,0,0,0,0.0,48.21
2026-07-18T17:01:18.544834,1,0.0,0,0,0,1.0,48.21
2026-07-18T17:01:18.548078,2,0.0,0,0,0,302.8,48.21
2026-07-18T17:01:18.548425,4,0.0,0,0,0,0.0,48.21
2026-07-18T17:01:18.548635,3,0.0,0,0,0,0.0,48.21
2026-07-18T17:01:20.532919,1,0.0,0,0,0,0.0,48.21
2026-07-18T17:01:20.533443,4,0.0,0,0,0,0.0,48.21
2026-07-18T17:01:20.536983,2,0.0,0,0,0,0.0,48.21
2026-07-18T17:01:20.537699,3,0.0,0,0,0,0.0,48.21
2026-07-18T17:01:22.537270,4,0.0,0,0,0,0.5,48.21
2026-07-18T17:01:22.538091,1,0.0,0,0,0,0.0,48.21
2026-07-18T17:01:22.541155,2,0.0,0,0,0,0.0,48.21
2026-07-18T17:01:22.551536,3,0.0,0,0,0,193.3,48.21
2026-07-18T17:01:24.539175,1,0.0,0,0,0,0.5,48.21
2026-07-18T17:01:24.544133,4,0.0,0,0,0,0.0,48.21
2026-07-18T17:01:24.545118,2,0.0,0,0,0,0.0,48.21
2026-07-18T17:01:24.546252,3,0.0,0,0,0,0.0,48.21
2026-07-18T17:01:26.539803,1,0.0,0,0,0,0.5,48.21
2026-07-18T17:01:26.541209,3,0.0,0,0,0,0.0,48.21
2026-07-18T17:01:26.541966,4,0.0,0,0,0,0.0,48.21
2026-07-18T17:01:26.542603,2,0.0,0,0,0,0.0,48.21
2026-07-18T17:01:28.541378,1,0.0,0,0,0,0.0,48.21
2026-07-18T17:01:28.542429,3,0.0,0,0,0,0.0,48.21
2026-07-18T17:01:28.542814,4,0.0,0,0,0,0.0,48.21
2026-07-18T17:01:28.542948,2,0.0,0,0,0,0.0,48.21
2026-07-18T17:01:30.547038,1,0.0,0,0,0,1.0,48.21
2026-07-18T17:01:30.549457,2,0.0,0,0,0,0.0,48.21
2026-07-18T17:01:30.550261,4,0.0,0,0,0,0.0,48.21
2026-07-18T17:01:30.550509,3,0.0,0,0,0,0.0,48.21
2026-07-18T17:01:32.555426,1,0.0,0,0,0,0.5,48.21
2026-07-18T17:01:32.556282,3,0.0,0,0,0,0.0,48.21
2026-07-18T17:01:32.556889,4,0.0,0,0,0,0.0,48.21
2026-07-18T17:01:32.558146,2,0.0,0,0,0,0.0,48.21
2026-07-18T17:01:34.555103,1,0.0,0,0,0,0.5,48.21
2026-07-18T17:01:34.556079,4,0.0,0,0,0,0.0,48.21
2026-07-18T17:01:34.558022,3,0.0,0,0,0,0.0,48.21
2026-07-18T17:01:34.558291,2,0.0,0,0,0,0.0,48.21
2026-07-18T17:01:36.558383,1,0.0,0,0,0,0.0,48.21
2026-07-18T17:01:36.559373,3,0.0,0,0,0,0.0,48.21
2026-07-18T17:01:36.560295,2,0.0,0,0,0,0.0,48.21
2026-07-18T17:01:36.560600,4,0.0,0,0,0,0.0,48.21
2026-07-18T17:01:38.557924,1,0.0,0,0,0,0.5,48.21
2026-07-18T17:01:38.558764,2,0.0,0,0,0,0.0,48.21
2026-07-18T17:01:38.558913,4,0.0,0,0,0,0.0,48.21
2026-07-18T17:01:38.558989,3,0.0,0,0,0,0.0,48.21
2026-07-18T17:01:40.561322,4,0.0,0,0,0,0.0,48.21
2026-07-18T17:01:40.561875,1,0.0,0,0,0,975.4,48.21
2026-07-18T17:01:40.563216,2,0.0,0,0,0,0.0,48.21
2026-07-18T17:01:40.563882,3,0.0,0,0,0,0.0,48.21
2026-07-18T17:01:42.566249,3,0.0,0,0,0,0.0,48.21
2026-07-18T17:01:42.567756,1,0.0,0,0,0,0.0,48.21
2026-07-18T17:01:42.568248,4,0.0,0,0,0,0.0,48.21
2026-07-18T17:01:42.568503,2,0.0,0,0,0,0.0,48.21
2026-07-18T17:01:44.566953,3,0.0,0,0,0,0.5,48.21
2026-07-18T17:01:44.567188,4,0.0,0,0,0,0.0,48.21
2026-07-18T17:01:44.567326,1,0.0,0,0,0,0.0,48.21
2026-07-18T17:01:44.568692,2,0.0,0,0,0,0.0,48.21
2026-07-18T17:01:46.570243,1,0.0,0,0,0,0.5,48.21
2026-07-18T17:01:46.571971,3,0.0,0,0,0,0.0,48.21
2026-07-18T17:01:46.572182,4,0.0,0,0,0,0.0,48.21
2026-07-18T17:01:46.572398,2,0.0,0,0,0,0.0,48.21
2026-07-18T17:01:48.573978,1,0.0,0,0,0,0.5,48.21
2026-07-18T17:01:48.575092,4,0.0,0,0,0,0.0,48.21
2026-07-18T17:01:48.578252,3,0.0,0,0,0,271.7,48.21
2026-07-18T17:01:48.579171,2,0.0,0,0,0,0.0,48.21
2026-07-18T17:01:50.576983,1,0.0,0,0,0,0.0,48.21
2026-07-18T17:01:50.577424,4,0.0,0,0,0,0.0,48.21
2026-07-18T17:01:50.579084,2,0.0,0,0,0,0.0,48.21
2026-07-18T17:01:50.579985,3,0.0,0,0,0,0.0,48.21
2026-07-18T17:01:52.581439,1,0.0,0,0,0,1.0,48.21
2026-07-18T17:01:52.587076,2,0.0,0,0,0,0.0,48.21
2026-07-18T17:01:52.588035,3,0.0,0,0,0,0.0,48.21
2026-07-18T17:01:52.588862,4,0.0,0,0,0,0.0,48.21
2026-07-18T17:01:54.581362,1,0.0,0,0,0,0.5,48.21
2026-07-18T17:01:54.584279,4,0.0,0,0,0,0.0,48.21
2026-07-18T17:01:54.584966,2,0.0,0,0,0,0.0,48.21
2026-07-18T17:01:54.585228,3,0.0,0,0,0,0.0,48.21
2026-07-18T17:01:56.585548,1,0.0,0,0,0,0.0,48.21
2026-07-18T17:01:56.586448,4,0.0,0,0,0,0.0,48.21
2026-07-18T17:01:56.589342,3,0.0,0,0,0,374.7,48.21
2026-07-18T17:01:56.590688,2,0.0,0,0,0,0.0,48.21
2026-07-18T17:01:58.586661,1,0.0,0,0,0,0.5,48.21
2026-07-18T17:01:58.589701,4,0.0,0,0,0,0.0,48.21
2026-07-18T17:01:58.590233,2,0.0,0,0,0,0.0,48.21
2026-07-18T17:01:58.590443,3,0.0,0,0,0,0.0,48.21
2026-07-18T17:02:00.589303,1,0.0,0,0,0,0.5,48.21
2026-07-18T17:02:00.593013,2,0.0,0,0,0,0.0,48.21
2026-07-18T17:02:00.593304,3,0.0,0,0,0,0.0,48.21
2026-07-18T17:02:00.594114,4,0.0,0,0,0,0.0,48.21
2026-07-18T17:02:02.593217,4,0.0,0,0,0,0.0,48.21
2026-07-18T17:02:02.594153,1,0.0,0,0,0,0.0,48.21
2026-07-18T17:02:02.597838,2,0.0,0,0,0,0.0,48.21
2026-07-18T17:02:02.598685,3,0.0,0,0,0,1047.0,48.21
2026-07-18T17:02:04.600813,4,0.0,0,0,0,0.5,48.21
2026-07-18T17:02:04.601998,1,0.0,0,0,0,0.0,48.21
2026-07-18T17:02:04.604245,2,0.0,0,0,0,0.0,48.21
2026-07-18T17:02:04.605031,3,0.0,0,0,0,0.0,48.21
2026-07-18T17:02:06.600090,1,0.0,0,0,0,0.5,48.21
2026-07-18T17:02:06.604005,4,0.0,0,0,0,0.0,48.21
2026-07-18T17:02:06.604960,2,0.0,0,0,0,1046.5,48.21
2026-07-18T17:02:06.606005,3,0.0,0,0,0,0.0,48.21
2026-07-18T17:02:08.603034,1,0.0,0,0,0,0.0,48.21
2026-07-18T17:02:08.606315,4,0.0,0,0,0,0.0,48.21
2026-07-18T17:02:08.607398,3,0.0,0,0,0,0.0,48.21
2026-07-18T17:02:08.608250,2,0.0,0,0,0,1117.4,48.21
2026-07-18T17:02:10.605741,2,0.0,0,0,0,0.5,48.21
2026-07-18T17:02:10.605967,4,0.0,0,0,0,0.0,48.21
2026-07-18T17:02:10.606135,1,0.0,0,0,0,0.0,48.21
2026-07-18T17:02:10.606899,3,0.0,0,0,0,0.0,48.21
2026-07-18T17:02:12.617040,4,0.0,0,0,0,1.5,48.21
2026-07-18T17:02:12.617629,3,0.0,0,0,0,0.0,48.21
2026-07-18T17:02:12.618992,1,0.0,0,0,0,764.6,48.21
2026-07-18T17:02:12.622200,2,0.0,0,0,0,0.0,48.21
2026-07-18T17:02:14.618227,1,0.0,0,0,0,0.0,48.21
2026-07-18T17:02:14.622481,3,0.0,0,0,0,152.4,48.21
2026-07-18T17:02:14.624076,4,0.0,0,0,0,0.0,48.21
2026-07-18T17:02:14.624552,2,0.0,0,0,0,0.0,48.21
2026-07-18T17:02:16.620088,1,0.0,0,0,0,1.0,48.21
2026-07-18T17:02:16.621186,2,0.0,0,0,0,0.0,48.21
2026-07-18T17:02:16.622519,3,0.0,0,0,0,0.0,48.21
2026-07-18T17:02:16.623216,4,0.0,0,0,0,738.2,48.21
2026-07-18T17:02:18.631116,1,0.0,0,0,0,0.0,48.21
2026-07-18T17:02:18.640295,3,0.0,0,0,0,91.8,48.21
2026-07-18T17:02:18.640991,4,0.0,0,0,0,0.0,48.21
2026-07-18T17:02:18.641348,2,0.0,0,0,0,0.0,48.21
2026-07-18T17:02:20.623175,3,0.0,0,0,0,0.0,48.21
2026-07-18T17:02:20.623843,4,0.0,0,0,0,0.0,48.21
2026-07-18T17:02:20.624110,2,0.0,0,0,0,0.0,48.21
2026-07-18T17:02:20.624249,1,0.0,0,0,0,0.0,48.21
2026-07-18T17:02:22.631339,3,0.0,0,0,0,0.5,48.21
2026-07-18T17:02:22.632289,4,0.0,0,0,0,0.0,48.21
2026-07-18T17:02:22.633257,1,0.0,0,0,0,0.0,48.21
2026-07-18T17:02:22.633737,2,0.0,0,0,0,0.0,48.21
2026-07-18T17:02:24.633019,2,0.0,0,0,0,1.0,48.21
2026-07-18T17:02:24.633801,4,0.0,0,0,0,0.0,48.21
2026-07-18T17:02:24.634634,1,0.0,0,0,0,0.0,48.21
2026-07-18T17:02:24.635033,3,0.0,0,0,0,0.0,48.21
2026-07-18T17:02:26.632897,1,0.0,0,0,0,0.5,48.21
2026-07-18T17:02:26.634556,4,0.0,0,0,0,0.0,48.21
2026-07-18T17:02:26.635211,2,0.0,0,0,0,0.0,48.21
2026-07-18T17:02:26.635361,3,0.0,0,0,0,0.0,48.21
2026-07-18T17:02:28.636916,1,0.0,0,0,0,0.0,48.21
2026-07-18T17:02:28.639565,3,0.0,0,0,0,248.6,48.21
2026-07-18T17:02:28.639786,4,0.0,0,0,0,0.0,48.21
2026-07-18T17:02:28.640378,2,0.0,0,0,0,0.0,48.21
2026-07-18T17:02:30.639264,1,0.0,0,0,0,0.0,48.21
2026-07-18T17:02:30.640788,4,0.0,0,0,0,0.0,48.21
2026-07-18T17:02:30.641245,3,0.0,0,0,0,0.0,48.21
2026-07-18T17:02:30.644134,2,0.0,0,0,0,0.0,48.21
2026-07-18T17:02:32.643056,1,0.0,0,0,0,1.0,48.21
2026-07-18T17:02:32.645415,3,0.0,0,0,0,0.0,48.21
2026-07-18T17:02:32.645659,4,0.0,0,0,0,0.0,48.21
2026-07-18T17:02:32.645843,2,0.0,0,0,0,0.0,48.21
2026-07-18T17:02:34.644061,1,0.0,0,0,0,0.5,48.21
2026-07-18T17:02:34.646072,3,0.0,0,0,0,0.0,48.21
2026-07-18T17:02:34.646325,2,0.0,0,0,0,0.0,48.21
2026-07-18T17:02:34.646860,4,0.0,0,0,0,0.0,48.21
2026-07-18T17:02:36.648925,1,0.0,0,0,0,0.0,48.21
2026-07-18T17:02:36.654238,2,0.0,0,0,0,203.6,48.21
2026-07-18T17:02:36.655262,4,0.0,0,0,0,0.0,48.21
2026-07-18T17:02:36.656318,3,0.0,0,0,0,879.7,48.21
2026-07-18T17:02:38.650395,1,0.0,0,0,0,0.0,48.21
2026-07-18T17:02:38.654232,3,0.0,0,0,0,0.0,48.21
2026-07-18T17:02:38.655039,4,0.0,0,0,0,0.0,48.21
2026-07-18T17:02:38.655322,2,0.0,0,0,0,0.0,48.21
2026-07-18T17:02:40.654711,1,0.0,0,0,0,0.5,48.21
2026-07-18T17:02:40.656740,2,0.0,0,0,0,0.0,48.21
2026-07-18T17:02:40.657026,4,0.0,0,0,0,0.0,48.21
2026-07-18T17:02:40.658221,3,0.0,0,0,0,0.0,48.21
2026-07-18T17:02:42.662447,1,0.0,0,0,0,0.5,48.21
2026-07-18T17:02:42.666826,2,0.0,0,0,0,0.0,48.21
2026-07-18T17:02:42.667958,3,0.0,0,0,0,0.0,48.21
2026-07-18T17:02:42.668449,4,0.0,0,0,0,0.0,48.21
2026-07-18T17:02:44.663345,1,0.0,0,0,0,0.5,48.21
2026-07-18T17:02:44.663628,4,0.0,0,0,0,1118.2,48.21
2026-07-18T17:02:44.665364,2,0.0,0,0,0,0.0,48.21
2026-07-18T17:02:44.665660,3,0.0,0,0,0,0.0,48.21
2026-07-18T17:02:46.664847,1,0.0,0,0,0,0.0,48.21
2026-07-18T17:02:46.666342,2,0.0,0,0,0,515.8,48.21
2026-07-18T17:02:46.666868,4,0.0,0,0,0,0.0,48.21
2026-07-18T17:02:46.667063,3,0.0,0,0,0,0.0,48.21
2026-07-18T17:02:48.669959,3,0.0,0,0,0,0.0,48.21
2026-07-18T17:02:48.670246,1,0.0,0,0,0,0.0,48.21
2026-07-18T17:02:48.670979,2,0.0,0,0,0,0.0,48.21
2026-07-18T17:02:48.671289,4,0.0,0,0,0,0.0,48.21
2026-07-18T17:02:50.669595,1,0.0,0,0,0,0.0,48.21
2026-07-18T17:02:50.669834,4,0.0,0,0,0,0.0,48.21
2026-07-18T17:02:50.671137,3,0.0,0,0,0,0.0,48.21
2026-07-18T17:02:50.671509,2,0.0,0,0,0,0.0,48.21
2026-07-18T17:02:52.672840,1,0.0,0,0,0,0.0,48.21
2026-07-18T17:02:52.675751,2,0.0,0,0,0,654.7,48.21
2026-07-18T17:02:52.675993,3,0.0,0,0,0,0.0,48.21
2026-07-18T17:02:52.676177,4,0.0,0,0,0,0.0,48.21
2026-07-18T17:02:54.676008,1,0.0,0,0,0,0.5,48.21
2026-07-18T17:02:54.677892,2,0.0,0,0,0,0.0,48.21
2026-07-18T17:02:54.678173,4,0.0,0,0,0,0.0,48.21
2026-07-18T17:02:54.678369,3,0.0,0,0,0,0.0,48.21
2026-07-18T17:02:56.678846,1,0.0,0,0,0,0.0,48.21
2026-07-18T17:02:56.680061,3,0.0,0,0,0,0.0,48.21
2026-07-18T17:02:56.680212,2,0.0,0,0,0,0.0,48.21
2026-07-18T17:02:56.680313,4,0.0,0,0,0,0.0,48.21
2026-07-18T17:02:58.681036,1,0.0,0,0,0,0.5,48.21
2026-07-18T17:02:58.684268,3,0.0,0,0,0,0.0,48.21
2026-07-18T17:02:58.685153,2,0.0,0,0,0,0.0,48.21
2026-07-18T17:02:58.685939,4,0.0,0,0,0,0.0,48.21
2026-07-18T17:03:00.685792,4,0.0,0,0,0,0.5,48.21
2026-07-18T17:03:00.686501,1,0.0,0,0,0,0.0,48.21
2026-07-18T17:03:00.687011,3,0.0,0,0,0,0.0,48.21
2026-07-18T17:03:00.689324,2,0.0,0,0,0,0.0,48.21
2026-07-18T17:03:02.687139,1,0.0,0,0,0,0.0,48.21
2026-07-18T17:03:02.690817,3,0.0,0,0,0,232.9,48.21
2026-07-18T17:03:02.692298,4,0.0,0,0,0,0.0,48.21
2026-07-18T17:03:02.693871,2,0.0,0,0,0,0.0,48.21
2026-07-18T17:03:04.687329,1,0.0,0,0,0,0.0,48.21
2026-07-18T17:03:04.689896,3,0.0,0,0,0,0.0,48.21
2026-07-18T17:03:04.690114,2,0.0,0,0,0,0.0,48.21
2026-07-18T17:03:04.690324,4,0.0,0,0,0,0.0,48.21
2026-07-18T17:03:06.693154,1,0.0,0,0,0,0.5,48.21
2026-07-18T17:03:06.695990,4,0.0,0,0,0,283.1,48.21
2026-07-18T17:03:06.696907,2,0.0,0,0,0,0.0,48.21
2026-07-18T17:03:06.697687,3,0.0,0,0,0,0.0,48.21
2026-07-18T17:03:08.695783,1,0.0,0,0,0,0.0,48.21
2026-07-18T17:03:08.699130,2,0.0,0,0,0,261.1,48.21
2026-07-18T17:03:08.700037,4,0.0,0,0,0,0.0,48.21
2026-07-18T17:03:08.700304,3,0.0,0,0,0,0.0,48.21
2026-07-18T17:03:10.700020,1,0.0,0,0,0,0.0,48.21
2026-07-18T17:03:10.704259,2,0.0,0,0,0,260.0,48.21
2026-07-18T17:03:10.705156,4,0.0,0,0,0,0.0,48.21
2026-07-18T17:03:10.706140,3,0.0,0,0,0,0.0,48.21
2026-07-18T17:03:12.701006,1,0.0,0,0,0,0.0,48.21
2026-07-18T17:03:12.701190,4,0.0,0,0,0,0.0,48.21
2026-07-18T17:03:12.702655,3,0.0,0,0,0,0.0,48.21
2026-07-18T17:03:12.702892,2,0.0,0,0,0,0.0,48.21
2026-07-18T17:03:14.711952,2,0.0,0,0,0,0.5,48.21
2026-07-18T17:03:14.712899,1,0.0,0,0,0,0.0,48.21
2026-07-18T17:03:14.713857,3,0.0,0,0,0,0.0,48.21
2026-07-18T17:03:14.714856,4,0.0,0,0,0,0.0,48.21
2026-07-18T17:03:16.709066,1,0.0,0,0,0,0.5,48.21
2026-07-18T17:03:16.711267,3,0.0,0,0,0,0.0,48.21
2026-07-18T17:03:16.711961,4,0.0,0,0,0,1196.0,48.21
2026-07-18T17:03:16.712340,2,0.0,0,0,0,0.0,48.21
2026-07-18T17:03:18.709525,1,0.0,0,0,0,0.5,48.21
2026-07-18T17:03:18.711237,3,0.0,0,0,0,0.0,48.21
2026-07-18T17:03:18.711714,4,0.0,0,0,0,0.0,48.21
2026-07-18T17:03:18.711921,2,0.0,0,0,0,0.0,48.21
2026-07-18T17:03:20.714477,2,0.0,0,0,0,0.5,48.21
2026-07-18T17:03:20.715411,1,0.0,0,0,0,0.0,48.21
2026-07-18T17:03:20.716164,4,0.0,0,0,0,0.0,48.21
2026-07-18T17:03:20.717124,3,0.0,0,0,0,0.0,48.21
2026-07-18T17:03:22.715309,1,0.0,0,0,0,0.0,48.21
2026-07-18T17:03:22.715655,4,0.0,0,0,0,0.0,48.21
2026-07-18T17:03:22.719328,2,0.0,0,0,0,285.4,48.21
2026-07-18T17:03:22.719663,3,0.0,0,0,0,0.0,48.21
2026-07-18T17:03:24.720483,2,0.0,0,0,0,0.5,48.21
2026-07-18T17:03:24.722148,4,0.0,0,0,0,0.0,48.21
2026-07-18T17:03:24.722957,1,0.0,0,0,0,0.0,48.21
2026-07-18T17:03:24.723195,3,0.0,0,0,0,0.0,48.21
2026-07-18T17:03:26.723316,1,0.0,0,0,0,0.5,48.21
2026-07-18T17:03:26.726403,4,0.0,0,0,0,284.2,48.21
2026-07-18T17:03:26.727351,2,0.0,0,0,0,0.0,48.21
2026-07-18T17:03:26.727740,3,0.0,0,0,0,0.0,48.21
2026-07-18T17:03:28.726273,3,0.0,0,0,0,0.0,48.21
2026-07-18T17:03:28.726916,4,0.0,0,0,0,0.0,48.21
2026-07-18T17:03:28.727140,1,0.0,0,0,0,3367.7,48.21
2026-07-18T17:03:28.727290,2,0.0,0,0,0,0.0,48.21
2026-07-18T17:03:30.728077,4,0.0,0,0,0,0.0,48.21
2026-07-18T17:03:30.728273,1,0.0,0,0,0,0.0,48.21
2026-07-18T17:03:30.728405,3,0.0,0,0,0,0.0,48.21
2026-07-18T17:03:30.729260,2,0.0,0,0,0,0.0,48.21
2026-07-18T17:03:32.731248,1,0.0,0,0,0,0.0,48.21
2026-07-18T17:03:32.734004,2,0.0,0,0,0,0.0,48.21
2026-07-18T17:03:32.735179,4,0.0,0,0,0,0.0,48.21
2026-07-18T17:03:32.735959,3,0.0,0,0,0,0.0,48.21
2026-07-18T17:03:34.740356,4,0.0,0,0,0,1.0,48.21
2026-07-18T17:03:34.741425,1,0.0,0,0,0,0.0,48.21
2026-07-18T17:03:34.745188,3,0.0,0,0,0,0.0,48.21
2026-07-18T17:03:34.745663,2,0.0,0,0,0,0.0,48.21
2026-07-18T17:03:36.737981,1,0.0,0,0,0,0.0,48.21
2026-07-18T17:03:36.739833,4,0.0,0,0,0,556.5,48.21
2026-07-18T17:03:36.740110,2,0.0,0,0,0,0.0,48.21
2026-07-18T17:03:36.740268,3,0.0,0,0,0,0.0,48.21
2026-07-18T17:03:38.748401,1,0.0,0,0,0,0.0,48.21
2026-07-18T17:03:38.751936,3,0.0,0,0,0,0.0,48.21
2026-07-18T17:03:38.752867,4,0.0,0,0,0,0.0,48.21
2026-07-18T17:03:38.756074,2,0.0,0,0,0,396.8,48.21
2026-07-18T17:03:40.745008,1,0.0,0,0,0,0.0,48.21
2026-07-18T17:03:40.747214,4,0.0,0,0,0,0.0,48.21
2026-07-18T17:03:40.747424,2,0.0,0,0,0,0.0,48.21
2026-07-18T17:03:40.747966,3,0.0,0,0,0,0.0,48.21
2026-07-18T17:03:42.746122,1,0.0,0,0,0,0.5,48.21
2026-07-18T17:03:42.746356,4,0.0,0,0,0,0.0,48.21
2026-07-18T17:03:42.747883,2,0.0,0,0,0,0.0,48.21
2026-07-18T17:03:42.748082,3,0.0,0,0,0,0.0,48.21
2026-07-18T17:03:44.755107,1,0.0,0,0,0,0.0,48.21
2026-07-18T17:03:44.758389,2,0.0,0,0,0,0.0,48.21
2026-07-18T17:03:44.759939,4,0.0,0,0,0,946.9,48.21
2026-07-18T17:03:44.760985,3,0.0,0,0,0,0.0,48.21
2026-07-18T17:03:46.751927,1,0.0,0,0,0,0.5,48.21
2026-07-18T17:03:46.753727,3,0.0,0,0,0,0.0,48.21
2026-07-18T17:03:46.753971,4,0.0,0,0,0,0.0,48.21
2026-07-18T17:03:46.754101,2,0.0,0,0,0,0.0,48.21
2026-07-18T17:03:48.836050,3,0.0,0,0,0,0.0,48.21
2026-07-18T17:03:48.836341,1,0.0,0,0,0,0.0,48.21
2026-07-18T17:03:48.841142,4,0.0,0,0,0,0.0,48.21
2026-07-18T17:03:48.842160,2,0.0,0,0,0,0.0,48.21
2026-07-18T17:03:50.755497,4,0.0,0,0,0,1.6,48.21
2026-07-18T17:03:50.755967,3,0.0,0,0,0,0.0,48.21
2026-07-18T17:03:50.756120,1,0.0,0,0,0,0.0,48.21
2026-07-18T17:03:50.756873,2,0.0,0,0,0,0.0,48.21
2026-07-18T17:03:52.826840,1,0.0,0,0,0,0.5,48.21
2026-07-18T17:03:52.827242,3,0.0,0,0,0,0.0,48.21
2026-07-18T17:03:52.855568,4,0.0,0,0,0,106.5,48.21
2026-07-18T17:03:52.857019,2,0.0,0,0,0,0.0,48.21
2026-07-18T17:03:54.765416,1,0.0,0,0,0,0.0,48.21
2026-07-18T17:03:54.768872,4,0.0,0,0,0,284.6,48.21
2026-07-18T17:03:54.775136,2,0.0,0,0,0,0.0,48.21
2026-07-18T17:03:54.777118,3,0.0,0,0,0,409.0,48.21
2026-07-18T17:03:56.770149,1,0.0,0,0,0,0.5,48.21
2026-07-18T17:03:56.779368,4,0.0,0,0,0,0.0,48.21
2026-07-18T17:03:56.780576,3,0.0,0,0,0,0.0,48.21
2026-07-18T17:03:56.785019,2,0.0,0,0,0,0.0,48.21
2026-07-18T17:03:58.768418,1,0.0,0,0,0,0.5,48.21
2026-07-18T17:03:58.770378,4,0.0,0,0,0,0.0,48.21
2026-07-18T17:03:58.770850,3,0.0,0,0,0,0.0,48.21
2026-07-18T17:03:58.771067,2,0.0,0,0,0,0.0,48.21
2026-07-18T17:04:00.776546,1,0.0,0,0,0,0.0,48.21
2026-07-18T17:04:00.778150,4,0.0,0,0,0,695.9,48.21
2026-07-18T17:04:00.778336,3,0.0,0,0,0,0.0,48.21
2026-07-18T17:04:00.778432,2,0.0,0,0,0,0.0,48.21
2026-07-18T17:04:02.772910,1,0.0,0,0,0,0.5,48.21
2026-07-18T17:04:02.774289,4,0.0,0,0,0,0.0,48.21
2026-07-18T17:04:02.774489,3,0.0,0,0,0,0.0,48.21
2026-07-18T17:04:02.775253,2,0.0,0,0,0,0.0,48.21
2026-07-18T17:04:04.775153,4,0.0,0,0,0,0.0,48.21
2026-07-18T17:04:04.775298,1,0.0,0,0,0,0.0,48.21
2026-07-18T17:04:04.776100,3,0.0,0,0,0,0.0,48.21
2026-07-18T17:04:04.776227,2,0.0,0,0,0,0.0,48.21
2026-07-18T17:04:06.779944,1,0.0,0,0,0,0.0,48.21
2026-07-18T17:04:06.784070,3,0.0,0,0,0,313.8,48.21
2026-07-18T17:04:06.785045,2,0.0,0,0,0,0.0,48.21
2026-07-18T17:04:06.787625,4,0.0,0,0,0,0.0,48.21
2026-07-18T17:04:08.785508,1,0.0,0,0,0,0.0,48.21
2026-07-18T17:04:08.789217,2,0.0,0,0,0,226.3,48.21
2026-07-18T17:04:08.789967,4,0.0,0,0,0,0.0,48.21
2026-07-18T17:04:08.790172,3,0.0,0,0,0,0.0,48.21
2026-07-18T17:04:10.788271,1,0.0,0,0,0,0.0,48.21
2026-07-18T17:04:10.790793,4,0.0,0,0,0,328.3,48.21
2026-07-18T17:04:10.791110,2,0.0,0,0,0,0.0,48.21
2026-07-18T17:04:10.791897,3,0.0,0,0,0,0.0,48.21
2026-07-18T17:04:12.789467,2,0.0,0,0,0,0.0,48.21
2026-07-18T17:04:12.790090,1,0.0,0,0,0,0.0,48.21
2026-07-18T17:04:12.790322,4,0.0,0,0,0,0.0,48.21
2026-07-18T17:04:12.790795,3,0.0,0,0,0,0.0,48.21
2026-07-18T17:04:14.793815,4,0.0,0,0,0,0.0,48.21
2026-07-18T17:04:14.794177,1,0.0,0,0,0,1120.6,48.21
2026-07-18T17:04:14.794434,3,0.0,0,0,0,0.0,48.21
2026-07-18T17:04:14.794585,2,0.0,0,0,0,0.0,48.21
2026-07-18T17:04:16.795164,1,0.0,0,0,0,0.0,48.21
2026-07-18T17:04:16.797712,3,0.0,0,0,0,0.0,48.21
2026-07-18T17:04:16.798185,4,0.0,0,0,0,0.0,48.21
2026-07-18T17:04:16.800155,2,0.0,0,0,0,489.1,48.21
2026-07-18T17:04:18.800872,1,0.0,0,0,0,0.5,48.21
2026-07-18T17:04:18.801096,2,0.0,0,0,0,0.0,48.21
2026-07-18T17:04:18.801254,3,0.0,0,0,0,0.0,48.21
2026-07-18T17:04:18.802017,4,0.0,0,0,0,0.0,48.21
2026-07-18T17:04:20.800042,1,0.0,0,0,0,0.0,48.21
2026-07-18T17:04:20.801965,4,0.0,0,0,0,0.0,48.21
2026-07-18T17:04:20.802183,2,0.0,0,0,0,0.0,48.21
2026-07-18T17:04:20.802298,3,0.0,0,0,0,0.0,48.21
2026-07-18T17:04:22.803294,3,0.0,0,0,0,0.5,48.21
2026-07-18T17:04:22.803822,1,0.0,0,0,0,0.0,48.21
2026-07-18T17:04:22.804037,4,0.0,0,0,0,0.0,48.21
2026-07-18T17:04:22.805300,2,0.0,0,0,0,0.0,48.21
2026-07-18T17:04:24.808933,1,0.0,0,0,0,0.5,48.21
2026-07-18T17:04:24.809668,4,0.0,0,0,0,0.0,48.21
2026-07-18T17:04:24.814240,2,0.0,0,0,0,0.0,48.21
2026-07-18T17:04:24.815821,3,0.0,0,0,0,0.0,48.21
2026-07-18T17:04:26.811519,1,0.0,0,0,0,1.0,48.21
2026-07-18T17:04:26.815654,2,0.0,0,0,0,0.0,48.21
2026-07-18T17:04:26.816208,4,0.0,0,0,0,0.0,48.21
2026-07-18T17:04:26.817167,3,0.0,0,0,0,0.0,48.21
2026-07-18T17:04:28.813864,4,0.0,0,0,0,0.5,48.21
2026-07-18T17:04:28.814518,1,0.0,0,0,0,0.0,48.21
2026-07-18T17:04:28.817235,2,0.0,0,0,0,0.0,48.21
2026-07-18T17:04:28.818045,3,0.0,0,0,0,0.0,48.21
2026-07-18T17:04:30.814542,1,0.0,0,0,0,0.0,48.21
2026-07-18T17:04:30.816967,3,0.0,0,0,0,0.0,48.21
2026-07-18T17:04:30.817216,4,0.0,0,0,0,0.0,48.21
2026-07-18T17:04:30.818213,2,0.0,0,0,0,1086.5,48.21
2026-07-18T17:04:32.816521,1,0.0,0,0,0,0.0,48.21
2026-07-18T17:04:32.818366,2,0.0,0,0,0,545.1,48.21
2026-07-18T17:04:32.818573,4,0.0,0,0,0,0.0,48.21
2026-07-18T17:04:32.818698,3,0.0,0,0,0,0.0,48.21
2026-07-18T17:04:34.821774,1,0.0,0,0,0,0.0,48.21
2026-07-18T17:04:34.822067,3,0.0,0,0,0,0.0,48.21
2026-07-18T17:04:34.822209,4,0.0,0,0,0,0.0,48.21
2026-07-18T17:04:34.823283,2,0.0,0,0,0,0.0,48.21
2026-07-18T17:04:36.823108,1,0.0,0,0,0,0.0,48.21
2026-07-18T17:04:36.824873,3,0.0,0,0,0,393.0,48.21
2026-07-18T17:04:36.825221,2,0.0,0,0,0,0.0,48.21
2026-07-18T17:04:36.826077,4,0.0,0,0,0,0.0,48.21
2026-07-18T17:04:38.828263,1,0.0,0,0,0,0.0,48.21
2026-07-18T17:04:38.831982,2,0.0,0,0,0,0.0,48.21
2026-07-18T17:04:38.832836,4,0.0,0,0,0,0.0,48.21
2026-07-18T17:04:38.833309,3,0.0,0,0,0,1069.1,48.21
2026-07-18T17:04:40.830559,1,0.0,0,0,0,0.0,48.21
2026-07-18T17:04:40.833322,3,0.0,0,0,0,0.0,48.21
2026-07-18T17:04:40.834258,4,0.0,0,0,0,0.0,48.21
2026-07-18T17:04:40.835081,2,0.0,0,0,0,0.0,48.21
2026-07-18T17:04:42.834325,1,0.0,0,0,0,1.0,48.21
2026-07-18T17:04:42.835267,4,0.0,0,0,0,0.0,48.21
2026-07-18T17:04:42.837962,3,0.0,0,0,0,0.0,48.21
2026-07-18T17:04:42.838361,2,0.0,0,0,0,0.0,48.21
2026-07-18T17:04:44.835337,1,0.0,0,0,0,0.0,48.21
2026-07-18T17:04:44.836241,4,0.0,0,0,0,0.0,48.21
2026-07-18T17:04:44.838396,3,0.0,0,0,0,0.0,48.21
2026-07-18T17:04:44.839179,2,0.0,0,0,0,0.0,48.21
2026-07-18T17:04:46.838507,1,0.0,0,0,0,0.5,48.21
2026-07-18T17:04:46.843440,4,0.0,0,0,0,0.0,48.21
2026-07-18T17:04:46.844409,2,0.0,0,0,0,0.0,48.21
2026-07-18T17:04:46.845337,3,0.0,0,0,0,0.0,48.21
2026-07-18T17:04:48.843507,1,0.0,0,0,0,0.5,48.21
2026-07-18T17:04:48.845255,3,0.0,0,0,0,0.0,48.21
2026-07-18T17:04:48.845807,2,0.0,0,0,0,0.0,48.21
2026-07-18T17:04:48.846015,4,0.0,0,0,0,0.0,48.21
2026-07-18T17:04:50.847509,4,0.0,0,0,0,0.5,48.21
2026-07-18T17:04:50.847941,1,0.0,0,0,0,0.0,48.21
2026-07-18T17:04:50.851227,3,0.0,0,0,0,0.0,48.21
2026-07-18T17:04:50.851589,2,0.0,0,0,0,0.0,48.21
2026-07-18T17:04:52.852959,1,0.0,0,0,0,0.5,48.21
2026-07-18T17:04:52.853752,3,0.0,0,0,0,1021.0,48.21
2026-07-18T17:04:52.854003,4,0.0,0,0,0,0.0,48.21
2026-07-18T17:04:52.854202,2,0.0,0,0,0,0.0,48.21
2026-07-18T17:04:54.851347,1,0.0,0,0,0,0.0,48.21
2026-07-18T17:04:54.855343,4,0.0,0,0,0,0.0,48.21
2026-07-18T17:04:54.856530,2,0.0,0,0,0,0.0,48.21
2026-07-18T17:04:54.857385,3,0.0,0,0,0,0.0,48.21
2026-07-18T17:04:56.853951,1,0.0,0,0,0,1.0,48.21
2026-07-18T17:04:56.854234,4,0.0,0,0,0,0.0,48.21
2026-07-18T17:04:56.857018,2,0.0,0,0,0,0.0,48.21
2026-07-18T17:04:56.857996,3,0.0,0,0,0,0.0,48.21
2026-07-18T17:04:58.855000,1,0.0,0,0,0,0.0,48.21
2026-07-18T17:04:58.856768,2,0.0,0,0,0,0.0,48.21
2026-07-18T17:04:58.857137,4,0.0,0,0,0,0.0,48.21
2026-07-18T17:04:58.857627,3,0.0,0,0,0,0.0,48.21
2026-07-18T17:05:00.866546,1,0.0,0,0,0,1.0,48.21
2026-07-18T17:05:00.867172,4,0.0,0,0,0,0.0,48.21
2026-07-18T17:05:00.867402,2,0.0,0,0,0,0.0,48.21
2026-07-18T17:05:00.868034,3,0.0,0,0,0,0.0,48.21
2026-07-18T17:05:02.864117,4,0.0,0,0,0,0.0,48.21
2026-07-18T17:05:02.865000,2,0.0,0,0,0,0.0,48.21
2026-07-18T17:05:02.865850,1,0.0,0,0,0,0.0,48.21
2026-07-18T17:05:02.866231,3,0.0,0,0,0,0.0,48.21
2026-07-18T17:05:04.863442,1,0.0,0,0,0,0.5,48.21
2026-07-18T17:05:04.864942,3,0.0,0,0,0,0.0,48.21
2026-07-18T17:05:04.865070,2,0.0,0,0,0,0.0,48.21
2026-07-18T17:05:04.865156,4,0.0,0,0,0,0.0,48.21
2026-07-18T17:05:06.875187,3,0.0,0,0,0,0.5,48.21
2026-07-18T17:05:06.876728,4,0.0,0,0,0,0.0,48.21
2026-07-18T17:05:06.877366,1,0.0,0,0,0,0.0,48.21
2026-07-18T17:05:06.880167,2,0.0,0,0,0,0.0,48.21
2026-07-18T17:05:08.871630,4,0.0,0,0,0,0.0,48.21
2026-07-18T17:05:08.871905,1,0.0,0,0,0,0.0,48.21
2026-07-18T17:05:08.872031,3,0.0,0,0,0,0.0,48.21
2026-07-18T17:05:08.873380,2,0.0,0,0,0,827.7,48.21
2026-07-18T17:05:10.873512,1,0.0,0,0,0,0.0,48.21
2026-07-18T17:05:10.873843,4,0.0,0,0,0,0.0,48.21
2026-07-18T17:05:10.875589,2,0.0,0,0,0,0.0,48.21
2026-07-18T17:05:10.875815,3,0.0,0,0,0,0.0,48.21
2026-07-18T17:05:12.877804,2,0.0,0,0,0,0.0,48.21
2026-07-18T17:05:12.878201,1,0.0,0,0,0,0.0,48.21
2026-07-18T17:05:12.878836,4,0.0,0,0,0,0.0,48.21
2026-07-18T17:05:12.879193,3,0.0,0,0,0,0.0,48.21
2026-07-18T17:05:14.878409,1,0.0,0,0,0,0.5,48.21
2026-07-18T17:05:14.881017,4,0.0,0,0,0,0.0,48.21
2026-07-18T17:05:14.881269,3,0.0,0,0,0,0.0,48.21
2026-07-18T17:05:14.881414,2,0.0,0,0,0,0.0,48.21
2026-07-18T17:05:16.886231,4,0.0,0,0,0,1.0,48.21
2026-07-18T17:05:16.888194,3,0.0,0,0,0,0.0,48.21
2026-07-18T17:05:16.889360,1,0.0,0,0,0,0.0,48.21
2026-07-18T17:05:16.890333,2,0.0,0,0,0,0.0,48.21
2026-07-18T17:05:18.886401,1,0.0,0,0,0,0.0,48.21
2026-07-18T17:05:18.892364,2,0.0,0,0,0,167.4,48.21
2026-07-18T17:05:18.893263,3,0.0,0,0,0,0.0,48.21
2026-07-18T17:05:18.894225,4,0.0,0,0,0,0.0,48.21
2026-07-18T17:05:20.890281,1,0.0,0,0,0,0.0,48.21
2026-07-18T17:05:20.893345,2,0.0,0,0,0,0.0,48.21
2026-07-18T17:05:20.894046,4,0.0,0,0,0,0.0,48.21
2026-07-18T17:05:20.894722,3,0.0,0,0,0,0.0,48.21
2026-07-18T17:05:22.902025,4,0.0,0,0,0,1.0,48.21
2026-07-18T17:05:22.903229,3,0.0,0,0,0,0.0,48.21
2026-07-18T17:05:22.904251,1,0.0,0,0,0,0.0,48.21
2026-07-18T17:05:22.911147,2,0.0,0,0,0,189.6,48.21
2026-07-18T17:05:24.902346,1,0.0,0,0,0,0.0,48.21
2026-07-18T17:05:24.907034,4,0.0,0,0,0,0.0,48.21
2026-07-18T17:05:24.907876,3,0.0,0,0,0,0.0,48.21
2026-07-18T17:05:24.908891,2,0.0,0,0,0,0.0,48.21
2026-07-18T17:05:26.904307,1,0.0,0,0,0,0.5,48.21
2026-07-18T17:05:26.905864,2,0.0,0,0,0,0.0,48.21
2026-07-18T17:05:26.906005,4,0.0,0,0,0,0.0,48.21
2026-07-18T17:05:26.906103,3,0.0,0,0,0,0.0,48.21
2026-07-18T17:05:28.907705,1,0.0,0,0,0,0.0,48.21
2026-07-18T17:05:28.909102,2,0.0,0,0,0,0.0,48.21
2026-07-18T17:05:28.909534,3,0.0,0,0,0,0.0,48.21
2026-07-18T17:05:28.909783,4,0.0,0,0,0,0.0,48.21
2026-07-18T17:05:30.915959,1,0.0,0,0,0,1.0,48.21
2026-07-18T17:05:30.917859,3,0.0,0,0,0,0.0,48.21
2026-07-18T17:05:30.918183,4,0.0,0,0,0,0.0,48.21
2026-07-18T17:05:30.918979,2,0.0,0,0,0,0.0,48.21
2026-07-18T17:05:32.909927,1,0.0,0,0,0,0.0,48.21
2026-07-18T17:05:32.911161,4,0.0,0,0,0,0.0,48.21
2026-07-18T17:05:32.911611,2,0.0,0,0,0,0.0,48.21
2026-07-18T17:05:32.911764,3,0.0,0,0,0,0.0,48.21
2026-07-18T17:05:34.913208,1,0.0,0,0,0,0.5,48.21
2026-07-18T17:05:34.914874,4,0.0,0,0,0,0.0,48.21
2026-07-18T17:05:34.915191,2,0.0,0,0,0,0.0,48.21
2026-07-18T17:05:34.915346,3,0.0,0,0,0,0.0,48.21
2026-07-18T17:05:36.922382,1,0.0,0,0,0,0.0,48.21
2026-07-18T17:05:36.923594,3,0.0,0,0,0,0.0,48.21
2026-07-18T17:05:36.924511,2,0.0,0,0,0,0.0,48.21
2026-07-18T17:05:36.925368,4,0.0,0,0,0,0.0,48.21
2026-07-18T17:05:38.943353,1,0.0,0,0,0,0.5,48.21
2026-07-18T17:05:38.943999,4,0.0,0,0,0,0.0,48.21
2026-07-18T17:05:38.944509,3,0.0,0,0,0,0.0,48.21
2026-07-18T17:05:38.944830,2,0.0,0,0,0,0.0,48.21
2026-07-18T17:05:40.947330,1,0.0,0,0,0,0.0,48.21
2026-07-18T17:05:40.948737,4,0.0,0,0,0,0.0,48.21
2026-07-18T17:05:40.949778,2,0.0,0,0,0,0.0,48.21
2026-07-18T17:05:40.950099,3,0.0,0,0,0,0.0,48.21
2026-07-18T17:05:42.948949,1,0.0,0,0,0,0.5,48.21
2026-07-18T17:05:42.949981,4,0.0,0,0,0,973.3,48.21
2026-07-18T17:05:42.950124,3,0.0,0,0,0,0.0,48.21
2026-07-18T17:05:42.950218,2,0.0,0,0,0,0.0,48.21
2026-07-18T17:05:44.952155,1,0.0,0,0,0,0.0,48.21
2026-07-18T17:05:44.954684,2,0.0,0,0,0,0.0,48.21
2026-07-18T17:05:44.954950,3,0.0,0,0,0,0.0,48.21
2026-07-18T17:05:44.955085,4,0.0,0,0,0,0.0,48.21
2026-07-18T17:05:46.955359,1,0.0,0,0,0,0.0,48.21
2026-07-18T17:05:46.957435,3,0.0,0,0,0,0.0,48.21
2026-07-18T17:05:46.958226,2,0.0,0,0,0,0.0,48.21
2026-07-18T17:05:46.958465,4,0.0,0,0,0,0.0,48.21
2026-07-18T17:05:48.958079,4,0.0,0,0,0,0.0,48.21
2026-07-18T17:05:48.958945,1,0.0,0,0,0,0.0,48.21
2026-07-18T17:05:48.959177,3,0.0,0,0,0,2925.7,48.21
2026-07-18T17:05:48.960168,2,0.0,0,0,0,0.0,48.21
2026-07-18T17:05:50.960948,2,0.0,0,0,0,0.0,48.21
2026-07-18T17:05:50.961509,4,0.0,0,0,0,0.0,48.21
2026-07-18T17:05:50.961752,3,0.0,0,0,0,0.0,48.21
2026-07-18T17:05:50.961881,1,0.0,0,0,0,0.0,48.21
2026-07-18T17:05:52.962307,2,0.0,0,0,0,0.0,48.21
2026-07-18T17:05:52.962872,3,0.0,0,0,0,0.0,48.21
2026-07-18T17:05:52.963047,1,0.0,0,0,0,0.0,48.21
2026-07-18T17:05:52.963155,4,0.0,0,0,0,0.0,48.21
2026-07-18T17:05:54.963764,1,0.0,0,0,0,0.5,48.21
2026-07-18T17:05:54.966108,2,0.0,0,0,0,0.0,48.21
2026-07-18T17:05:54.967074,4,0.0,0,0,0,0.0,48.21
2026-07-18T17:05:54.967979,3,0.0,0,0,0,0.0,48.21
2026-07-18T17:05:56.972856,1,0.0,0,0,0,0.5,48.21
2026-07-18T17:05:56.973726,4,0.0,0,0,0,0.0,48.21
2026-07-18T17:05:56.976585,2,0.0,0,0,0,0.0,48.21
2026-07-18T17:05:56.977567,3,0.0,0,0,0,0.0,48.21
2026-07-18T17:05:58.977411,4,0.0,0,0,0,0.5,48.21
2026-07-18T17:05:58.978034,1,0.0,0,0,0,0.0,48.21
2026-07-18T17:05:58.978245,3,0.0,0,0,0,0.0,48.21
2026-07-18T17:05:58.980219,2,0.0,0,0,0,0.0,48.21
2026-07-18T17:06:00.977825,3,0.0,0,0,0,1.0,48.21
2026-07-18T17:06:00.978534,4,0.0,0,0,0,0.0,48.21
2026-07-18T17:06:00.980879,2,0.0,0,0,0,0.0,48.21
2026-07-18T17:06:00.981286,1,0.0,0,0,0,0.0,48.21
2026-07-18T17:06:02.975359,1,0.0,0,0,0,0.0,48.21
2026-07-18T17:06:02.977105,4,0.0,0,0,0,0.0,48.21
2026-07-18T17:06:02.977302,2,0.0,0,0,0,0.0,48.21
2026-07-18T17:06:02.977493,3,0.0,0,0,0,0.0,48.21
2026-07-18T17:06:04.981261,4,0.0,0,0,0,0.5,48.21
2026-07-18T17:06:04.982161,3,0.0,0,0,0,0.0,48.21
2026-07-18T17:06:04.982973,1,0.0,0,0,0,0.0,48.21
2026-07-18T17:06:04.984945,2,0.0,0,0,0,0.0,48.21
2026-07-18T17:06:06.989947,3,0.0,0,0,0,0.5,48.21
2026-07-18T17:06:06.991564,4,0.0,0,0,0,0.0,48.21
2026-07-18T17:06:06.993045,1,0.0,0,0,0,0.0,48.21
2026-07-18T17:06:06.994219,2,0.0,0,0,0,0.0,48.21
2026-07-18T17:06:08.985437,1,0.0,0,0,0,0.5,48.21
2026-07-18T17:06:08.987119,4,0.0,0,0,0,0.0,48.21
2026-07-18T17:06:08.987306,3,0.0,0,0,0,0.0,48.21
2026-07-18T17:06:08.988346,2,0.0,0,0,0,0.0,48.21
2026-07-18T17:06:10.989116,2,0.0,0,0,0,0.0,48.21
2026-07-18T17:06:10.989341,3,0.0,0,0,0,0.0,48.21
2026-07-18T17:06:10.989470,1,0.0,0,0,0,0.0,48.21
2026-07-18T17:06:10.990176,4,0.0,0,0,0,0.0,48.21
2026-07-18T17:06:12.991153,4,0.0,0,0,0,0.5,48.21
2026-07-18T17:06:12.991348,1,0.0,0,0,0,0.0,48.21
2026-07-18T17:06:12.991466,3,0.0,0,0,0,0.0,48.21
2026-07-18T17:06:12.991986,2,0.0,0,0,0,2045.4,48.21
2026-07-18T17:06:14.994031,1,0.0,0,0,0,0.0,48.21
2026-07-18T17:06:14.995954,3,0.0,0,0,0,0.0,48.21
2026-07-18T17:06:14.996274,4,0.0,0,0,0,0.0,48.21
2026-07-18T17:06:14.998097,2,0.0,0,0,0,0.0,48.21
2026-07-18T17:06:17.002432,3,0.0,0,0,0,0.5,48.21
2026-07-18T17:06:17.003211,4,0.0,0,0,0,0.0,48.21
2026-07-18T17:06:17.003632,2,0.0,0,0,0,0.0,48.21
2026-07-18T17:06:17.003955,1,0.0,0,0,0,0.0,48.21
2026-07-18T17:06:18.999153,1,0.0,0,0,0,0.5,48.21
2026-07-18T17:06:19.001813,2,0.0,0,0,0,0.0,48.21
2026-07-18T17:06:19.002219,3,0.0,0,0,0,0.0,48.21
2026-07-18T17:06:19.002784,4,0.0,0,0,0,0.0,48.21
2026-07-18T17:06:21.001531,1,0.0,0,0,0,0.0,48.21
2026-07-18T17:06:21.003667,3,0.0,0,0,0,0.0,48.21
2026-07-18T17:06:21.003914,4,0.0,0,0,0,0.0,48.21
2026-07-18T17:06:21.004042,2,0.0,0,0,0,0.0,48.21
2026-07-18T17:06:23.003918,3,0.0,0,0,0,0.5,48.21
2026-07-18T17:06:23.004216,1,0.0,0,0,0,0.0,48.21
2026-07-18T17:06:23.004351,4,0.0,0,0,0,0.0,48.21
2026-07-18T17:06:23.005284,2,0.0,0,0,0,0.0,48.21
2026-07-18T17:06:25.012769,4,0.0,0,0,0,0.0,48.21
2026-07-18T17:06:25.014909,2,0.0,0,0,0,0.0,48.21
2026-07-18T17:06:25.018053,3,0.0,0,0,0,260.6,48.21
2026-07-18T17:06:25.018983,1,0.0,0,0,0,0.0,48.21
2026-07-18T17:06:27.010172,1,0.0,0,0,0,0.0,48.21
2026-07-18T17:06:27.011948,2,0.0,0,0,0,0.0,48.21
2026-07-18T17:06:27.012322,3,0.0,0,0,0,0.0,48.21
2026-07-18T17:06:27.012911,4,0.0,0,0,0,0.0,48.21
2026-07-18T17:06:29.013069,1,0.0,0,0,0,0.0,48.21
2026-07-18T17:06:29.014853,2,0.0,0,0,0,567.0,48.21
2026-07-18T17:06:29.015162,4,0.0,0,0,0,0.0,48.21
2026-07-18T17:06:29.015752,3,0.0,0,0,0,0.0,48.21
2026-07-18T17:06:31.018400,1,0.0,0,0,0,0.5,48.21
2026-07-18T17:06:31.023222,3,0.0,0,0,0,0.0,48.21
2026-07-18T17:06:31.024186,2,0.0,0,0,0,0.0,48.21
2026-07-18T17:06:31.025182,4,0.0,0,0,0,0.0,48.21
2026-07-18T17:06:33.023258,4,0.0,0,0,0,0.5,48.21
2026-07-18T17:06:33.023971,2,0.0,0,0,0,0.0,48.21
2026-07-18T17:06:33.024629,3,0.0,0,0,0,0.0,48.21
2026-07-18T17:06:33.025097,1,0.0,0,0,0,0.0,48.21
2026-07-18T17:06:35.022396,4,0.0,0,0,0,0.0,48.21
2026-07-18T17:06:35.022940,1,0.0,0,0,0,0.0,48.21
2026-07-18T17:06:35.024248,2,0.0,0,0,0,787.7,48.21
2026-07-18T17:06:35.024453,3,0.0,0,0,0,0.0,48.21
2026-07-18T17:06:37.027111,1,0.0,0,0,0,0.0,48.21
2026-07-18T17:06:37.030631,4,0.0,0,0,0,285.3,48.21
2026-07-18T17:06:37.031759,3,0.0,0,0,0,0.0,48.21
2026-07-18T17:06:37.032154,2,0.0,0,0,0,0.0,48.21
2026-07-18T17:06:39.027437,1,0.0,0,0,0,0.0,48.21
2026-07-18T17:06:39.028334,4,0.0,0,0,0,0.0,48.21
2026-07-18T17:06:39.030201,2,0.0,0,0,0,0.0,48.21
2026-07-18T17:06:39.030650,3,0.0,0,0,0,1987.1,48.21
2026-07-18T17:06:41.029783,3,0.0,0,0,0,0.0,48.21
2026-07-18T17:06:41.029984,1,0.0,0,0,0,0.0,48.21
2026-07-18T17:06:41.030090,4,0.0,0,0,0,0.0,48.21
2026-07-18T17:06:41.030947,2,0.0,0,0,0,0.0,48.21
2026-07-18T17:06:43.033076,1,0.0,0,0,0,0.5,48.21
2026-07-18T17:06:43.033977,4,0.0,0,0,0,0.0,48.21
2026-07-18T17:06:43.037263,3,0.0,0,0,0,0.0,48.21
2026-07-18T17:06:43.038364,2,0.0,0,0,0,0.0,48.21
2026-07-18T17:06:45.034427,1,0.0,0,0,0,0.0,48.21
2026-07-18T17:06:45.036561,3,0.0,0,0,0,0.0,48.21
2026-07-18T17:06:45.036807,4,0.0,0,0,0,0.0,48.21
2026-07-18T17:06:45.036956,2,0.0,0,0,0,0.0,48.21
2026-07-18T17:06:47.037116,4,0.0,0,0,0,0.5,48.21
2026-07-18T17:06:47.037459,1,0.0,0,0,0,0.0,48.21
2026-07-18T17:06:47.040095,3,0.0,0,0,0,0.0,48.21
2026-07-18T17:06:47.040974,2,0.0,0,0,0,0.0,48.21
2026-07-18T17:06:49.040115,3,0.0,0,0,0,0.0,48.21
2026-07-18T17:06:49.040874,1,0.0,0,0,0,0.0,48.21
2026-07-18T17:06:49.043203,4,0.0,0,0,0,566.6,48.21
2026-07-18T17:06:49.045134,2,0.0,0,0,0,0.0,48.21
2026-07-18T17:06:51.049357,3,0.0,0,0,0,1.0,48.21
2026-07-18T17:06:51.050243,4,0.0,0,0,0,0.0,48.21
2026-07-18T17:06:51.051219,1,0.0,0,0,0,0.0,48.21
2026-07-18T17:06:51.054649,2,0.0,0,0,0,0.0,48.21
2026-07-18T17:06:53.048834,1,0.0,0,0,0,0.5,48.21
2026-07-18T17:06:53.049245,4,0.0,0,0,0,0.0,48.21
2026-07-18T17:06:53.051709,2,0.0,0,0,0,0.0,48.21
2026-07-18T17:06:53.052151,3,0.0,0,0,0,0.0,48.21
2026-07-18T17:06:55.050316,1,0.0,0,0,0,0.0,48.21
2026-07-18T17:06:55.052463,3,0.0,0,0,0,539.3,48.21
2026-07-18T17:06:55.052835,2,0.0,0,0,0,0.0,48.21
2026-07-18T17:06:55.052999,4,0.0,0,0,0,0.0,48.21
2026-07-18T17:06:57.051357,1,0.0,0,0,0,0.0,48.21
2026-07-18T17:06:57.052324,2,0.0,0,0,0,0.0,48.21
2026-07-18T17:06:57.052650,3,0.0,0,0,0,0.0,48.21
2026-07-18T17:06:57.052789,4,0.0,0,0,0,0.0,48.21
2026-07-18T17:06:59.061040,1,0.0,0,0,0,0.5,48.21
2026-07-18T17:06:59.064220,4,0.0,0,0,0,0.0,48.21
2026-07-18T17:06:59.065252,2,0.0,0,0,0,0.0,48.21
2026-07-18T17:06:59.066737,3,0.0,0,0,0,0.0,48.21
2026-07-18T17:07:01.059184,1,0.0,0,0,0,0.0,48.21
2026-07-18T17:07:01.061339,2,0.0,0,0,0,0.0,48.21
2026-07-18T17:07:01.062048,3,0.0,0,0,0,1295.5,48.21
2026-07-18T17:07:01.062404,4,0.0,0,0,0,0.0,48.21
2026-07-18T17:07:03.059267,1,0.0,0,0,0,0.0,48.21
2026-07-18T17:07:03.060612,3,0.0,0,0,0,0.0,48.21
2026-07-18T17:07:03.060822,4,0.0,0,0,0,0.0,48.21
2026-07-18T17:07:03.061156,2,0.0,0,0,0,0.0,48.21
2026-07-18T17:07:05.066081,1,0.0,0,0,0,0.0,48.21
2026-07-18T17:07:05.066881,4,0.0,0,0,0,0.0,48.21
2026-07-18T17:07:05.068941,3,0.0,0,0,0,0.0,48.21
2026-07-18T17:07:05.069214,2,0.0,0,0,0,1060.9,48.21
2026-07-18T17:07:07.065344,1,0.0,0,0,0,0.0,48.21
2026-07-18T17:07:07.067271,2,0.0,0,0,0,0.0,48.21
2026-07-18T17:07:07.068050,4,0.0,0,0,0,0.0,48.21
2026-07-18T17:07:07.068395,3,0.0,0,0,0,0.0,48.21
2026-07-18T17:07:09.067144,1,0.0,0,0,0,0.5,48.21
2026-07-18T17:07:09.068315,2,0.0,0,0,0,0.0,48.21
2026-07-18T17:07:09.068483,4,0.0,0,0,0,0.0,48.21
2026-07-18T17:07:09.068610,3,0.0,0,0,0,0.0,48.21
2026-07-18T17:07:11.071947,3,0.0,0,0,0,0.5,48.21
2026-07-18T17:07:11.072119,1,0.0,0,0,0,0.0,48.21
2026-07-18T17:07:11.072217,4,0.0,0,0,0,0.0,48.21
2026-07-18T17:07:11.072311,2,0.0,0,0,0,0.0,48.21
2026-07-18T17:07:13.071826,1,0.0,0,0,0,0.0,48.21
2026-07-18T17:07:13.073892,3,0.0,0,0,0,0.0,48.21
2026-07-18T17:07:13.074091,4,0.0,0,0,0,0.0,48.21
2026-07-18T17:07:13.074871,2,0.0,0,0,0,0.0,48.21
2026-07-18T17:07:15.075201,1,0.0,0,0,0,0.0,48.21
2026-07-18T17:07:15.077798,2,0.0,0,0,0,476.2,48.21
2026-07-18T17:07:15.078247,4,0.0,0,0,0,0.0,48.21
2026-07-18T17:07:15.078508,3,0.0,0,0,0,0.0,48.21
2026-07-18T17:07:17.078252,4,0.0,0,0,0,0.0,48.21
2026-07-18T17:07:17.078982,3,0.0,0,0,0,0.0,48.21
2026-07-18T17:07:17.079765,2,0.0,0,0,0,0.0,48.21
2026-07-18T17:07:17.079983,1,0.0,0,0,0,0.0,48.21
2026-07-18T17:07:19.078232,1,0.0,0,0,0,0.0,48.21
2026-07-18T17:07:19.080021,4,0.0,0,0,0,0.0,48.21
2026-07-18T17:07:19.080179,3,0.0,0,0,0,0.0,48.21
2026-07-18T17:07:19.080934,2,0.0,0,0,0,0.0,48.21
2026-07-18T17:07:21.080960,1,0.0,0,0,0,0.5,48.21
2026-07-18T17:07:21.081806,4,0.0,0,0,0,0.0,48.21
2026-07-18T17:07:21.081938,3,0.0,0,0,0,0.0,48.21
2026-07-18T17:07:21.082203,2,0.0,0,0,0,0.0,48.21
2026-07-18T17:07:23.084185,1,0.0,0,0,0,0.0,48.21
2026-07-18T17:07:23.085363,4,0.0,0,0,0,0.0,48.21
2026-07-18T17:07:23.085586,2,0.0,0,0,0,0.0,48.21
2026-07-18T17:07:23.086164,3,0.0,0,0,0,0.0,48.21
2026-07-18T17:07:25.087095,1,0.0,0,0,0,0.0,48.21
2026-07-18T17:07:25.090980,2,0.0,0,0,0,245.5,48.21
2026-07-18T17:07:25.091230,4,0.0,0,0,0,0.0,48.21
2026-07-18T17:07:25.091367,3,0.0,0,0,0,0.0,48.21
2026-07-18T17:07:27.095283,3,0.0,0,0,0,1.0,48.21
2026-07-18T17:07:27.098300,4,0.0,0,0,0,0.0,48.21
2026-07-18T17:07:27.100391,1,0.0,0,0,0,0.0,48.21
2026-07-18T17:07:27.103177,2,0.0,0,0,0,0.0,48.21
2026-07-18T17:07:29.090603,1,0.0,0,0,0,0.0,48.21
2026-07-18T17:07:29.092168,2,0.0,0,0,0,0.0,48.21
2026-07-18T17:07:29.092383,4,0.0,0,0,0,0.0,48.21
2026-07-18T17:07:29.092513,3,0.0,0,0,0,0.0,48.21
2026-07-18T17:07:31.094011,4,0.0,0,0,0,0.5,48.21
2026-07-18T17:07:31.094256,2,0.0,0,0,0,0.0,48.21
2026-07-18T17:07:31.094379,1,0.0,0,0,0,0.0,48.21
2026-07-18T17:07:31.094491,3,0.0,0,0,0,0.0,48.21
2026-07-18T17:07:33.096016,4,0.0,0,0,0,0.0,48.21
2026-07-18T17:07:33.096275,1,0.0,0,0,0,0.0,48.21
2026-07-18T17:07:33.096832,3,0.0,0,0,0,0.0,48.21
2026-07-18T17:07:33.097967,2,0.0,0,0,0,0.0,48.21
2026-07-18T17:07:35.097927,3,0.0,0,0,0,0.0,48.21
2026-07-18T17:07:35.098168,1,0.0,0,0,0,0.0,48.21
2026-07-18T17:07:35.098337,4,0.0,0,0,0,0.0,48.21
2026-07-18T17:07:35.099784,2,0.0,0,0,0,0.0,48.21
2026-07-18T17:07:37.104144,4,0.0,0,0,0,1.0,48.21
2026-07-18T17:07:37.105173,3,0.0,0,0,0,0.0,48.21
2026-07-18T17:07:37.106315,2,0.0,0,0,0,0.0,48.21
2026-07-18T17:07:37.107995,1,0.0,0,0,0,0.0,48.21
2026-07-18T17:07:39.103645,2,0.0,0,0,0,0.0,48.21
2026-07-18T17:07:39.103805,3,0.0,0,0,0,0.0,48.21
2026-07-18T17:07:39.104306,1,0.0,0,0,0,0.0,48.21
2026-07-18T17:07:39.104513,4,0.0,0,0,0,0.0,48.21
2026-07-18T17:07:41.105574,1,0.0,0,0,0,0.5,48.21
2026-07-18T17:07:41.105985,4,0.0,0,0,0,0.0,48.21
2026-07-18T17:07:41.107733,2,0.0,0,0,0,0.0,48.21
2026-07-18T17:07:41.108795,3,0.0,0,0,0,0.0,48.21
2026-07-18T17:07:43.111245,1,0.0,0,0,0,0.0,48.21
2026-07-18T17:07:43.112151,4,0.0,0,0,0,0.0,48.21
2026-07-18T17:07:43.112960,3,0.0,0,0,0,0.0,48.21
2026-07-18T17:07:43.113771,2,0.0,0,0,0,0.0,48.21
2026-07-18T17:07:45.113357,1,0.0,0,0,0,0.5,48.21
2026-07-18T17:07:45.116998,3,0.0,0,0,0,0.0,48.21
2026-07-18T17:07:45.119355,4,0.0,0,0,0,0.0,48.21
2026-07-18T17:07:45.120239,2,0.0,0,0,0,0.0,48.21
2026-07-18T17:07:47.111136,1,0.0,0,0,0,0.0,48.21
2026-07-18T17:07:47.112025,3,0.0,0,0,0,0.0,48.21
2026-07-18T17:07:47.112141,4,0.0,0,0,0,0.0,48.21
2026-07-18T17:07:47.112229,2,0.0,0,0,0,0.0,48.21
2026-07-18T17:07:49.117027,1,0.0,0,0,0,0.0,48.21
2026-07-18T17:07:49.120169,4,0.0,0,0,0,278.4,48.21
2026-07-18T17:07:49.121064,3,0.0,0,0,0,0.0,48.21
2026-07-18T17:07:49.123775,2,0.0,0,0,0,417.9,48.21
2026-07-18T17:07:51.124680,4,0.0,0,0,0,0.0,48.21
2026-07-18T17:07:51.125066,1,0.0,0,0,0,0.0,48.21
2026-07-18T17:07:51.126967,3,0.0,0,0,0,0.0,48.21
2026-07-18T17:07:51.129133,2,0.0,0,0,0,267.6,48.21
2026-07-18T17:07:53.120037,1,0.0,0,0,0,0.0,48.21
2026-07-18T17:07:53.122236,2,0.0,0,0,0,0.0,48.21
2026-07-18T17:07:53.122567,4,0.0,0,0,0,0.0,48.21
2026-07-18T17:07:53.123234,3,0.0,0,0,0,0.0,48.21
2026-07-18T17:07:55.131803,4,0.0,0,0,0,0.5,48.21
2026-07-18T17:07:55.141452,1,0.0,0,0,0,0.0,48.21
2026-07-18T17:07:55.145964,3,0.0,0,0,0,74.1,48.21
2026-07-18T17:07:55.146283,2,0.0,0,0,0,0.0,48.21
2026-07-18T17:07:57.127609,1,0.0,0,0,0,0.0,48.21
2026-07-18T17:07:57.129051,4,0.0,0,0,0,0.0,48.21
2026-07-18T17:07:57.129467,2,0.0,0,0,0,0.0,48.21
2026-07-18T17:07:57.129674,3,0.0,0,0,0,0.0,48.21
2026-07-18T17:07:59.130122,1,0.0,0,0,0,0.0,48.21
2026-07-18T17:07:59.132873,4,0.0,0,0,0,415.4,48.21
2026-07-18T17:07:59.133148,3,0.0,0,0,0,0.0,48.21
2026-07-18T17:07:59.134731,2,0.0,0,0,0,0.0,48.21
2026-07-18T17:08:01.133256,1,0.0,0,0,0,0.5,48.21
2026-07-18T17:08:01.136262,2,0.0,0,0,0,0.0,48.21
2026-07-18T17:08:01.137040,3,0.0,0,0,0,0.0,48.21
2026-07-18T17:08:01.137387,4,0.0,0,0,0,0.0,48.21
2026-07-18T17:08:03.134780,1,0.0,0,0,0,0.5,48.21
2026-07-18T17:08:03.136376,3,0.0,0,0,0,0.0,48.21
2026-07-18T17:08:03.136519,4,0.0,0,0,0,0.0,48.21
2026-07-18T17:08:03.136809,2,0.0,0,0,0,0.0,48.21
2026-07-18T17:08:05.143335,4,0.0,0,0,0,0.0,48.21
2026-07-18T17:08:05.145010,2,0.0,0,0,0,626.0,48.21
2026-07-18T17:08:05.145794,1,0.0,0,0,0,0.0,48.21
2026-07-18T17:08:05.146136,3,0.0,0,0,0,0.0,48.21
2026-07-18T17:08:07.138380,4,0.0,0,0,0,0.0,48.21
2026-07-18T17:08:07.138917,1,0.0,0,0,0,0.0,48.21
2026-07-18T17:08:07.140008,3,0.0,0,0,0,0.0,48.21
2026-07-18T17:08:07.140227,2,0.0,0,0,0,0.0,48.21
2026-07-18T17:08:09.142869,1,0.0,0,0,0,0.0,48.21
2026-07-18T17:08:09.145211,2,0.0,0,0,0,0.0,48.21
2026-07-18T17:08:09.145960,4,0.0,0,0,0,0.0,48.21
2026-07-18T17:08:09.146389,3,0.0,0,0,0,0.0,48.21
2026-07-18T17:08:11.144507,1,0.0,0,0,0,0.5,48.21
2026-07-18T17:08:11.146933,4,0.0,0,0,0,408.1,48.21
2026-07-18T17:08:11.147167,2,0.0,0,0,0,0.0,48.21
2026-07-18T17:08:11.147311,3,0.0,0,0,0,0.0,48.21
2026-07-18T17:08:13.147202,1,0.0,0,0,0,0.5,48.21
2026-07-18T17:08:13.149268,4,0.0,0,0,0,0.0,48.21
2026-07-18T17:08:13.149453,2,0.0,0,0,0,0.0,48.21
2026-07-18T17:08:13.150035,3,0.0,0,0,0,0.0,48.21
2026-07-18T17:08:15.149850,1,0.0,0,0,0,0.0,48.21
2026-07-18T17:08:15.151453,4,0.0,0,0,0,0.0,48.21
2026-07-18T17:08:15.151727,2,0.0,0,0,0,0.0,48.21
2026-07-18T17:08:15.151856,3,0.0,0,0,0,0.0,48.21
2026-07-18T17:08:17.152692,3,0.0,0,0,0,0.0,48.21
2026-07-18T17:08:17.152980,4,0.0,0,0,0,0.0,48.21
2026-07-18T17:08:17.153165,1,0.0,0,0,0,0.0,48.21
2026-07-18T17:08:17.154251,2,0.0,0,0,0,970.5,48.21
2026-07-18T17:08:19.155617,1,0.0,0,0,0,0.0,48.21
2026-07-18T17:08:19.157978,2,0.0,0,0,0,0.0,48.21
2026-07-18T17:08:19.158706,3,0.0,0,0,0,0.0,48.21
2026-07-18T17:08:19.159031,4,0.0,0,0,0,0.0,48.21
2026-07-18T17:08:21.159483,1,0.0,0,0,0,0.5,48.21
2026-07-18T17:08:21.162382,4,0.0,0,0,0,0.0,48.21
2026-07-18T17:08:21.162979,2,0.0,0,0,0,0.0,48.21
2026-07-18T17:08:21.163255,3,0.0,0,0,0,0.0,48.21
2026-07-18T17:08:23.161144,1,0.0,0,0,0,0.0,48.21
2026-07-18T17:08:23.163053,4,0.0,0,0,0,0.0,48.21
2026-07-18T17:08:23.165869,2,0.0,0,0,0,359.0,48.21
2026-07-18T17:08:23.166249,3,0.0,0,0,0,0.0,48.21
2026-07-18T17:08:25.166043,1,0.0,0,0,0,0.5,48.21
2026-07-18T17:08:25.169791,3,0.0,0,0,0,0.0,48.21
2026-07-18T17:08:25.170104,4,0.0,0,0,0,1233.0,48.21
2026-07-18T17:08:25.170670,2,0.0,0,0,0,0.0,48.21
2026-07-18T17:08:27.166038,1,0.0,0,0,0,0.0,48.21
2026-07-18T17:08:27.167907,2,0.0,0,0,0,0.0,48.21
2026-07-18T17:08:27.168108,4,0.0,0,0,0,0.0,48.21
2026-07-18T17:08:27.168280,3,0.0,0,0,0,0.0,48.21
2026-07-18T17:08:29.168880,1,0.0,0,0,0,0.0,48.21
2026-07-18T17:08:29.169150,4,0.0,0,0,0,0.0,48.21
2026-07-18T17:08:29.169664,3,0.0,0,0,0,0.0,48.21
2026-07-18T17:08:29.170328,2,0.0,0,0,0,0.0,48.21
2026-07-18T17:08:31.170538,1,0.0,0,0,0,0.5,48.21
2026-07-18T17:08:31.171638,4,0.0,0,0,0,0.0,48.21
2026-07-18T17:08:31.171920,3,0.0,0,0,0,0.0,48.21
2026-07-18T17:08:31.172687,2,0.0,0,0,0,0.0,48.21
2026-07-18T17:08:33.173002,1,0.0,0,0,0,0.0,48.21
2026-07-18T17:08:33.174908,2,0.0,0,0,0,0.0,48.21
2026-07-18T17:08:33.175689,4,0.0,0,0,0,0.0,48.21
2026-07-18T17:08:33.175998,3,0.0,0,0,0,0.0,48.21
2026-07-18T17:08:35.177792,1,0.0,0,0,0,0.0,48.21
2026-07-18T17:08:35.181576,3,0.0,0,0,0,497.9,48.21
2026-07-18T17:08:35.183045,2,0.0,0,0,0,0.0,48.21
2026-07-18T17:08:35.183317,4,0.0,0,0,0,0.0,48.21
2026-07-18T17:08:37.180224,1,0.0,0,0,0,0.0,48.21
2026-07-18T17:08:37.183412,3,0.0,0,0,0,0.0,48.21
2026-07-18T17:08:37.184534,2,0.0,0,0,0,0.0,48.21
2026-07-18T17:08:37.185442,4,0.0,0,0,0,0.0,48.21
2026-07-18T17:08:39.183022,1,0.0,0,0,0,0.0,48.21
2026-07-18T17:08:39.185229,4,0.0,0,0,0,342.9,48.21
2026-07-18T17:08:39.185854,2,0.0,0,0,0,0.0,48.21
2026-07-18T17:08:39.186063,3,0.0,0,0,0,0.0,48.21
2026-07-18T17:08:41.185913,1,0.0,0,0,0,0.0,48.21
2026-07-18T17:08:41.188742,2,0.0,0,0,0,0.0,48.21
2026-07-18T17:08:41.190136,4,0.0,0,0,0,0.0,48.21
2026-07-18T17:08:41.191000,3,0.0,0,0,0,0.0,48.21
2026-07-18T17:08:43.188013,1,0.0,0,0,0,0.5,48.21
2026-07-18T17:08:43.189793,3,0.0,0,0,0,0.0,48.21
2026-07-18T17:08:43.190007,4,0.0,0,0,0,0.0,48.21
2026-07-18T17:08:43.190139,2,0.0,0,0,0,0.0,48.21
2026-07-18T17:08:45.189888,1,0.0,0,0,0,0.0,48.21
2026-07-18T17:08:45.191182,4,0.0,0,0,0,0.0,48.21
2026-07-18T17:08:45.191299,3,0.0,0,0,0,0.0,48.21
2026-07-18T17:08:45.191588,2,0.0,0,0,0,0.0,48.21
2026-07-18T17:08:47.191912,1,0.0,0,0,0,1.0,48.21
2026-07-18T17:08:47.193050,4,0.0,0,0,0,0.0,48.21
2026-07-18T17:08:47.193235,2,0.0,0,0,0,0.0,48.21
2026-07-18T17:08:47.193580,3,0.0,0,0,0,0.0,48.21
2026-07-18T17:08:49.196799,1,0.0,0,0,0,0.0,48.21
2026-07-18T17:08:49.198376,3,0.0,0,0,0,0.0,48.21
2026-07-18T17:08:49.198905,4,0.0,0,0,0,0.0,48.21
2026-07-18T17:08:49.199184,2,0.0,0,0,0,0.0,48.21
2026-07-18T17:08:51.196768,1,0.0,0,0,0,0.0,48.21
2026-07-18T17:08:51.197162,4,0.0,0,0,0,0.0,48.21
2026-07-18T17:08:51.197507,2,0.0,0,0,0,0.0,48.21
2026-07-18T17:08:51.197599,3,0.0,0,0,0,0.0,48.21
2026-07-18T17:08:53.199813,1,0.0,0,0,0,0.5,48.21
2026-07-18T17:08:53.201242,2,0.0,0,0,0,0.0,48.21
2026-07-18T17:08:53.201806,3,0.0,0,0,0,0.0,48.21
2026-07-18T17:08:53.202044,4,0.0,0,0,0,0.0,48.21
2026-07-18T17:08:55.202386,1,0.0,0,0,0,0.0,48.21
2026-07-18T17:08:55.203345,4,0.0,0,0,0,0.0,48.21
2026-07-18T17:08:55.203473,2,0.0,0,0,0,0.0,48.21
2026-07-18T17:08:55.203822,3,0.0,0,0,0,0.0,48.21
2026-07-18T17:08:57.206297,1,0.0,0,0,0,0.0,48.21
2026-07-18T17:08:57.210420,3,0.0,0,0,0,0.0,48.21
2026-07-18T17:08:57.210955,2,0.0,0,0,0,0.0,48.21
2026-07-18T17:08:57.211141,4,0.0,0,0,0,0.0,48.21
2026-07-18T17:08:59.214344,1,0.0,0,0,0,0.5,48.21
2026-07-18T17:08:59.215800,3,0.0,0,0,0,0.0,48.21
2026-07-18T17:08:59.216120,4,0.0,0,0,0,1994.4,48.21
2026-07-18T17:08:59.217830,2,0.0,0,0,0,0.0,48.21
2026-07-18T17:09:01.213495,1,0.0,0,0,0,0.5,48.21
2026-07-18T17:09:01.217982,4,0.0,0,0,0,0.0,48.21
2026-07-18T17:09:01.218604,2,0.0,0,0,0,0.0,48.21
2026-07-18T17:09:01.218940,3,0.0,0,0,0,0.0,48.21
2026-07-18T17:09:03.214613,2,0.0,0,0,0,0.5,48.21
2026-07-18T17:09:03.214984,1,0.0,0,0,0,0.0,48.21
2026-07-18T17:09:03.216351,3,0.0,0,0,0,0.0,48.21
2026-07-18T17:09:03.216576,4,0.0,0,0,0,0.0,48.21
2026-07-18T17:09:05.221235,3,0.0,0,0,0,0.0,48.21
2026-07-18T17:09:05.223231,1,0.0,0,0,0,0.0,48.21
2026-07-18T17:09:05.224059,4,0.0,0,0,0,0.0,48.21
2026-07-18T17:09:05.224372,2,0.0,0,0,0,0.0,48.21
2026-07-18T17:09:07.222199,1,0.0,0,0,0,0.5,48.21
2026-07-18T17:09:07.225190,4,0.0,0,0,0,0.0,48.21
2026-07-18T17:09:07.226483,2,0.0,0,0,0,0.0,48.21
2026-07-18T17:09:07.227580,3,0.0,0,0,0,0.0,48.21
2026-07-18T17:09:09.224080,1,0.0,0,0,0,0.5,48.21
2026-07-18T17:09:09.225113,4,0.0,0,0,0,0.0,48.21
2026-07-18T17:09:09.226285,2,0.0,0,0,0,0.0,48.21
2026-07-18T17:09:09.226459,3,0.0,0,0,0,0.0,48.21
2026-07-18T17:09:11.227142,1,0.0,0,0,0,0.0,48.21
2026-07-18T17:09:11.227846,3,0.0,0,0,0,1522.0,48.21
2026-07-18T17:09:11.228098,2,0.0,0,0,0,0.0,48.21
2026-07-18T17:09:11.228244,4,0.0,0,0,0,0.0,48.21
2026-07-18T17:09:13.228121,1,0.0,0,0,0,0.5,48.21
2026-07-18T17:09:13.230600,4,0.0,0,0,0,0.0,48.21
2026-07-18T17:09:13.231992,3,0.0,0,0,0,0.0,48.21
2026-07-18T17:09:13.232639,2,0.0,0,0,0,0.0,48.21
2026-07-18T17:09:15.234171,1,0.0,0,0,0,0.0,48.21
2026-07-18T17:09:15.235345,4,0.0,0,0,0,0.0,48.21
2026-07-18T17:09:15.238637,3,0.0,0,0,0,255.5,48.21
2026-07-18T17:09:15.239621,2,0.0,0,0,0,0.0,48.21
2026-07-18T17:09:17.235147,1,0.0,0,0,0,0.0,48.21
2026-07-18T17:09:17.242513,3,0.0,0,0,0,0.0,48.21
2026-07-18T17:09:17.244559,2,0.0,0,0,0,786.4,48.21
2026-07-18T17:09:17.245371,4,0.0,0,0,0,0.0,48.21
2026-07-18T17:09:19.238024,1,0.0,0,0,0,0.0,48.21
2026-07-18T17:09:19.238266,4,0.0,0,0,0,0.0,48.21
2026-07-18T17:09:19.239673,2,0.0,0,0,0,0.0,48.21
2026-07-18T17:09:19.239979,3,0.0,0,0,0,0.0,48.21
2026-07-18T17:09:21.242441,1,0.0,0,0,0,0.5,48.21
2026-07-18T17:09:21.246638,4,0.0,0,0,0,234.4,48.21
2026-07-18T17:09:21.247528,2,0.0,0,0,0,0.0,48.21
2026-07-18T17:09:21.248209,3,0.0,0,0,0,0.0,48.21
2026-07-18T17:09:23.249030,4,0.0,0,0,0,0.5,48.21
2026-07-18T17:09:23.250264,1,0.0,0,0,0,0.0,48.21
2026-07-18T17:09:23.254543,2,0.0,0,0,0,0.0,48.21
2026-07-18T17:09:23.255357,3,0.0,0,0,0,0.0,48.21
2026-07-18T17:09:25.252081,1,0.0,0,0,0,0.5,48.21
2026-07-18T17:09:25.261992,2,0.0,0,0,0,0.0,48.21
2026-07-18T17:09:25.263036,3,0.0,0,0,0,0.0,48.21
2026-07-18T17:09:25.265569,4,0.0,0,0,0,0.0,48.21
2026-07-18T17:09:27.265066,3,0.0,0,0,0,1.0,48.21
2026-07-18T17:09:27.266251,1,0.0,0,0,0,0.0,48.21
2026-07-18T17:09:27.268810,4,0.0,0,0,0,0.0,48.21
2026-07-18T17:09:27.272540,2,0.0,0,0,0,232.5,48.21
2026-07-18T17:09:29.264135,1,0.0,0,0,0,0.5,48.21
2026-07-18T17:09:29.269117,4,0.0,0,0,0,177.0,48.21
2026-07-18T17:09:29.269601,2,0.0,0,0,0,0.0,48.21
2026-07-18T17:09:29.270107,3,0.0,0,0,0,0.0,48.21
2026-07-18T17:09:31.264754,1,0.0,0,0,0,0.0,48.21
2026-07-18T17:09:31.267241,2,0.0,0,0,0,0.0,48.21
2026-07-18T17:09:31.267869,4,0.0,0,0,0,0.0,48.21
2026-07-18T17:09:31.268095,3,0.0,0,0,0,0.0,48.21
2026-07-18T17:09:33.265466,1,0.0,0,0,0,0.5,48.21
2026-07-18T17:09:33.267943,4,0.0,0,0,0,0.0,48.21
2026-07-18T17:09:33.268742,3,0.0,0,0,0,0.0,48.21
2026-07-18T17:09:33.270199,2,0.0,0,0,0,574.2,48.21
2026-07-18T17:09:35.269358,1,0.0,0,0,0,0.0,48.21
2026-07-18T17:09:35.273502,3,0.0,0,0,0,213.2,48.21
2026-07-18T17:09:35.275178,4,0.0,0,0,0,0.0,48.21
2026-07-18T17:09:35.277170,2,0.0,0,0,0,0.0,48.21
2026-07-18T17:09:37.274430,1,0.0,0,0,0,0.5,48.21
2026-07-18T17:09:37.279115,3,0.0,0,0,0,0.0,48.21
2026-07-18T17:09:37.280363,4,0.0,0,0,0,0.0,48.21
2026-07-18T17:09:37.283191,2,0.0,0,0,0,0.0,48.21
2026-07-18T17:09:39.278058,1,0.0,0,0,0,0.5,48.21
2026-07-18T17:09:39.282367,4,0.0,0,0,0,0.0,48.21
2026-07-18T17:09:39.283344,3,0.0,0,0,0,546.0,48.21
2026-07-18T17:09:39.283997,2,0.0,0,0,0,0.0,48.21
2026-07-18T17:09:41.282191,1,0.0,0,0,0,0.0,48.21
2026-07-18T17:09:41.288016,3,0.0,0,0,0,185.8,48.21
2026-07-18T17:09:41.289747,2,0.0,0,0,0,0.0,48.21
2026-07-18T17:09:41.290254,4,0.0,0,0,0,0.0,48.21
2026-07-18T17:09:43.285135,4,0.0,0,0,0,0.0,48.21
2026-07-18T17:09:43.285890,1,0.0,0,0,0,0.0,48.21
2026-07-18T17:09:43.286223,3,0.0,0,0,0,0.0,48.21
2026-07-18T17:09:43.288169,2,0.0,0,0,0,0.0,48.21
2026-07-18T17:09:45.287995,1,0.0,0,0,0,0.5,48.21
2026-07-18T17:09:45.292900,4,0.0,0,0,0,0.0,48.21
2026-07-18T17:09:45.293315,2,0.0,0,0,0,0.0,48.21
2026-07-18T17:09:45.294155,3,0.0,0,0,0,1244.2,48.21
2026-07-18T17:09:47.293975,4,0.0,0,0,0,0.5,48.21
2026-07-18T17:09:47.294858,1,0.0,0,0,0,0.0,48.21
2026-07-18T17:09:47.297622,2,0.0,0,0,0,0.0,48.21
2026-07-18T17:09:47.298043,3,0.0,0,0,0,0.0,48.21
2026-07-18T17:09:49.295103,1,0.0,0,0,0,0.5,48.21
2026-07-18T17:09:49.299696,2,0.0,0,0,0,0.0,48.21
2026-07-18T17:09:49.300588,3,0.0,0,0,0,0.0,48.21
2026-07-18T17:09:49.301123,4,0.0,0,0,0,0.0,48.21
2026-07-18T17:09:51.296371,4,0.0,0,0,0,1.0,48.21
2026-07-18T17:09:51.296633,1,0.0,0,0,0,0.0,48.21
2026-07-18T17:09:51.297419,3,0.0,0,0,0,0.0,48.21
2026-07-18T17:09:51.298909,2,0.0,0,0,0,693.7,48.21
2026-07-18T17:09:53.301381,4,0.0,0,0,0,0.0,48.21
2026-07-18T17:09:53.302303,3,0.0,0,0,0,0.0,48.21
2026-07-18T17:09:53.302706,1,0.0,0,0,0,0.0,48.21
2026-07-18T17:09:53.305937,2,0.0,0,0,0,373.0,48.21
2026-07-18T17:09:55.302215,1,0.0,0,0,0,0.0,48.21
2026-07-18T17:09:55.303950,2,0.0,0,0,0,0.0,48.21
2026-07-18T17:09:55.304903,4,0.0,0,0,0,0.0,48.21
2026-07-18T17:09:55.305249,3,0.0,0,0,0,0.0,48.21
2026-07-18T17:09:57.326375,4,0.0,0,0,0,1.0,48.21
2026-07-18T17:09:57.327847,1,0.0,0,0,0,0.0,48.21
2026-07-18T17:09:57.328404,3,0.0,0,0,0,0.0,48.21
2026-07-18T17:09:57.331168,2,0.0,0,0,0,0.0,48.21
2026-07-18T17:09:59.318515,1,0.0,0,0,0,0.5,48.21
2026-07-18T17:09:59.325952,2,0.0,0,0,0,131.0,48.21
2026-07-18T17:09:59.327165,4,0.0,0,0,0,0.0,48.21
2026-07-18T17:09:59.329169,3,0.0,0,0,0,915.4,48.21
2026-07-18T17:10:01.323170,1,0.0,0,0,0,0.5,48.21
2026-07-18T17:10:01.324162,4,0.0,0,0,0,0.0,48.21
2026-07-18T17:10:01.327096,2,0.0,0,0,0,0.0,48.21
2026-07-18T17:10:01.327915,3,0.0,0,0,0,0.0,48.21
2026-07-18T17:10:03.324347,1,0.0,0,0,0,0.0,48.21
2026-07-18T17:10:03.325116,4,0.0,0,0,0,0.0,48.21
2026-07-18T17:10:03.326854,2,0.0,0,0,0,0.0,48.21
2026-07-18T17:10:03.327501,3,0.0,0,0,0,1236.3,48.21
2026-07-18T17:10:05.327300,1,0.0,0,0,0,0.0,48.21
2026-07-18T17:10:05.327991,4,0.0,0,0,0,0.0,48.21
2026-07-18T17:10:05.332870,2,0.0,0,0,0,0.0,48.21
2026-07-18T17:10:05.333231,3,0.0,0,0,0,0.0,48.21
2026-07-18T17:10:07.329427,1,0.0,0,0,0,0.5,48.21
2026-07-18T17:10:07.331567,4,0.0,0,0,0,0.0,48.21
2026-07-18T17:10:07.331766,2,0.0,0,0,0,0.0,48.21
2026-07-18T17:10:07.332367,3,0.0,0,0,0,0.0,48.21
2026-07-18T17:10:09.347839,1,0.0,0,0,0,0.0,48.21
2026-07-18T17:10:09.348335,3,0.0,0,0,0,996.3,48.21
2026-07-18T17:10:09.351868,4,0.0,0,0,0,0.0,48.21
2026-07-18T17:10:09.352606,2,0.0,0,0,0,0.0,48.21
2026-07-18T17:10:11.345085,3,0.0,0,0,0,1.0,48.21
2026-07-18T17:10:11.345406,1,0.0,0,0,0,0.0,48.21
2026-07-18T17:10:11.345587,4,0.0,0,0,0,0.0,48.21
2026-07-18T17:10:11.347436,2,0.0,0,0,0,0.0,48.21
2026-07-18T17:10:13.342827,1,0.0,0,0,0,0.0,48.21
2026-07-18T17:10:13.356315,4,0.0,0,0,0,0.0,48.21
2026-07-18T17:10:13.357595,3,0.0,0,0,0,0.0,48.21
2026-07-18T17:10:13.358501,2,0.0,0,0,0,0.0,48.21
2026-07-18T17:10:15.354639,3,0.0,0,0,0,0.5,48.21
2026-07-18T17:10:15.355220,1,0.0,0,0,0,0.0,48.21
2026-07-18T17:10:15.355991,2,0.0,0,0,0,0.0,48.21
2026-07-18T17:10:15.356618,4,0.0,0,0,0,0.0,48.21
2026-07-18T17:10:17.353123,1,0.0,0,0,0,0.5,48.21
2026-07-18T17:10:17.355573,3,0.0,0,0,0,0.0,48.21
2026-07-18T17:10:17.356566,4,0.0,0,0,0,0.0,48.21
2026-07-18T17:10:17.356876,2,0.0,0,0,0,0.0,48.21
2026-07-18T17:10:19.356034,4,0.0,0,0,0,0.5,48.21
2026-07-18T17:10:19.356913,3,0.0,0,0,0,0.0,48.21
2026-07-18T17:10:19.357801,1,0.0,0,0,0,0.0,48.21
2026-07-18T17:10:19.359925,2,0.0,0,0,0,490.6,48.21
2026-07-18T17:10:21.355599,3,0.0,0,0,0,0.0,48.21
2026-07-18T17:10:21.356251,4,0.0,0,0,0,0.0,48.21
2026-07-18T17:10:21.356437,1,0.0,0,0,0,0.0,48.21
2026-07-18T17:10:21.357907,2,0.0,0,0,0,0.0,48.21
2026-07-18T17:10:23.362452,4,0.0,0,0,0,0.0,48.21
2026-07-18T17:10:23.363125,1,0.0,0,0,0,1271.7,48.21
2026-07-18T17:10:23.365934,2,0.0,0,0,0,0.0,48.21
2026-07-18T17:10:23.366241,3,0.0,0,0,0,0.0,48.21
2026-07-18T17:10:25.363133,1,0.0,0,0,0,1.0,48.21
2026-07-18T17:10:25.368427,2,0.0,0,0,0,0.0,48.21
2026-07-18T17:10:25.369357,3,0.0,0,0,0,0.0,48.21
2026-07-18T17:10:25.370157,4,0.0,0,0,0,1299.8,48.21
2026-07-18T17:10:27.369857,1,0.0,0,0,0,0.0,48.21
2026-07-18T17:10:27.372286,4,0.0,0,0,0,0.0,48.21
2026-07-18T17:10:27.373248,3,0.0,0,0,0,0.0,48.21
2026-07-18T17:10:27.374946,2,0.0,0,0,0,0.0,48.21
2026-07-18T17:10:29.373335,1,0.0,0,0,0,0.5,48.21
2026-07-18T17:10:29.375972,3,0.0,0,0,0,0.0,48.21
2026-07-18T17:10:29.376598,4,0.0,0,0,0,0.0,48.21
2026-07-18T17:10:29.377110,2,0.0,0,0,0,0.0,48.21
2026-07-18T17:10:31.375934,1,0.0,0,0,0,0.5,48.21
2026-07-18T17:10:31.379050,3,0.0,0,0,0,0.0,48.21
2026-07-18T17:10:31.379874,4,0.0,0,0,0,774.2,48.21
2026-07-18T17:10:31.380282,2,0.0,0,0,0,0.0,48.21
2026-07-18T17:10:33.378348,1,0.0,0,0,0,0.0,48.21
2026-07-18T17:10:33.380814,3,0.0,0,0,0,0.0,48.21
2026-07-18T17:10:33.381054,2,0.0,0,0,0,2810.9,48.21
2026-07-18T17:10:33.381221,4,0.0,0,0,0,0.0,48.21
2026-07-18T17:10:35.379506,1,0.0,0,0,0,0.0,48.21
2026-07-18T17:10:35.384314,4,0.0,0,0,0,0.0,48.21
2026-07-18T17:10:35.385716,2,0.0,0,0,0,0.0,48.21
2026-07-18T17:10:35.386122,3,0.0,0,0,0,0.0,48.21
2026-07-18T17:10:37.386796,4,0.0,0,0,0,1.0,48.21
2026-07-18T17:10:37.387506,1,0.0,0,0,0,356.6,48.21
2026-07-18T17:10:37.391143,2,0.0,0,0,0,0.0,48.21
2026-07-18T17:10:37.392162,3,0.0,0,0,0,0.0,48.21
2026-07-18T17:10:39.387627,1,0.0,0,0,0,0.5,48.21
2026-07-18T17:10:39.392196,2,0.0,0,0,0,0.0,48.21
2026-07-18T17:10:39.393141,4,0.0,0,0,0,0.0,48.21
2026-07-18T17:10:39.394019,3,0.0,0,0,0,0.0,48.21
2026-07-18T17:10:41.389133,1,0.0,0,0,0,0.5,48.21
2026-07-18T17:10:41.392510,4,0.0,0,0,0,256.4,48.21
2026-07-18T17:10:41.393361,2,0.0,0,0,0,0.0,48.21
2026-07-18T17:10:41.393994,3,0.0,0,0,0,0.0,48.21
2026-07-18T17:10:43.391253,1,0.0,0,0,0,1.0,48.21
2026-07-18T17:10:43.393347,4,0.0,0,0,0,0.0,48.21
2026-07-18T17:10:43.393702,3,0.0,0,0,0,0.0,48.21
2026-07-18T17:10:43.393909,2,0.0,0,0,0,0.0,48.21
2026-07-18T17:10:45.395266,1,0.0,0,0,0,0.0,48.21
2026-07-18T17:10:45.398248,2,0.0,0,0,0,450.0,48.21
2026-07-18T17:10:45.399191,4,0.0,0,0,0,0.0,48.21
2026-07-18T17:10:45.400157,3,0.0,0,0,0,0.0,48.21
2026-07-18T17:10:47.395564,1,0.0,0,0,0,0.0,48.21
2026-07-18T17:10:47.395849,4,0.0,0,0,0,0.0,48.21
2026-07-18T17:10:47.397877,2,0.0,0,0,0,0.0,48.21
2026-07-18T17:10:47.398876,3,0.0,0,0,0,0.0,48.21
2026-07-18T17:10:49.400078,1,0.0,0,0,0,1.0,48.21
2026-07-18T17:10:49.403891,4,0.0,0,0,0,221.0,48.21
2026-07-18T17:10:49.404118,3,0.0,0,0,0,0.0,48.21
2026-07-18T17:10:49.404265,2,0.0,0,0,0,0.0,48.21
2026-07-18T17:10:51.403482,1,0.0,0,0,0,0.0,48.21
2026-07-18T17:10:51.404844,2,0.0,0,0,0,0.0,48.21
2026-07-18T17:10:51.405043,4,0.0,0,0,0,0.0,48.21
2026-07-18T17:10:51.405183,3,0.0,0,0,0,0.0,48.21
2026-07-18T17:10:53.406653,1,0.0,0,0,0,0.5,48.21
2026-07-18T17:10:53.408904,4,0.0,0,0,0,0.0,48.21
2026-07-18T17:10:53.409305,3,0.0,0,0,0,0.0,48.21
2026-07-18T17:10:53.410201,2,0.0,0,0,0,0.0,48.21
2026-07-18T17:10:55.407926,1,0.0,0,0,0,0.0,48.21
2026-07-18T17:10:55.409134,4,0.0,0,0,0,0.0,48.21
2026-07-18T17:10:55.409597,2,0.0,0,0,0,0.0,48.21
2026-07-18T17:10:55.409770,3,0.0,0,0,0,0.0,48.21
2026-07-18T17:10:57.414354,4,0.0,0,0,0,1.0,48.21
2026-07-18T17:10:57.415451,1,0.0,0,0,0,576.4,48.21
2026-07-18T17:10:57.419205,3,0.0,0,0,0,0.0,48.21
2026-07-18T17:10:57.420186,2,0.0,0,0,0,0.0,48.21
2026-07-18T17:10:59.418071,1,0.0,0,0,0,0.5,48.21
2026-07-18T17:10:59.418535,4,0.0,0,0,0,0.0,48.21
2026-07-18T17:10:59.420419,2,0.0,0,0,0,0.0,48.21
2026-07-18T17:10:59.421051,3,0.0,0,0,0,0.0,48.21
2026-07-18T17:11:01.417416,1,0.0,0,0,0,0.5,48.21
2026-07-18T17:11:01.419234,2,0.0,0,0,0,0.0,48.21
2026-07-18T17:11:01.419517,4,0.0,0,0,0,0.0,48.21
2026-07-18T17:11:01.420089,3,0.0,0,0,0,0.0,48.21
2026-07-18T17:11:03.423774,4,0.0,0,0,0,0.0,48.21
2026-07-18T17:11:03.424203,3,0.0,0,0,0,0.0,48.21
2026-07-18T17:11:03.425048,2,0.0,0,0,0,0.0,48.21
2026-07-18T17:11:03.425797,1,0.0,0,0,0,0.0,48.21
2026-07-18T17:11:05.425914,4,0.0,0,0,0,0.5,48.21
2026-07-18T17:11:05.426377,1,0.0,0,0,0,0.0,48.21
2026-07-18T17:11:05.429875,3,0.0,0,0,0,0.0,48.21
2026-07-18T17:11:05.430903,2,0.0,0,0,0,0.0,48.21
2026-07-18T17:11:07.427085,1,0.0,0,0,0,0.5,48.21
2026-07-18T17:11:07.430462,2,0.0,0,0,0,0.0,48.21
2026-07-18T17:11:07.431337,4,0.0,0,0,0,0.0,48.21
2026-07-18T17:11:07.432053,3,0.0,0,0,0,0.0,48.21
2026-07-18T17:11:09.430320,1,0.0,0,0,0,0.5,48.21
2026-07-18T17:11:09.434313,2,0.0,0,0,0,216.0,48.21
2026-07-18T17:11:09.435193,4,0.0,0,0,0,0.0,48.21
2026-07-18T17:11:09.435513,3,0.0,0,0,0,0.0,48.21
2026-07-18T17:11:11.433702,1,0.0,0,0,0,0.0,48.21
2026-07-18T17:11:11.436292,3,0.0,0,0,0,325.5,48.21
2026-07-18T17:11:11.437142,2,0.0,0,0,0,0.0,48.21
2026-07-18T17:11:11.437456,4,0.0,0,0,0,0.0,48.21
2026-07-18T17:11:13.436754,1,0.0,0,0,0,0.0,48.21
2026-07-18T17:11:13.439939,3,0.0,0,0,0,0.0,48.21
2026-07-18T17:11:13.440693,2,0.0,0,0,0,0.0,48.21
2026-07-18T17:11:13.441062,4,0.0,0,0,0,0.0,48.21
2026-07-18T17:11:15.438514,1,0.0,0,0,0,0.0,48.21
2026-07-18T17:11:15.441821,3,0.0,0,0,0,267.2,48.21
2026-07-18T17:11:15.442214,2,0.0,0,0,0,0.0,48.21
2026-07-18T17:11:15.443118,4,0.0,0,0,0,0.0,48.21
2026-07-18T17:11:17.443726,2,0.0,0,0,0,0.5,48.21
2026-07-18T17:11:17.444728,1,0.0,0,0,0,0.0,48.21
2026-07-18T17:11:17.445115,4,0.0,0,0,0,0.0,48.21
2026-07-18T17:11:17.445885,3,0.0,0,0,0,0.0,48.21
2026-07-18T17:11:19.447317,3,0.0,0,0,0,0.0,48.21
2026-07-18T17:11:19.448519,2,0.0,0,0,0,0.0,48.21
2026-07-18T17:11:19.449019,1,0.0,0,0,0,0.0,48.21
2026-07-18T17:11:19.449690,4,0.0,0,0,0,2457.0,48.21
2026-07-18T17:11:21.450056,1,0.0,0,0,0,0.5,48.21
2026-07-18T17:11:21.453013,3,0.0,0,0,0,0.0,48.21
2026-07-18T17:11:21.453475,2,0.0,0,0,0,0.0,48.21
2026-07-18T17:11:21.454592,4,0.0,0,0,0,0.0,48.21
2026-07-18T17:11:23.451968,1,0.0,0,0,0,0.0,48.21
2026-07-18T17:11:23.455591,2,0.0,0,0,0,302.3,48.21
2026-07-18T17:11:23.456027,4,0.0,0,0,0,0.0,48.21
2026-07-18T17:11:23.456726,3,0.0,0,0,0,0.0,48.21
2026-07-18T17:11:25.453013,1,0.0,0,0,0,0.0,48.21
2026-07-18T17:11:25.454949,3,0.0,0,0,0,0.0,48.21
2026-07-18T17:11:25.455195,4,0.0,0,0,0,0.0,48.21
2026-07-18T17:11:25.455349,2,0.0,0,0,0,0.0,48.21
2026-07-18T17:11:27.458242,4,0.0,0,0,0,0.5,48.21
2026-07-18T17:11:27.459255,1,0.0,0,0,0,0.0,48.21
2026-07-18T17:11:27.463068,2,0.0,0,0,0,0.0,48.21
2026-07-18T17:11:27.463378,3,0.0,0,0,0,0.0,48.21
2026-07-18T17:11:29.462101,4,0.0,0,0,0,1.5,48.21
2026-07-18T17:11:29.463045,1,0.0,0,0,0,0.0,48.21
2026-07-18T17:11:29.464032,3,0.0,0,0,0,0.0,48.21
2026-07-18T17:11:29.465780,2,0.0,0,0,0,0.0,48.21
2026-07-18T17:11:31.464518,4,0.0,0,0,0,0.0,48.21
2026-07-18T17:11:31.464943,1,0.0,0,0,0,0.0,48.21
2026-07-18T17:11:31.467245,3,0.0,0,0,0,0.0,48.21
2026-07-18T17:11:31.467548,2,0.0,0,0,0,1397.2,48.21
2026-07-18T17:11:33.468253,3,0.0,0,0,0,0.0,48.21
2026-07-18T17:11:33.468550,1,0.0,0,0,0,0.0,48.21
2026-07-18T17:11:33.469250,4,0.0,0,0,0,0.0,48.21
2026-07-18T17:11:33.470795,2,0.0,0,0,0,605.9,48.21
2026-07-18T17:11:35.473550,1,0.0,0,0,0,0.5,48.21
2026-07-18T17:11:35.480165,4,0.0,0,0,0,0.0,48.21
2026-07-18T17:11:35.481278,2,0.0,0,0,0,0.0,48.21
2026-07-18T17:11:35.482220,3,0.0,0,0,0,0.0,48.21
2026-07-18T17:11:37.474436,1,0.0,0,0,0,0.5,48.21
2026-07-18T17:11:37.479306,4,0.0,0,0,0,0.0,48.21
2026-07-18T17:11:37.480301,2,0.0,0,0,0,0.0,48.21
2026-07-18T17:11:37.481125,3,0.0,0,0,0,0.0,48.21
2026-07-18T17:11:39.477004,1,0.0,0,0,0,0.0,48.21
2026-07-18T17:11:39.478960,2,0.0,0,0,0,1308.4,48.21
2026-07-18T17:11:39.479837,3,0.0,0,0,0,0.0,48.21
2026-07-18T17:11:39.480130,4,0.0,0,0,0,0.0,48.21
2026-07-18T17:11:41.479984,1,0.0,0,0,0,0.0,48.21
2026-07-18T17:11:41.480332,3,0.0,0,0,0,0.0,48.21
2026-07-18T17:11:41.481005,4,0.0,0,0,0,0.0,48.21
2026-07-18T17:11:41.482248,2,0.0,0,0,0,0.0,48.21
2026-07-18T17:11:43.485106,2,0.0,0,0,0,0.0,48.21
2026-07-18T17:11:43.486004,4,0.0,0,0,0,0.0,48.21
2026-07-18T17:11:43.486638,3,0.0,0,0,0,0.0,48.21
2026-07-18T17:11:43.487065,1,0.0,0,0,0,0.0,48.21
2026-07-18T17:11:45.484926,1,0.0,0,0,0,0.5,48.21
2026-07-18T17:11:45.485286,4,0.0,0,0,0,0.0,48.21
2026-07-18T17:11:45.486834,2,0.0,0,0,0,0.0,48.21
2026-07-18T17:11:45.487276,3,0.0,0,0,0,0.0,48.21
2026-07-18T17:11:47.490077,1,0.0,0,0,0,0.0,48.21
2026-07-18T17:11:47.491436,4,0.0,0,0,0,929.9,48.21
2026-07-18T17:11:47.495124,2,0.0,0,0,0,231.5,48.21
2026-07-18T17:11:47.495450,3,0.0,0,0,0,0.0,48.21
2026-07-18T17:11:49.491667,1,0.0,0,0,0,0.0,48.21
2026-07-18T17:11:49.493065,4,0.0,0,0,0,0.0,48.21
2026-07-18T17:11:49.495516,2,0.0,0,0,0,0.0,48.21
2026-07-18T17:11:49.495905,3,0.0,0,0,0,0.0,48.21
2026-07-18T17:11:51.492608,1,0.0,0,0,0,0.5,48.21
2026-07-18T17:11:51.495797,2,0.0,0,0,0,0.0,48.21
2026-07-18T17:11:51.496085,4,0.0,0,0,0,0.0,48.21
2026-07-18T17:11:51.496316,3,0.0,0,0,0,0.0,48.21
2026-07-18T17:11:53.496025,1,0.0,0,0,0,0.0,48.21
2026-07-18T17:11:53.496273,4,0.0,0,0,0,0.0,48.21
2026-07-18T17:11:53.496408,3,0.0,0,0,0,0.0,48.21
2026-07-18T17:11:53.497836,2,0.0,0,0,0,0.0,48.21
2026-07-18T17:11:55.497394,1,0.0,0,0,0,0.5,48.21
2026-07-18T17:11:55.499329,3,0.0,0,0,0,530.6,48.21
2026-07-18T17:11:55.500205,2,0.0,0,0,0,0.0,48.21
2026-07-18T17:11:55.500596,4,0.0,0,0,0,0.0,48.21
2026-07-18T17:11:57.500001,1,0.0,0,0,0,0.0,48.21
2026-07-18T17:11:57.501963,4,0.0,0,0,0,0.0,48.21
2026-07-18T17:11:57.502238,3,0.0,0,0,0,0.0,48.21
2026-07-18T17:11:57.502405,2,0.0,0,0,0,0.0,48.21
2026-07-18T17:11:59.507200,3,0.0,0,0,0,0.5,48.21
2026-07-18T17:11:59.508400,4,0.0,0,0,0,0.0,48.21
2026-07-18T17:11:59.509508,1,0.0,0,0,0,0.0,48.21
2026-07-18T17:11:59.511309,2,0.0,0,0,0,0.0,48.21
2026-07-18T17:12:01.508102,1,0.0,0,0,0,0.5,48.21
2026-07-18T17:12:01.511389,4,0.0,0,0,0,0.0,48.21
2026-07-18T17:12:01.512435,2,0.0,0,0,0,0.0,48.21
2026-07-18T17:12:01.513402,3,0.0,0,0,0,0.0,48.21
2026-07-18T17:12:03.511041,4,0.0,0,0,0,1.0,48.21
2026-07-18T17:12:03.511394,1,0.0,0,0,0,0.0,48.21
2026-07-18T17:12:03.513045,3,0.0,0,0,0,0.0,48.21
2026-07-18T17:12:03.513720,2,0.0,0,0,0,0.0,48.21
2026-07-18T17:12:05.515879,1,0.0,0,0,0,0.5,48.21
2026-07-18T17:12:05.516208,4,0.0,0,0,0,0.0,48.21
2026-07-18T17:12:05.518469,2,0.0,0,0,0,0.0,48.21
2026-07-18T17:12:05.520152,3,0.0,0,0,0,0.0,48.21
2026-07-18T17:12:07.515227,3,0.0,0,0,0,0.0,48.21
2026-07-18T17:12:07.515399,2,0.0,0,0,0,0.0,48.21
2026-07-18T17:12:07.515752,1,0.0,0,0,0,8118.7,48.21
2026-07-18T17:12:07.515904,4,0.0,0,0,0,0.0,48.21
2026-07-18T17:12:09.525140,2,0.0,0,0,0,0.5,48.21
2026-07-18T17:12:09.525694,3,0.0,0,0,0,0.0,48.21
2026-07-18T17:12:09.526741,4,0.0,0,0,0,0.0,48.21
2026-07-18T17:12:09.527104,1,0.0,0,0,0,0.0,48.21
2026-07-18T17:12:11.525244,1,0.0,0,0,0,0.5,48.21
2026-07-18T17:12:11.526285,4,0.0,0,0,0,0.0,48.21
2026-07-18T17:12:11.529803,3,0.0,0,0,0,0.0,48.21
2026-07-18T17:12:11.531037,2,0.0,0,0,0,0.0,48.21
2026-07-18T17:12:13.525580,1,0.0,0,0,0,0.5,48.21
2026-07-18T17:12:13.528902,4,0.0,0,0,0,0.0,48.21
2026-07-18T17:12:13.529193,3,0.0,0,0,0,0.0,48.21
2026-07-18T17:12:13.529863,2,0.0,0,0,0,0.0,48.21
2026-07-18T17:12:15.531251,4,0.0,0,0,0,0.0,48.21
2026-07-18T17:12:15.532182,2,0.0,0,0,0,1074.1,48.21
2026-07-18T17:12:15.533039,1,0.0,0,0,0,0.0,48.21
2026-07-18T17:12:15.534079,3,0.0,0,0,0,0.0,48.21
2026-07-18T17:12:17.532287,1,0.0,0,0,0,0.0,48.21
2026-07-18T17:12:17.535419,4,0.0,0,0,0,0.0,48.21
2026-07-18T17:12:17.536805,2,0.0,0,0,0,0.0,48.21
2026-07-18T17:12:17.537989,3,0.0,0,0,0,919.0,48.21
2026-07-18T17:12:19.533268,1,0.0,0,0,0,0.5,48.21
2026-07-18T17:12:19.534546,4,0.0,0,0,0,0.0,48.21
2026-07-18T17:12:19.535055,2,0.0,0,0,0,0.0,48.21
2026-07-18T17:12:19.535443,3,0.0,0,0,0,0.0,48.21
2026-07-18T17:12:21.539039,1,0.0,0,0,0,0.0,48.21
2026-07-18T17:12:21.543260,3,0.0,0,0,0,0.0,48.21
2026-07-18T17:12:21.544789,4,0.0,0,0,0,852.5,48.21
2026-07-18T17:12:21.545724,2,0.0,0,0,0,0.0,48.21
2026-07-18T17:12:23.541081,1,0.0,0,0,0,0.0,48.21
2026-07-18T17:12:23.543661,4,0.0,0,0,0,0.0,48.21
2026-07-18T17:12:23.544646,2,0.0,0,0,0,0.0,48.21
2026-07-18T17:12:23.545125,3,0.0,0,0,0,0.0,48.21
2026-07-18T17:12:25.543164,1,0.0,0,0,0,0.5,48.21
2026-07-18T17:12:25.546183,3,0.0,0,0,0,0.0,48.21
2026-07-18T17:12:25.546977,4,0.0,0,0,0,0.0,48.21
2026-07-18T17:12:25.547917,2,0.0,0,0,0,0.0,48.21
2026-07-18T17:12:27.546975,4,0.0,0,0,0,0.0,48.21
2026-07-18T17:12:27.547181,2,0.0,0,0,0,2810.0,48.21
2026-07-18T17:12:27.547656,1,0.0,0,0,0,0.0,48.21
2026-07-18T17:12:27.547796,3,0.0,0,0,0,0.0,48.21
2026-07-18T17:12:29.550751,1,0.0,0,0,0,0.0,48.21
2026-07-18T17:12:29.551009,3,0.0,0,0,0,0.0,48.21
2026-07-18T17:12:29.551703,2,0.0,0,0,0,0.0,48.21
2026-07-18T17:12:29.552098,4,0.0,0,0,0,0.0,48.21
2026-07-18T17:12:31.555120,4,0.0,0,0,0,0.0,48.21
2026-07-18T17:12:31.556005,1,0.0,0,0,0,910.0,48.21
2026-07-18T17:12:31.556552,3,0.0,0,0,0,1221.7,48.21
2026-07-18T17:12:31.556875,2,0.0,0,0,0,0.0,48.21
2026-07-18T17:12:33.553810,1,0.0,0,0,0,0.0,48.21
2026-07-18T17:12:33.555089,3,0.0,0,0,0,0.0,48.21
2026-07-18T17:12:33.555263,2,0.0,0,0,0,0.0,48.21
2026-07-18T17:12:33.555388,4,0.0,0,0,0,0.0,48.21
2026-07-18T17:12:35.555546,1,0.0,0,0,0,0.5,48.21
2026-07-18T17:12:35.557171,3,0.0,0,0,0,0.0,48.21
2026-07-18T17:12:35.557719,4,0.0,0,0,0,0.0,48.21
2026-07-18T17:12:35.558022,2,0.0,0,0,0,0.0,48.21
2026-07-18T17:12:37.558260,4,0.0,0,0,0,0.0,48.21
2026-07-18T17:12:37.558474,3,0.0,0,0,0,0.0,48.21
2026-07-18T17:12:37.558608,1,0.0,0,0,0,0.0,48.21
2026-07-18T17:12:37.559944,2,0.0,0,0,0,0.0,48.21
2026-07-18T17:12:39.561204,1,0.0,0,0,0,0.5,48.21
2026-07-18T17:12:39.563341,3,0.0,0,0,0,0.0,48.21
2026-07-18T17:12:39.563669,4,0.0,0,0,0,0.0,48.21
2026-07-18T17:12:39.564507,2,0.0,0,0,0,0.0,48.21
2026-07-18T17:12:41.564407,4,0.0,0,0,0,0.0,48.21
2026-07-18T17:12:41.565229,1,0.0,0,0,0,0.0,48.21
2026-07-18T17:12:41.566621,2,0.0,0,0,0,731.3,48.21
2026-07-18T17:12:41.567500,3,0.0,0,0,0,0.0,48.21
2026-07-18T17:12:43.571693,1,0.0,0,0,0,0.0,48.21
2026-07-18T17:12:43.572081,4,0.0,0,0,0,0.0,48.21
2026-07-18T17:12:43.575636,2,0.0,0,0,0,333.8,48.21
2026-07-18T17:12:43.576041,3,0.0,0,0,0,0.0,48.21
2026-07-18T17:12:45.571155,4,0.0,0,0,0,0.5,48.21
2026-07-18T17:12:45.571437,1,0.0,0,0,0,0.0,48.21
2026-07-18T17:12:45.574790,3,0.0,0,0,0,0.0,48.21
2026-07-18T17:12:45.575234,2,0.0,0,0,0,0.0,48.21
2026-07-18T17:12:47.572068,1,0.0,0,0,0,0.0,48.21
2026-07-18T17:12:47.573155,2,0.0,0,0,0,0.0,48.21
2026-07-18T17:12:47.573356,4,0.0,0,0,0,0.0,48.21
2026-07-18T17:12:47.573469,3,0.0,0,0,0,0.0,48.21
2026-07-18T17:12:49.577240,1,0.0,0,0,0,0.5,48.21
2026-07-18T17:12:49.577507,4,0.0,0,0,0,0.0,48.21
2026-07-18T17:12:49.578129,3,0.0,0,0,0,0.0,48.21
2026-07-18T17:12:49.578766,2,0.0,0,0,0,0.0,48.21
2026-07-18T17:12:51.580223,1,0.0,0,0,0,0.0,48.21
2026-07-18T17:12:51.580495,4,0.0,0,0,0,0.0,48.21
2026-07-18T17:12:51.581103,3,0.0,0,0,0,0.0,48.21
2026-07-18T17:12:51.582342,2,0.0,0,0,0,0.0,48.21
2026-07-18T17:12:53.582309,1,0.0,0,0,0,1.0,48.21
2026-07-18T17:12:53.584930,2,0.0,0,0,0,0.0,48.21
2026-07-18T17:12:53.585147,4,0.0,0,0,0,0.0,48.21
2026-07-18T17:12:53.585727,3,0.0,0,0,0,0.0,48.21
2026-07-18T17:12:55.586589,1,0.0,0,0,0,0.0,48.21
2026-07-18T17:12:55.591201,2,0.0,0,0,0,222.6,48.21
2026-07-18T17:12:55.592154,4,0.0,0,0,0,0.0,48.21
2026-07-18T17:12:55.592563,3,0.0,0,0,0,0.0,48.21
2026-07-18T17:12:57.587487,1,0.0,0,0,0,0.0,48.21
2026-07-18T17:12:57.589202,2,0.0,0,0,0,0.0,48.21
2026-07-18T17:12:57.589376,4,0.0,0,0,0,0.0,48.21
2026-07-18T17:12:57.589883,3,0.0,0,0,0,0.0,48.21
2026-07-18T17:12:59.591397,1,0.0,0,0,0,0.0,48.21
2026-07-18T17:12:59.592001,4,0.0,0,0,0,0.0,48.21
2026-07-18T17:12:59.593644,2,0.0,0,0,0,0.0,48.21
2026-07-18T17:12:59.593929,3,0.0,0,0,0,0.0,48.21
2026-07-18T17:13:01.594122,1,0.0,0,0,0,0.5,48.21
2026-07-18T17:13:01.596620,2,0.0,0,0,0,0.0,48.21
2026-07-18T17:13:01.596857,3,0.0,0,0,0,0.0,48.21
2026-07-18T17:13:01.597614,4,0.0,0,0,0,0.0,48.21
2026-07-18T17:13:03.598430,1,0.0,0,0,0,0.0,48.21
2026-07-18T17:13:03.600488,2,0.0,0,0,0,473.2,48.21
2026-07-18T17:13:03.601315,4,0.0,0,0,0,0.0,48.21
2026-07-18T17:13:03.602160,3,0.0,0,0,0,774.6,48.21
2026-07-18T17:13:05.599228,1,0.0,0,0,0,0.0,48.21
2026-07-18T17:13:05.599876,4,0.0,0,0,0,0.0,48.21
2026-07-18T17:13:05.601588,3,0.0,0,0,0,0.0,48.21
2026-07-18T17:13:05.601848,2,0.0,0,0,0,0.0,48.21
2026-07-18T17:13:07.601860,1,0.0,0,0,0,0.0,48.21
2026-07-18T17:13:07.604245,3,0.0,0,0,0,352.7,48.21
2026-07-18T17:13:07.604895,2,0.0,0,0,0,0.0,48.21
2026-07-18T17:13:07.605131,4,0.0,0,0,0,0.0,48.21
2026-07-18T17:13:09.603926,1,0.0,0,0,0,0.0,48.21
2026-07-18T17:13:09.605963,4,0.0,0,0,0,0.0,48.21
2026-07-18T17:13:09.606149,2,0.0,0,0,0,0.0,48.21
2026-07-18T17:13:09.606277,3,0.0,0,0,0,0.0,48.21
2026-07-18T17:13:11.607811,1,0.0,0,0,0,0.0,48.21
2026-07-18T17:13:11.609591,3,0.0,0,0,0,0.0,48.21
2026-07-18T17:13:11.610136,4,0.0,0,0,0,0.0,48.21
2026-07-18T17:13:11.611589,2,0.0,0,0,0,0.0,48.21
2026-07-18T17:13:13.609146,1,0.0,0,0,0,0.0,48.21
2026-07-18T17:13:13.611863,3,0.0,0,0,0,769.9,48.21
2026-07-18T17:13:13.612179,2,0.0,0,0,0,0.0,48.21
2026-07-18T17:13:13.612614,4,0.0,0,0,0,0.0,48.21
2026-07-18T17:13:15.612054,1,0.0,0,0,0,0.0,48.21
2026-07-18T17:13:15.613761,3,0.0,0,0,0,0.0,48.21
2026-07-18T17:13:15.613966,2,0.0,0,0,0,0.0,48.21
2026-07-18T17:13:15.614086,4,0.0,0,0,0,0.0,48.21
2026-07-18T17:13:17.615300,1,0.0,0,0,0,0.0,48.21
2026-07-18T17:13:17.616855,2,0.0,0,0,0,0.0,48.21
2026-07-18T17:13:17.617415,4,0.0,0,0,0,0.0,48.21
2026-07-18T17:13:17.617663,3,0.0,0,0,0,0.0,48.21
2026-07-18T17:13:19.618422,1,0.0,0,0,0,0.5,48.21
2026-07-18T17:13:19.620893,4,0.0,0,0,0,0.0,48.21
2026-07-18T17:13:19.621114,3,0.0,0,0,0,0.0,48.21
2026-07-18T17:13:19.621714,2,0.0,0,0,0,0.0,48.21
2026-07-18T17:13:21.626830,1,0.0,0,0,0,0.0,48.21
2026-07-18T17:13:21.627884,3,0.0,0,0,0,0.0,48.21
2026-07-18T17:13:21.629031,4,0.0,0,0,0,0.0,48.21
2026-07-18T17:13:21.629617,2,0.0,0,0,0,0.0,48.21
2026-07-18T17:13:23.625827,1,0.0,0,0,0,1.0,48.21
2026-07-18T17:13:23.628028,4,0.0,0,0,0,0.0,48.21
2026-07-18T17:13:23.628364,2,0.0,0,0,0,0.0,48.21
2026-07-18T17:13:23.630079,3,0.0,0,0,0,0.0,48.21
2026-07-18T17:13:25.629665,1,0.0,0,0,0,0.0,48.21
2026-07-18T17:13:25.631333,4,0.0,0,0,0,0.0,48.21
2026-07-18T17:13:25.632259,2,0.0,0,0,0,824.6,48.21
2026-07-18T17:13:25.632607,3,0.0,0,0,0,0.0,48.21
2026-07-18T17:13:27.644371,1,0.0,0,0,0,0.5,48.21
2026-07-18T17:13:27.645436,4,0.0,0,0,0,667.6,48.21
2026-07-18T17:13:27.646455,3,0.0,0,0,0,0.0,48.21
2026-07-18T17:13:27.650487,2,0.0,0,0,0,0.0,48.21
2026-07-18T17:13:29.635452,1,0.0,0,0,0,0.0,48.21
2026-07-18T17:13:29.636236,4,0.0,0,0,0,0.0,48.21
2026-07-18T17:13:29.638551,3,0.0,0,0,0,405.1,48.21
2026-07-18T17:13:29.639311,2,0.0,0,0,0,0.0,48.21
2026-07-18T17:13:31.641037,1,0.0,0,0,0,0.0,48.21
2026-07-18T17:13:31.641318,4,0.0,0,0,0,0.0,48.21
2026-07-18T17:13:31.642992,3,0.0,0,0,0,0.0,48.21
2026-07-18T17:13:31.643519,2,0.0,0,0,0,0.0,48.21
2026-07-18T17:13:33.650234,1,0.0,0,0,0,0.5,48.21
2026-07-18T17:13:33.651220,4,0.0,0,0,0,0.0,48.21
2026-07-18T17:13:33.654073,3,0.0,0,0,0,339.1,48.21
2026-07-18T17:13:33.654798,2,0.0,0,0,0,0.0,48.21
2026-07-18T17:13:35.651234,2,0.0,0,0,0,0.5,48.21
2026-07-18T17:13:35.651869,4,0.0,0,0,0,0.0,48.21
2026-07-18T17:13:35.652125,1,0.0,0,0,0,0.0,48.21
2026-07-18T17:13:35.652702,3,0.0,0,0,0,0.0,48.21
2026-07-18T17:13:37.650021,3,0.0,0,0,0,0.0,48.21
2026-07-18T17:13:37.650921,1,0.0,0,0,0,0.0,48.21
2026-07-18T17:13:37.651184,4,0.0,0,0,0,0.0,48.21
2026-07-18T17:13:37.653240,2,0.0,0,0,0,0.0,48.21
2026-07-18T17:13:39.649169,1,0.0,0,0,0,0.0,48.21
2026-07-18T17:13:39.653744,3,0.0,0,0,0,213.5,48.21
2026-07-18T17:13:39.654151,2,0.0,0,0,0,0.0,48.21
2026-07-18T17:13:39.655039,4,0.0,0,0,0,0.0,48.21
2026-07-18T17:13:41.658488,4,0.0,0,0,0,1.5,48.21
2026-07-18T17:13:41.663985,1,0.0,0,0,0,0.0,48.21
2026-07-18T17:13:41.665221,2,0.0,0,0,0,0.0,48.21
2026-07-18T17:13:41.667167,3,0.0,0,0,0,0.0,48.21
2026-07-18T17:13:43.660362,1,0.0,0,0,0,0.0,48.21
2026-07-18T17:13:43.664317,4,0.0,0,0,0,179.1,48.21
2026-07-18T17:13:43.664914,3,0.0,0,0,0,0.0,48.21
2026-07-18T17:13:43.665107,2,0.0,0,0,0,0.0,48.21
2026-07-18T17:13:45.656117,1,0.0,0,0,0,0.0,48.21
2026-07-18T17:13:45.657662,4,0.0,0,0,0,0.0,48.21
2026-07-18T17:13:45.659186,2,0.0,0,0,0,585.3,48.21
2026-07-18T17:13:45.659798,3,0.0,0,0,0,0.0,48.21
2026-07-18T17:13:47.661270,1,0.0,0,0,0,0.5,48.21
2026-07-18T17:13:47.664791,2,0.0,0,0,0,0.0,48.21
2026-07-18T17:13:47.666813,3,0.0,0,0,0,0.0,48.21
2026-07-18T17:13:47.667268,4,0.0,0,0,0,0.0,48.21
2026-07-18T17:13:49.663611,1,0.0,0,0,0,0.0,48.21
2026-07-18T17:13:49.664010,4,0.0,0,0,0,0.0,48.21
2026-07-18T17:13:49.665991,2,0.0,0,0,0,520.7,48.21
2026-07-18T17:13:49.666741,3,0.0,0,0,0,0.0,48.21
2026-07-18T17:13:51.667569,1,0.0,0,0,0,0.0,48.21
2026-07-18T17:13:51.668209,4,0.0,0,0,0,0.0,48.21
2026-07-18T17:13:51.670435,2,0.0,0,0,0,0.0,48.21
2026-07-18T17:13:51.671175,3,0.0,0,0,0,0.0,48.21
2026-07-18T17:13:53.666747,4,0.0,0,0,0,0.5,48.21
2026-07-18T17:13:53.667279,1,0.0,0,0,0,0.0,48.21
2026-07-18T17:13:53.668524,3,0.0,0,0,0,0.0,48.21
2026-07-18T17:13:53.668753,2,0.0,0,0,0,0.0,48.21
2026-07-18T17:13:55.669356,1,0.0,0,0,0,0.0,48.21
2026-07-18T17:13:55.671066,4,0.0,0,0,0,0.0,48.21
2026-07-18T17:13:55.671531,2,0.0,0,0,0,0.0,48.21
2026-07-18T17:13:55.671780,3,0.0,0,0,0,0.0,48.21
2026-07-18T17:13:57.678674,2,0.0,0,0,0,0.5,48.21
2026-07-18T17:13:57.678996,1,0.0,0,0,0,0.0,48.21
2026-07-18T17:13:57.679175,4,0.0,0,0,0,0.0,48.21
2026-07-18T17:13:57.680112,3,0.0,0,0,0,0.0,48.21
2026-07-18T17:13:59.676088,1,0.0,0,0,0,0.5,48.21
2026-07-18T17:13:59.677854,4,0.0,0,0,0,0.0,48.21
2026-07-18T17:13:59.678224,3,0.0,0,0,0,0.0,48.21
2026-07-18T17:13:59.678476,2,0.0,0,0,0,0.0,48.21
2026-07-18T17:14:01.693264,1,0.0,0,0,0,0.5,48.21
2026-07-18T17:14:01.694305,4,0.0,0,0,0,0.0,48.21
2026-07-18T17:14:01.696465,3,0.0,0,0,0,0.0,48.21
2026-07-18T17:14:01.697128,2,0.0,0,0,0,0.0,48.21
2026-07-18T17:14:03.693212,1,0.0,0,0,0,0.0,48.21
2026-07-18T17:14:03.705826,4,0.0,0,0,0,122.2,48.21
2026-07-18T17:14:03.709065,3,0.0,0,0,0,0.0,48.21
2026-07-18T17:14:03.710458,2,0.0,0,0,0,0.0,48.21
2026-07-18T17:14:05.688045,1,0.0,0,0,0,0.0,48.21
2026-07-18T17:14:05.689848,3,0.0,0,0,0,0.0,48.21
2026-07-18T17:14:05.690162,2,0.0,0,0,0,0.0,48.21
2026-07-18T17:14:05.690329,4,0.0,0,0,0,0.0,48.21
2026-07-18T17:14:07.690144,1,0.0,0,0,0,0.5,48.21
2026-07-18T17:14:07.690478,3,0.0,0,0,0,0.0,48.21
2026-07-18T17:14:07.691011,4,0.0,0,0,0,0.0,48.21
2026-07-18T17:14:07.692058,2,0.0,0,0,0,0.0,48.21
2026-07-18T17:14:09.693108,1,0.0,0,0,0,0.0,48.21
2026-07-18T17:14:09.696575,2,0.0,0,0,0,0.0,48.21
2026-07-18T17:14:09.697418,4,0.0,0,0,0,0.0,48.21
2026-07-18T17:14:09.698550,3,0.0,0,0,0,0.0,48.21
2026-07-18T17:14:11.709576,1,0.0,0,0,0,1.0,48.21
2026-07-18T17:14:11.712386,2,0.0,0,0,0,0.0,48.21
2026-07-18T17:14:11.712787,4,0.0,0,0,0,0.0,48.21
2026-07-18T17:14:11.713635,3,0.0,0,0,0,0.0,48.21
2026-07-18T17:14:13.707869,4,0.0,0,0,0,0.0,48.21
2026-07-18T17:14:13.709644,1,0.0,0,0,0,0.0,48.21
2026-07-18T17:14:13.716840,2,0.0,0,0,0,124.0,48.21
2026-07-18T17:14:13.717172,3,0.0,0,0,0,1247.6,48.21
2026-07-18T17:14:15.715964,3,0.0,0,0,0,0.0,48.21
2026-07-18T17:14:15.716287,4,0.0,0,0,0,0.0,48.21
2026-07-18T17:14:15.717067,1,0.0,0,0,0,0.0,48.21
2026-07-18T17:14:15.717368,2,0.0,0,0,0,0.0,48.21
2026-07-18T17:14:17.713937,1,0.0,0,0,0,0.5,48.21
2026-07-18T17:14:17.717078,4,0.0,0,0,0,0.0,48.21
2026-07-18T17:14:17.717990,3,0.0,0,0,0,0.0,48.21
2026-07-18T17:14:17.718406,2,0.0,0,0,0,0.0,48.21
2026-07-18T17:14:19.728069,4,0.0,0,0,0,0.5,48.21
2026-07-18T17:14:19.729419,3,0.0,0,0,0,0.0,48.21
2026-07-18T17:14:19.730433,1,0.0,0,0,0,0.0,48.21
2026-07-18T17:14:19.733402,2,0.0,0,0,0,388.9,48.21
2026-07-18T17:14:21.722173,4,0.0,0,0,0,0.5,48.21
2026-07-18T17:14:21.723002,1,0.0,0,0,0,0.0,48.21
2026-07-18T17:14:21.725309,3,0.0,0,0,0,0.0,48.21
2026-07-18T17:14:21.726046,2,0.0,0,0,0,0.0,48.21
2026-07-18T17:14:23.725458,1,0.0,0,0,0,0.5,48.21
2026-07-18T17:14:23.729151,2,0.0,0,0,0,0.0,48.21
2026-07-18T17:14:23.730230,4,0.0,0,0,0,0.0,48.21
2026-07-18T17:14:23.732252,3,0.0,0,0,0,0.0,48.21
2026-07-18T17:14:25.729107,1,0.0,0,0,0,0.0,48.21
2026-07-18T17:14:25.732198,2,0.0,0,0,0,403.5,48.21
2026-07-18T17:14:25.733061,4,0.0,0,0,0,0.0,48.21
2026-07-18T17:14:25.733860,3,0.0,0,0,0,0.0,48.21
2026-07-18T17:14:27.732544,1,0.0,0,0,0,0.5,48.21
2026-07-18T17:14:27.733441,4,0.0,0,0,0,0.0,48.21
2026-07-18T17:14:27.734887,3,0.0,0,0,0,0.0,48.21
2026-07-18T17:14:27.736227,2,0.0,0,0,0,0.0,48.21
2026-07-18T17:14:29.734230,1,0.0,0,0,0,0.0,48.21
2026-07-18T17:14:29.738222,2,0.0,0,0,0,210.7,48.21
2026-07-18T17:14:29.738792,3,0.0,0,0,0,0.0,48.21
2026-07-18T17:14:29.739121,4,0.0,0,0,0,0.0,48.21
2026-07-18T17:14:31.736111,4,0.0,0,0,0,0.0,48.21
2026-07-18T17:14:31.736855,1,0.0,0,0,0,0.0,48.21
2026-07-18T17:14:31.739309,3,0.0,0,0,0,0.0,48.21
2026-07-18T17:14:31.740155,2,0.0,0,0,0,1042.0,48.21
2026-07-18T17:14:33.739585,1,0.0,0,0,0,0.0,48.21
2026-07-18T17:14:33.739903,4,0.0,0,0,0,0.0,48.21
2026-07-18T17:14:33.741482,2,0.0,0,0,0,688.5,48.21
2026-07-18T17:14:33.742322,3,0.0,0,0,0,0.0,48.21
2026-07-18T17:14:35.742980,1,0.0,0,0,0,0.0,48.21
2026-07-18T17:14:35.744927,4,0.0,0,0,0,529.9,48.21
2026-07-18T17:14:35.745612,2,0.0,0,0,0,0.0,48.21
2026-07-18T17:14:35.745998,3,0.0,0,0,0,0.0,48.21
2026-07-18T17:14:37.747265,1,0.0,0,0,0,0.0,48.21
2026-07-18T17:14:37.748010,3,0.0,0,0,0,0.0,48.21
2026-07-18T17:14:37.748538,4,0.0,0,0,0,0.0,48.21
2026-07-18T17:14:37.749815,2,0.0,0,0,0,0.0,48.21
2026-07-18T17:14:39.747862,1,0.0,0,0,0,0.0,48.21
2026-07-18T17:14:39.749291,3,0.0,0,0,0,697.9,48.21
2026-07-18T17:14:39.749940,2,0.0,0,0,0,0.0,48.21
2026-07-18T17:14:39.750112,4,0.0,0,0,0,0.0,48.21
2026-07-18T17:14:41.753036,1,0.0,0,0,0,0.0,48.21
2026-07-18T17:14:41.756048,4,0.0,0,0,0,0.0,48.21
2026-07-18T17:14:41.756893,3,0.0,0,0,0,0.0,48.21
2026-07-18T17:14:41.757699,2,0.0,0,0,0,0.0,48.21
2026-07-18T17:14:43.756418,1,0.0,0,0,0,1.0,48.21
2026-07-18T17:14:43.758386,3,0.0,0,0,0,0.0,48.21
2026-07-18T17:14:43.759229,2,0.0,0,0,0,0.0,48.21
2026-07-18T17:14:43.759465,4,0.0,0,0,0,0.0,48.21
2026-07-18T17:14:45.761881,4,0.0,0,0,0,0.0,48.21
2026-07-18T17:14:45.762326,1,0.0,0,0,0,0.0,48.21
2026-07-18T17:14:45.766786,2,0.0,0,0,0,0.0,48.21
2026-07-18T17:14:45.767167,3,0.0,0,0,0,0.0,48.21
2026-07-18T17:14:47.766123,1,0.0,0,0,0,0.5,48.21
2026-07-18T17:14:47.767475,4,0.0,0,0,0,662.2,48.21
2026-07-18T17:14:47.771169,3,0.0,0,0,0,0.0,48.21
2026-07-18T17:14:47.771878,2,0.0,0,0,0,0.0,48.21
2026-07-18T17:14:49.770368,4,0.0,0,0,0,0.5,48.21
2026-07-18T17:14:49.771257,1,0.0,0,0,0,0.0,48.21
2026-07-18T17:14:49.775960,3,0.0,0,0,0,0.0,48.21
2026-07-18T17:14:49.776813,2,0.0,0,0,0,0.0,48.21
2026-07-18T17:14:51.769231,4,0.0,0,0,0,0.5,48.21
2026-07-18T17:14:51.769432,1,0.0,0,0,0,0.0,48.21
2026-07-18T17:14:51.771072,3,0.0,0,0,0,0.0,48.21
2026-07-18T17:14:51.771245,2,0.0,0,0,0,0.0,48.21
2026-07-18T17:14:53.770973,1,0.0,0,0,0,0.0,48.21
2026-07-18T17:14:53.772549,4,0.0,0,0,0,0.0,48.21
2026-07-18T17:14:53.772893,3,0.0,0,0,0,0.0,48.21
2026-07-18T17:14:53.773197,2,0.0,0,0,0,0.0,48.21
2026-07-18T17:14:55.775437,1,0.0,0,0,0,0.0,48.21
2026-07-18T17:14:55.780588,4,0.0,0,0,0,194.3,48.21
2026-07-18T17:14:55.781497,3,0.0,0,0,0,0.0,48.21
2026-07-18T17:14:55.782287,2,0.0,0,0,0,0.0,48.21
2026-07-18T17:14:57.779083,3,0.0,0,0,0,1.0,48.21
2026-07-18T17:14:57.780224,4,0.0,0,0,0,0.0,48.21
2026-07-18T17:14:57.781129,1,0.0,0,0,0,0.0,48.21
2026-07-18T17:14:57.785017,2,0.0,0,0,0,0.0,48.21
2026-07-18T17:14:59.781083,1,0.0,0,0,0,0.0,48.21
2026-07-18T17:14:59.784582,3,0.0,0,0,0,337.9,48.21
2026-07-18T17:14:59.785167,2,0.0,0,0,0,0.0,48.21
2026-07-18T17:14:59.785863,4,0.0,0,0,0,0.0,48.21
2026-07-18T17:15:01.805517,4,0.0,0,0,0,0.5,48.21
2026-07-18T17:15:01.807157,1,0.0,0,0,0,0.0,48.21
2026-07-18T17:15:01.812421,2,0.0,0,0,0,192.9,48.21
2026-07-18T17:15:01.814072,3,0.0,0,0,0,0.0,48.21
2026-07-18T17:15:03.790906,1,0.0,0,0,0,0.0,48.21
2026-07-18T17:15:03.796180,4,0.0,0,0,0,310.4,48.21
2026-07-18T17:15:03.798021,2,0.0,0,0,0,0.0,48.21
2026-07-18T17:15:03.799130,3,0.0,0,0,0,0.0,48.21
2026-07-18T17:15:05.789307,1,0.0,0,0,0,0.0,48.21
2026-07-18T17:15:05.789479,4,0.0,0,0,0,0.0,48.21
2026-07-18T17:15:05.791071,3,0.0,0,0,0,684.5,48.21
2026-07-18T17:15:05.791277,2,0.0,0,0,0,0.0,48.21
2026-07-18T17:15:07.796015,1,0.0,0,0,0,0.0,48.21
2026-07-18T17:15:07.801408,3,0.0,0,0,0,0.0,48.21
2026-07-18T17:15:07.803310,4,0.0,0,0,0,0.0,48.21
2026-07-18T17:15:07.803933,2,0.0,0,0,0,518.4,48.21
2026-07-18T17:15:09.795655,1,0.0,0,0,0,0.0,48.21
2026-07-18T17:15:09.797523,4,0.0,0,0,0,0.0,48.21
2026-07-18T17:15:09.797816,3,0.0,0,0,0,0.0,48.21
2026-07-18T17:15:09.798836,2,0.0,0,0,0,0.0,48.21
2026-07-18T17:15:11.801265,1,0.0,0,0,0,0.5,48.21
2026-07-18T17:15:11.802242,4,0.0,0,0,0,0.0,48.21
2026-07-18T17:15:11.805242,3,0.0,0,0,0,329.0,48.21
2026-07-18T17:15:11.805961,2,0.0,0,0,0,0.0,48.21
2026-07-18T17:15:13.804621,1,0.0,0,0,0,0.0,48.21
2026-07-18T17:15:13.808718,2,0.0,0,0,0,0.0,48.21
2026-07-18T17:15:13.809122,4,0.0,0,0,0,0.0,48.21
2026-07-18T17:15:13.809320,3,0.0,0,0,0,0.0,48.21
2026-07-18T17:15:15.805254,1,0.0,0,0,0,0.5,48.21
2026-07-18T17:15:15.806849,4,0.0,0,0,0,0.0,48.21
2026-07-18T17:15:15.807027,3,0.0,0,0,0,0.0,48.21
2026-07-18T17:15:15.807145,2,0.0,0,0,0,0.0,48.21
2026-07-18T17:15:17.807094,1,0.0,0,0,0,0.0,48.21
2026-07-18T17:15:17.807300,4,0.0,0,0,0,0.0,48.21
2026-07-18T17:15:17.809676,3,0.0,0,0,0,568.7,48.21
2026-07-18T17:15:17.810020,2,0.0,0,0,0,0.0,48.21
2026-07-18T17:15:19.810873,1,0.0,0,0,0,0.5,48.21
2026-07-18T17:15:19.812924,2,0.0,0,0,0,470.8,48.21
2026-07-18T17:15:19.813207,4,0.0,0,0,0,0.0,48.21
2026-07-18T17:15:19.813380,3,0.0,0,0,0,0.0,48.21
2026-07-18T17:15:21.814324,1,0.0,0,0,0,0.0,48.21
2026-07-18T17:15:21.818319,3,0.0,0,0,0,0.0,48.21
2026-07-18T17:15:21.818958,4,0.0,0,0,0,0.0,48.21
2026-07-18T17:15:21.819238,2,0.0,0,0,0,0.0,48.21
2026-07-18T17:15:23.814124,1,0.0,0,0,0,0.0,48.21
2026-07-18T17:15:23.817143,4,0.0,0,0,0,391.6,48.21
2026-07-18T17:15:23.817486,3,0.0,0,0,0,0.0,48.21
2026-07-18T17:15:23.817941,2,0.0,0,0,0,0.0,48.21
2026-07-18T17:15:25.818358,1,0.0,0,0,0,0.0,48.21
2026-07-18T17:15:25.821394,3,0.0,0,0,0,354.0,48.21
2026-07-18T17:15:25.822076,4,0.0,0,0,0,0.0,48.21
2026-07-18T17:15:25.822539,2,0.0,0,0,0,0.0,48.21
2026-07-18T17:15:27.824173,1,0.0,0,0,0,0.5,48.21
2026-07-18T17:15:27.825142,4,0.0,0,0,0,0.0,48.21
2026-07-18T17:15:27.826172,3,0.0,0,0,0,0.0,48.21
2026-07-18T17:15:27.830760,2,0.0,0,0,0,0.0,48.21
2026-07-18T17:15:29.825071,4,0.0,0,0,0,0.0,48.21
2026-07-18T17:15:29.825686,1,0.0,0,0,0,0.0,48.21
2026-07-18T17:15:29.827859,2,0.0,0,0,0,511.0,48.21
2026-07-18T17:15:29.828139,3,0.0,0,0,0,0.0,48.21
2026-07-18T17:15:31.828013,1,0.0,0,0,0,0.0,48.21
2026-07-18T17:15:31.832286,2,0.0,0,0,0,0.0,48.21
2026-07-18T17:15:31.833180,3,0.0,0,0,0,0.0,48.21
2026-07-18T17:15:31.834207,4,0.0,0,0,0,1227.3,48.21
2026-07-18T17:15:33.829480,1,0.0,0,0,0,0.0,48.21
2026-07-18T17:15:33.831849,4,0.0,0,0,0,0.0,48.21
2026-07-18T17:15:33.832017,3,0.0,0,0,0,0.0,48.21
2026-07-18T17:15:33.832125,2,0.0,0,0,0,0.0,48.21
2026-07-18T17:15:35.834135,1,0.0,0,0,0,0.5,48.21
2026-07-18T17:15:35.834800,4,0.0,0,0,0,1194.2,48.21
2026-07-18T17:15:35.836387,2,0.0,0,0,0,0.0,48.21
2026-07-18T17:15:35.837036,3,0.0,0,0,0,0.0,48.21
2026-07-18T17:15:37.842870,2,0.0,0,0,0,0.0,48.21
2026-07-18T17:15:37.843882,3,0.0,0,0,0,0.0,48.21
2026-07-18T17:15:37.845046,1,0.0,0,0,0,999.7,48.21
2026-07-18T17:15:37.847786,4,0.0,0,0,0,0.0,48.21
2026-07-18T17:15:39.840741,1,0.0,0,0,0,0.0,48.21
2026-07-18T17:15:39.842742,2,0.0,0,0,0,0.0,48.21
2026-07-18T17:15:39.842956,3,0.0,0,0,0,0.0,48.21
2026-07-18T17:15:39.843580,4,0.0,0,0,0,0.0,48.21
2026-07-18T17:15:41.842920,1,0.0,0,0,0,0.5,48.21
2026-07-18T17:15:41.844911,4,0.0,0,0,0,403.8,48.21
2026-07-18T17:15:41.845120,3,0.0,0,0,0,0.0,48.21
2026-07-18T17:15:41.845704,2,0.0,0,0,0,0.0,48.21
2026-07-18T17:15:43.845070,1,0.0,0,0,0,0.0,48.21
2026-07-18T17:15:43.851015,3,0.0,0,0,0,170.4,48.21
2026-07-18T17:15:43.851410,4,0.0,0,0,0,0.0,48.21
2026-07-18T17:15:43.851672,2,0.0,0,0,0,0.0,48.21
2026-07-18T17:15:45.850016,4,0.0,0,0,0,0.0,48.21
2026-07-18T17:15:45.850684,1,0.0,0,0,0,0.0,48.21
2026-07-18T17:15:45.852873,2,0.0,0,0,0,0.0,48.21
2026-07-18T17:15:45.853210,3,0.0,0,0,0,0.0,48.21
2026-07-18T17:15:47.852102,1,0.0,0,0,0,0.5,48.21
2026-07-18T17:15:47.857262,2,0.0,0,0,0,0.0,48.21
2026-07-18T17:15:47.858735,3,0.0,0,0,0,0.0,48.21
2026-07-18T17:15:47.859200,4,0.0,0,0,0,0.0,48.21
2026-07-18T17:15:49.854533,1,0.0,0,0,0,0.5,48.21
2026-07-18T17:15:49.854764,4,0.0,0,0,0,0.0,48.21
2026-07-18T17:15:49.854907,2,0.0,0,0,0,0.0,48.21
2026-07-18T17:15:49.855040,3,0.0,0,0,0,0.0,48.21
2026-07-18T17:15:51.859714,1,0.0,0,0,0,0.0,48.21
2026-07-18T17:15:51.865063,3,0.0,0,0,0,191.9,48.21
2026-07-18T17:15:51.866250,4,0.0,0,0,0,885.5,48.21
2026-07-18T17:15:51.867446,2,0.0,0,0,0,0.0,48.21
2026-07-18T17:15:53.860134,1,0.0,0,0,0,0.0,48.21
2026-07-18T17:15:53.864063,2,0.0,0,0,0,0.0,48.21
2026-07-18T17:15:53.865099,4,0.0,0,0,0,0.0,48.21
2026-07-18T17:15:53.865985,3,0.0,0,0,0,1061.3,48.21
2026-07-18T17:15:55.862360,1,0.0,0,0,0,0.0,48.21
2026-07-18T17:15:55.864734,4,0.0,0,0,0,0.0,48.21
2026-07-18T17:15:55.865368,2,0.0,0,0,0,0.0,48.21
2026-07-18T17:15:55.865818,3,0.0,0,0,0,0.0,48.21
2026-07-18T17:15:57.866806,4,0.0,0,0,0,0.5,48.21
2026-07-18T17:15:57.867091,3,0.0,0,0,0,0.0,48.21
2026-07-18T17:15:57.867327,1,0.0,0,0,0,0.0,48.21
2026-07-18T17:15:57.869210,2,0.0,0,0,0,0.0,48.21
2026-07-18T17:15:59.867569,1,0.0,0,0,0,0.0,48.21
2026-07-18T17:15:59.869625,2,0.0,0,0,0,0.0,48.21
2026-07-18T17:15:59.869937,4,0.0,0,0,0,0.0,48.21
2026-07-18T17:15:59.870112,3,0.0,0,0,0,0.0,48.21
2026-07-18T17:16:01.872837,1,0.0,0,0,0,0.5,48.21
2026-07-18T17:16:01.874806,2,0.0,0,0,0,0.0,48.21
2026-07-18T17:16:01.875119,4,0.0,0,0,0,0.0,48.21
2026-07-18T17:16:01.875345,3,0.0,0,0,0,0.0,48.21
2026-07-18T17:16:03.881567,4,0.0,0,0,0,0.5,48.21
2026-07-18T17:16:03.882184,2,0.0,0,0,0,0.0,48.21
2026-07-18T17:16:03.882504,1,0.0,0,0,0,0.0,48.21
2026-07-18T17:16:03.882752,3,0.0,0,0,0,0.0,48.21
2026-07-18T17:16:05.877917,1,0.0,0,0,0,0.5,48.21
2026-07-18T17:16:05.878387,4,0.0,0,0,0,0.0,48.21
2026-07-18T17:16:05.882458,2,0.0,0,0,0,0.0,48.21
2026-07-18T17:16:05.882992,3,0.0,0,0,0,0.0,48.21
2026-07-18T17:16:07.881239,1,0.0,0,0,0,0.5,48.21
2026-07-18T17:16:07.883228,2,0.0,0,0,0,0.0,48.21
2026-07-18T17:16:07.883951,3,0.0,0,0,0,0.0,48.21
2026-07-18T17:16:07.884464,4,0.0,0,0,0,0.0,48.21
2026-07-18T17:16:09.883117,1,0.0,0,0,0,0.0,48.21
2026-07-18T17:16:09.884255,4,0.0,0,0,0,0.0,48.21
2026-07-18T17:16:09.884693,3,0.0,0,0,0,0.0,48.21
2026-07-18T17:16:09.884881,2,0.0,0,0,0,0.0,48.21
2026-07-18T17:16:11.885252,4,0.0,0,0,0,0.5,48.21
2026-07-18T17:16:11.885451,1,0.0,0,0,0,0.0,48.21
2026-07-18T17:16:11.886951,3,0.0,0,0,0,0.0,48.21
2026-07-18T17:16:11.887163,2,0.0,0,0,0,0.0,48.21
2026-07-18T17:16:13.890502,4,0.0,0,0,0,0.5,48.21
2026-07-18T17:16:13.891366,1,0.0,0,0,0,0.0,48.21
2026-07-18T17:16:13.894708,2,0.0,0,0,0,0.0,48.21
2026-07-18T17:16:13.895144,3,0.0,0,0,0,0.0,48.21
2026-07-18T17:16:15.891438,4,0.0,0,0,0,0.5,48.21
2026-07-18T17:16:15.892940,1,0.0,0,0,0,0.0,48.21
2026-07-18T17:16:15.895537,3,0.0,0,0,0,0.0,48.21
2026-07-18T17:16:15.895762,2,0.0,0,0,0,0.0,48.21
2026-07-18T17:16:17.895256,1,0.0,0,0,0,0.0,48.21
2026-07-18T17:16:17.895632,4,0.0,0,0,0,0.0,48.21
2026-07-18T17:16:17.897808,2,0.0,0,0,0,574.5,48.21
2026-07-18T17:16:17.898122,3,0.0,0,0,0,0.0,48.21
2026-07-18T17:16:19.897464,4,0.0,0,0,0,0.0,48.21
2026-07-18T17:16:19.898116,1,0.0,0,0,0,0.0,48.21
2026-07-18T17:16:19.899687,3,0.0,0,0,0,0.0,48.21
2026-07-18T17:16:19.899923,2,0.0,0,0,0,0.0,48.21
2026-07-18T17:16:21.899526,3,0.0,0,0,0,0.0,48.21
2026-07-18T17:16:21.900135,1,0.0,0,0,0,0.0,48.21
2026-07-18T17:16:21.900581,4,0.0,0,0,0,0.0,48.21
2026-07-18T17:16:21.901082,2,0.0,0,0,0,0.0,48.21
2026-07-18T17:16:23.903335,4,0.0,0,0,0,0.5,48.21
2026-07-18T17:16:23.904173,3,0.0,0,0,0,0.0,48.21
2026-07-18T17:16:23.904421,1,0.0,0,0,0,0.0,48.21
2026-07-18T17:16:23.905884,2,0.0,0,0,0,0.0,48.21
2026-07-18T17:16:25.905437,1,0.0,0,0,0,0.0,48.21
2026-07-18T17:16:25.908618,2,0.0,0,0,0,384.1,48.21
2026-07-18T17:16:25.909096,3,0.0,0,0,0,0.0,48.21
2026-07-18T17:16:25.909992,4,0.0,0,0,0,0.0,48.21
2026-07-18T17:16:27.910226,1,0.0,0,0,0,0.5,48.21
2026-07-18T17:16:27.911098,4,0.0,0,0,0,0.0,48.21
2026-07-18T17:16:27.912662,2,0.0,0,0,0,0.0,48.21
2026-07-18T17:16:27.913343,3,0.0,0,0,0,0.0,48.21
2026-07-18T17:16:29.909682,1,0.0,0,0,0,0.5,48.21
2026-07-18T17:16:29.912106,3,0.0,0,0,0,0.0,48.21
2026-07-18T17:16:29.912267,2,0.0,0,0,0,0.0,48.21
2026-07-18T17:16:29.912371,4,0.0,0,0,0,0.0,48.21
2026-07-18T17:16:31.912747,1,0.0,0,0,0,0.0,48.21
2026-07-18T17:16:31.912970,4,0.0,0,0,0,0.0,48.21
2026-07-18T17:16:31.914285,2,0.0,0,0,0,0.0,48.21
2026-07-18T17:16:31.914911,3,0.0,0,0,0,0.0,48.21
2026-07-18T17:16:33.916685,1,0.0,0,0,0,0.0,48.21
2026-07-18T17:16:33.921078,3,0.0,0,0,0,217.3,48.21
2026-07-18T17:16:33.921851,4,0.0,0,0,0,0.0,48.21
2026-07-18T17:16:33.922192,2,0.0,0,0,0,0.0,48.21
2026-07-18T17:16:35.934771,3,0.0,0,0,0,0.5,48.21
2026-07-18T17:16:35.937265,4,0.0,0,0,0,729.1,48.21
2026-07-18T17:16:35.937699,1,0.0,0,0,0,0.0,48.21
2026-07-18T17:16:35.947438,2,0.0,0,0,0,0.0,48.21
2026-07-18T17:16:37.929354,1,0.0,0,0,0,0.5,48.21
2026-07-18T17:16:37.929577,3,0.0,0,0,0,0.0,48.21
2026-07-18T17:16:37.929699,4,0.0,0,0,0,0.0,48.21
2026-07-18T17:16:37.930797,2,0.0,0,0,0,0.0,48.21
2026-07-18T17:16:39.932077,1,0.0,0,0,0,0.0,48.21
2026-07-18T17:16:39.934042,3,0.0,0,0,0,0.0,48.21
2026-07-18T17:16:39.934240,2,0.0,0,0,0,0.0,48.21
2026-07-18T17:16:39.934352,4,0.0,0,0,0,0.0,48.21
2026-07-18T17:16:41.934909,4,0.0,0,0,0,0.0,48.21
2026-07-18T17:16:41.935126,2,0.0,0,0,0,0.0,48.21
2026-07-18T17:16:41.935246,1,0.0,0,0,0,0.0,48.21
2026-07-18T17:16:41.935359,3,0.0,0,0,0,0.0,48.21
2026-07-18T17:16:43.940667,3,0.0,0,0,0,0.5,48.21
2026-07-18T17:16:43.940979,2,0.0,0,0,0,0.0,48.21
2026-07-18T17:16:43.941146,4,0.0,0,0,0,0.0,48.21
2026-07-18T17:16:43.941302,1,0.0,0,0,0,0.0,48.21
2026-07-18T17:16:45.940087,1,0.0,0,0,0,0.0,48.21
2026-07-18T17:16:45.941632,3,0.0,0,0,0,0.0,48.21
2026-07-18T17:16:45.942453,4,0.0,0,0,0,0.0,48.21
2026-07-18T17:16:45.943041,2,0.0,0,0,0,0.0,48.21
2026-07-18T17:16:47.943976,1,0.0,0,0,0,0.5,48.21
2026-07-18T17:16:47.948579,2,0.0,0,0,0,0.0,48.21
2026-07-18T17:16:47.949038,4,0.0,0,0,0,2019.3,48.21
2026-07-18T17:16:47.949199,3,0.0,0,0,0,0.0,48.21
2026-07-18T17:16:49.947114,4,0.0,0,0,0,0.0,48.21
2026-07-18T17:16:49.947288,1,0.0,0,0,0,0.0,48.21
2026-07-18T17:16:49.948316,2,0.0,0,0,0,0.0,48.21
2026-07-18T17:16:49.948475,3,0.0,0,0,0,0.0,48.21
2026-07-18T17:16:51.951419,2,0.0,0,0,0,0.5,48.21
2026-07-18T17:16:51.951631,1,0.0,0,0,0,0.0,48.21
2026-07-18T17:16:51.952168,4,0.0,0,0,0,0.0,48.21
2026-07-18T17:16:51.952439,3,0.0,0,0,0,0.0,48.21
2026-07-18T17:16:53.953262,1,0.0,0,0,0,0.0,48.21
2026-07-18T17:16:53.956020,3,0.0,0,0,0,0.0,48.21
2026-07-18T17:16:53.956381,4,0.0,0,0,0,0.0,48.21
2026-07-18T17:16:53.956982,2,0.0,0,0,0,0.0,48.21
2026-07-18T17:16:55.957015,1,0.0,0,0,0,0.5,48.21
2026-07-18T17:16:55.959149,3,0.0,0,0,0,0.0,48.21
2026-07-18T17:16:55.959728,2,0.0,0,0,0,0.0,48.21
2026-07-18T17:16:55.959951,4,0.0,0,0,0,0.0,48.21
2026-07-18T17:16:57.958118,1,0.0,0,0,0,0.0,48.21
2026-07-18T17:16:57.958553,2,0.0,0,0,0,0.0,48.21
2026-07-18T17:16:57.958742,4,0.0,0,0,0,0.0,48.21
2026-07-18T17:16:57.958848,3,0.0,0,0,0,0.0,48.21
2026-07-18T17:16:59.960749,1,0.0,0,0,0,0.5,48.21
2026-07-18T17:16:59.962043,2,0.0,0,0,0,0.0,48.21
2026-07-18T17:16:59.962333,3,0.0,0,0,0,0.0,48.21
2026-07-18T17:16:59.962446,4,0.0,0,0,0,0.0,48.21
2026-07-18T17:17:01.960915,1,0.0,0,0,0,0.0,48.21
2026-07-18T17:17:01.961827,4,0.0,0,0,0,0.0,48.21
2026-07-18T17:17:01.962395,2,0.0,0,0,0,0.0,48.21
2026-07-18T17:17:01.962759,3,0.0,0,0,0,0.0,48.21
2026-07-18T17:17:03.964770,1,0.0,0,0,0,0.0,48.21
2026-07-18T17:17:03.964939,3,0.0,0,0,0,0.0,48.21
2026-07-18T17:17:03.965041,4,0.0,0,0,0,0.0,48.21
2026-07-18T17:17:03.965137,2,0.0,0,0,0,0.0,48.21
2026-07-18T17:17:05.966446,1,0.0,0,0,0,0.0,48.21
2026-07-18T17:17:05.967894,2,0.0,0,0,0,0.0,48.21
2026-07-18T17:17:05.968025,3,0.0,0,0,0,0.0,48.21
2026-07-18T17:17:05.968119,4,0.0,0,0,0,0.0,48.21
2026-07-18T17:17:07.971700,2,0.0,0,0,0,0.5,48.21
2026-07-18T17:17:07.971893,3,0.0,0,0,0,0.0,48.21
2026-07-18T17:17:07.971997,1,0.0,0,0,0,0.0,48.21
2026-07-18T17:17:07.972094,4,0.0,0,0,0,0.0,48.21
2026-07-18T17:17:09.971202,1,0.0,0,0,0,0.0,48.21
2026-07-18T17:17:09.973911,4,0.0,0,0,0,0.0,48.21
2026-07-18T17:17:09.974037,3,0.0,0,0,0,0.0,48.21
2026-07-18T17:17:09.974122,2,0.0,0,0,0,0.0,48.21
2026-07-18T17:17:11.974862,1,0.0,0,0,0,0.0,48.21
2026-07-18T17:17:11.976835,3,0.0,0,0,0,0.0,48.21
2026-07-18T17:17:11.976974,2,0.0,0,0,0,0.0,48.21
2026-07-18T17:17:11.977064,4,0.0,0,0,0,0.0,48.21
2026-07-18T17:17:13.976371,1,0.0,0,0,0,0.0,48.21
2026-07-18T17:17:13.977872,2,0.0,0,0,0,666.9,48.21
2026-07-18T17:17:13.978005,3,0.0,0,0,0,0.0,48.21
2026-07-18T17:17:13.978094,4,0.0,0,0,0,0.0,48.21
2026-07-18T17:17:15.980805,4,0.0,0,0,0,0.0,48.21
2026-07-18T17:17:15.981088,1,0.0,0,0,0,0.0,48.21
2026-07-18T17:17:15.982892,3,0.0,0,0,0,0.0,48.21
2026-07-18T17:17:15.983182,2,0.0,0,0,0,0.0,48.21
2026-07-18T17:17:17.984475,1,0.0,0,0,0,0.0,48.21
2026-07-18T17:17:17.988347,3,0.0,0,0,0,460.6,48.21
2026-07-18T17:17:17.989200,4,0.0,0,0,0,0.0,48.21
2026-07-18T17:17:17.989841,2,0.0,0,0,0,0.0,48.21
2026-07-18T17:17:19.990177,1,0.0,0,0,0,0.0,48.21
2026-07-18T17:17:19.997912,4,0.0,0,0,0,138.4,48.21
2026-07-18T17:17:19.998858,3,0.0,0,0,0,0.0,48.21
2026-07-18T17:17:19.999324,2,0.0,0,0,0,0.0,48.21
2026-07-18T17:17:21.993479,4,0.0,0,0,0,0.0,48.21
2026-07-18T17:17:21.994286,3,0.0,0,0,0,0.0,48.21
2026-07-18T17:17:21.995037,1,0.0,0,0,0,0.0,48.21
2026-07-18T17:17:21.995352,2,0.0,0,0,0,0.0,48.21
2026-07-18T17:17:23.994513,4,0.0,0,0,0,0.5,48.21
2026-07-18T17:17:23.995230,2,0.0,0,0,0,0.0,48.21
2026-07-18T17:17:23.995607,1,0.0,0,0,0,0.0,48.21
2026-07-18T17:17:23.996216,3,0.0,0,0,0,0.0,48.21
2026-07-18T17:17:25.996254,1,0.0,0,0,0,0.0,48.21
2026-07-18T17:17:26.001076,3,0.0,0,0,0,409.2,48.21
2026-07-18T17:17:26.001752,4,0.0,0,0,0,0.0,48.21
2026-07-18T17:17:26.002059,2,0.0,0,0,0,0.0,48.21
2026-07-18T17:17:27.997264,1,0.0,0,0,0,0.0,48.21
2026-07-18T17:17:28.000759,4,0.0,0,0,0,0.0,48.21
2026-07-18T17:17:28.001312,2,0.0,0,0,0,0.0,48.21
2026-07-18T17:17:28.002154,3,0.0,0,0,0,0.0,48.21
2026-07-18T17:17:30.002389,1,0.0,0,0,0,0.5,48.21
2026-07-18T17:17:30.003119,4,0.0,0,0,0,0.0,48.21
2026-07-18T17:17:30.005174,2,0.0,0,0,0,0.0,48.21
2026-07-18T17:17:30.006164,3,0.0,0,0,0,0.0,48.21
2026-07-18T17:17:32.004687,1,0.0,0,0,0,0.0,48.21
2026-07-18T17:17:32.009953,4,0.0,0,0,0,179.3,48.21
2026-07-18T17:17:32.010893,2,0.0,0,0,0,0.0,48.21
2026-07-18T17:17:32.011950,3,0.0,0,0,0,0.0,48.21
2026-07-18T17:17:34.010621,1,0.0,0,0,0,0.5,48.21
2026-07-18T17:17:34.013338,4,0.0,0,0,0,0.0,48.21
2026-07-18T17:17:34.014062,2,0.0,0,0,0,0.0,48.21
2026-07-18T17:17:34.014300,3,0.0,0,0,0,0.0,48.21
2026-07-18T17:17:36.010867,1,0.0,0,0,0,0.5,48.21
2026-07-18T17:17:36.014103,3,0.0,0,0,0,0.0,48.21
2026-07-18T17:17:36.014968,4,0.0,0,0,0,0.0,48.21
2026-07-18T17:17:36.015865,2,0.0,0,0,0,0.0,48.21
2026-07-18T17:17:38.016813,1,0.0,0,0,0,0.5,48.21
2026-07-18T17:17:38.020789,2,0.0,0,0,0,0.0,48.21
2026-07-18T17:17:38.021112,4,0.0,0,0,0,0.0,48.21
2026-07-18T17:17:38.021271,3,0.0,0,0,0,0.0,48.21
2026-07-18T17:17:40.016437,1,0.0,0,0,0,0.0,48.21
2026-07-18T17:17:40.016627,4,0.0,0,0,0,0.0,48.21
2026-07-18T17:17:40.017053,2,0.0,0,0,0,0.0,48.21
2026-07-18T17:17:40.017273,3,0.0,0,0,0,0.0,48.21
2026-07-18T17:17:42.021379,1,0.0,0,0,0,0.0,48.21
2026-07-18T17:17:42.026549,4,0.0,0,0,0,195.0,48.21
2026-07-18T17:17:42.027456,3,0.0,0,0,0,0.0,48.21
2026-07-18T17:17:42.028382,2,0.0,0,0,0,0.0,48.21
2026-07-18T17:17:44.030823,1,0.0,0,0,0,0.5,48.21
2026-07-18T17:17:44.035108,3,0.0,0,0,0,0.0,48.21
2026-07-18T17:17:44.035939,4,0.0,0,0,0,2016.0,48.21
2026-07-18T17:17:44.036792,2,0.0,0,0,0,0.0,48.21
2026-07-18T17:17:46.028291,1,0.0,0,0,0,0.0,48.21
2026-07-18T17:17:46.030290,2,0.0,0,0,0,0.0,48.21
2026-07-18T17:17:46.030558,4,0.0,0,0,0,0.0,48.21
2026-07-18T17:17:46.031512,3,0.0,0,0,0,0.0,48.21
2026-07-18T17:17:48.029294,4,0.0,0,0,0,0.5,48.21
2026-07-18T17:17:48.029560,1,0.0,0,0,0,0.0,48.21
2026-07-18T17:17:48.030282,3,0.0,0,0,0,0.0,48.21
2026-07-18T17:17:48.031459,2,0.0,0,0,0,0.0,48.21
2026-07-18T17:17:50.038036,4,0.0,0,0,0,0.0,48.21
2026-07-18T17:17:50.038930,1,0.0,0,0,0,0.0,48.21
2026-07-18T17:17:50.039456,3,0.0,0,0,0,0.0,48.21
2026-07-18T17:17:50.041282,2,0.0,0,0,0,562.7,48.21
2026-07-18T17:17:52.036041,1,0.0,0,0,0,0.0,48.21
2026-07-18T17:17:52.037460,4,0.0,0,0,0,0.0,48.21
2026-07-18T17:17:52.038249,2,0.0,0,0,0,0.0,48.21
2026-07-18T17:17:52.039081,3,0.0,0,0,0,0.0,48.21
2026-07-18T17:17:54.040508,1,0.0,0,0,0,0.5,48.21
2026-07-18T17:17:54.042595,2,0.0,0,0,0,0.0,48.21
2026-07-18T17:17:54.042847,3,0.0,0,0,0,0.0,48.21
2026-07-18T17:17:54.043397,4,0.0,0,0,0,0.0,48.21
2026-07-18T17:17:56.044045,4,0.0,0,0,0,0.0,48.21
2026-07-18T17:17:56.044468,1,0.0,0,0,0,0.0,48.21
2026-07-18T17:17:56.045910,2,0.0,0,0,0,0.0,48.21
2026-07-18T17:17:56.046497,3,0.0,0,0,0,0.0,48.21
2026-07-18T17:17:58.048298,1,0.0,0,0,0,1.0,48.21
2026-07-18T17:17:58.051650,3,0.0,0,0,0,0.0,48.21
2026-07-18T17:17:58.052109,2,0.0,0,0,0,0.0,48.21
2026-07-18T17:17:58.052321,4,0.0,0,0,0,0.0,48.21
2026-07-18T17:18:00.049060,1,0.0,0,0,0,0.5,48.21
2026-07-18T17:18:00.049730,4,0.0,0,0,0,0.0,48.21
2026-07-18T17:18:00.051119,2,0.0,0,0,0,0.0,48.21
2026-07-18T17:18:00.051609,3,0.0,0,0,0,0.0,48.21
2026-07-18T17:18:02.052499,4,0.0,0,0,0,0.0,48.21
2026-07-18T17:18:02.052936,1,0.0,0,0,0,0.0,48.21
2026-07-18T17:18:02.054478,3,0.0,0,0,0,0.0,48.21
2026-07-18T17:18:02.055088,2,0.0,0,0,0,0.0,48.21
2026-07-18T17:18:04.055295,1,0.0,0,0,0,0.5,48.21
2026-07-18T17:18:04.056186,4,0.0,0,0,0,0.0,48.21
2026-07-18T17:18:04.056987,3,0.0,0,0,0,0.0,48.21
2026-07-18T17:18:04.059026,2,0.0,0,0,0,0.0,48.21
2026-07-18T17:18:06.057956,1,0.0,0,0,0,0.0,48.21
2026-07-18T17:18:06.061913,4,0.0,0,0,0,243.9,48.21
2026-07-18T17:18:06.062200,3,0.0,0,0,0,0.0,48.21
2026-07-18T17:18:06.062834,2,0.0,0,0,0,0.0,48.21
2026-07-18T17:18:08.064200,2,0.0,0,0,0,0.5,48.21
2026-07-18T17:18:08.064884,3,0.0,0,0,0,0.0,48.21
2026-07-18T17:18:08.065210,4,0.0,0,0,0,0.0,48.21
2026-07-18T17:18:08.065387,1,0.0,0,0,0,0.0,48.21
2026-07-18T17:18:10.063855,1,0.0,0,0,0,0.0,48.21
2026-07-18T17:18:10.064219,3,0.0,0,0,0,958.6,48.21
2026-07-18T17:18:10.064388,2,0.0,0,0,0,0.0,48.21
2026-07-18T17:18:10.064522,4,0.0,0,0,0,0.0,48.21
2026-07-18T17:18:12.066283,1,0.0,0,0,0,0.0,48.21
2026-07-18T17:18:12.076009,2,0.0,0,0,0,0.0,48.21
2026-07-18T17:18:12.081058,3,0.0,0,0,0,183.3,48.21
2026-07-18T17:18:12.081579,4,0.0,0,0,0,0.0,48.21
2026-07-18T17:18:14.071945,1,0.0,0,0,0,0.0,48.21
2026-07-18T17:18:14.076361,3,0.0,0,0,0,0.0,48.21
2026-07-18T17:18:14.077986,4,0.0,0,0,0,905.6,48.21
2026-07-18T17:18:14.078588,2,0.0,0,0,0,0.0,48.21
2026-07-18T17:18:16.074837,1,0.0,0,0,0,0.0,48.21
2026-07-18T17:18:16.078107,3,0.0,0,0,0,0.0,48.21
2026-07-18T17:18:16.078362,2,0.0,0,0,0,0.0,48.21
2026-07-18T17:18:16.078544,4,0.0,0,0,0,0.0,48.21
2026-07-18T17:18:18.082207,4,0.0,0,0,0,1.0,48.21
2026-07-18T17:18:18.083207,2,0.0,0,0,0,0.0,48.21
2026-07-18T17:18:18.084024,3,0.0,0,0,0,0.0,48.21
2026-07-18T17:18:18.084307,1,0.0,0,0,0,0.0,48.21
2026-07-18T17:18:20.084020,4,0.0,0,0,0,0.5,48.21
2026-07-18T17:18:20.085022,2,0.0,0,0,0,0.0,48.21
2026-07-18T17:18:20.085895,1,0.0,0,0,0,0.0,48.21
2026-07-18T17:18:20.086213,3,0.0,0,0,0,0.0,48.21
2026-07-18T17:18:22.090916,1,0.0,0,0,0,0.0,48.21
2026-07-18T17:18:22.098088,2,0.0,0,0,0,148.1,48.21
2026-07-18T17:18:22.098487,4,0.0,0,0,0,0.0,48.21
2026-07-18T17:18:22.099045,3,0.0,0,0,0,0.0,48.21
2026-07-18T17:18:24.123737,1,0.0,0,0,0,0.0,48.21
2026-07-18T17:18:24.126951,3,0.0,0,0,0,0.0,48.21
2026-07-18T17:18:24.127242,2,0.0,0,0,0,0.0,48.21
2026-07-18T17:18:24.127423,4,0.0,0,0,0,0.0,48.21
2026-07-18T17:18:26.091308,1,0.0,0,0,0,0.5,48.21
2026-07-18T17:18:26.093625,2,0.0,0,0,0,0.0,48.21
2026-07-18T17:18:26.094621,3,0.0,0,0,0,0.0,48.21
2026-07-18T17:18:26.095175,4,0.0,0,0,0,0.0,48.21
2026-07-18T17:18:28.100390,1,0.0,0,0,0,0.5,48.21
2026-07-18T17:18:28.106023,2,0.0,0,0,0,156.5,48.21
2026-07-18T17:18:28.107604,4,0.0,0,0,0,0.0,48.21
2026-07-18T17:18:28.109210,3,0.0,0,0,0,0.0,48.21
2026-07-18T17:18:30.099410,1,0.0,0,0,0,0.5,48.21
2026-07-18T17:18:30.103687,4,0.0,0,0,0,0.0,48.21
2026-07-18T17:18:30.104192,2,0.0,0,0,0,0.0,48.21
2026-07-18T17:18:30.105520,3,0.0,0,0,0,0.0,48.21
2026-07-18T17:18:32.102048,4,0.0,0,0,0,0.5,48.21
2026-07-18T17:18:32.103037,1,0.0,0,0,0,0.0,48.21
2026-07-18T17:18:32.105076,2,0.0,0,0,0,0.0,48.21
2026-07-18T17:18:32.105983,3,0.0,0,0,0,0.0,48.21
2026-07-18T17:18:34.106190,1,0.0,0,0,0,0.5,48.21
2026-07-18T17:18:34.112873,4,0.0,0,0,0,0.0,48.21
2026-07-18T17:18:34.113239,2,0.0,0,0,0,0.0,48.21
2026-07-18T17:18:34.113848,3,0.0,0,0,0,0.0,48.21
2026-07-18T17:18:36.108296,1,0.0,0,0,0,1.0,48.21
2026-07-18T17:18:36.108716,4,0.0,0,0,0,0.0,48.21
2026-07-18T17:18:36.111269,2,0.0,0,0,0,0.0,48.21
2026-07-18T17:18:36.111589,3,0.0,0,0,0,0.0,48.21
2026-07-18T17:18:38.110276,1,0.0,0,0,0,0.0,48.21
2026-07-18T17:18:38.111603,4,0.0,0,0,0,0.0,48.21
2026-07-18T17:18:38.111776,2,0.0,0,0,0,0.0,48.21
2026-07-18T17:18:38.111909,3,0.0,0,0,0,0.0,48.21
2026-07-18T17:18:40.114051,1,0.0,0,0,0,0.5,48.21
2026-07-18T17:18:40.116294,4,0.0,0,0,0,0.0,48.21
2026-07-18T17:18:40.116835,3,0.0,0,0,0,0.0,48.21
2026-07-18T17:18:40.117090,2,0.0,0,0,0,0.0,48.21
2026-07-18T17:18:42.122343,1,0.0,0,0,0,0.5,48.21
2026-07-18T17:18:42.127049,4,0.0,0,0,0,0.0,48.21
2026-07-18T17:18:42.128208,2,0.0,0,0,0,0.0,48.21
2026-07-18T17:18:42.129424,3,0.0,0,0,0,0.0,48.21
2026-07-18T17:18:44.121322,1,0.0,0,0,0,0.0,48.21
2026-07-18T17:18:44.123075,4,0.0,0,0,0,540.9,48.21
2026-07-18T17:18:44.124510,2,0.0,0,0,0,0.0,48.21
2026-07-18T17:18:44.125015,3,0.0,0,0,0,0.0,48.21
2026-07-18T17:18:46.122998,1,0.0,0,0,0,0.5,48.21
2026-07-18T17:18:46.127181,4,0.0,0,0,0,0.0,48.21
2026-07-18T17:18:46.127450,2,0.0,0,0,0,0.0,48.21
2026-07-18T17:18:46.127613,3,0.0,0,0,0,0.0,48.21
2026-07-18T17:18:48.130231,1,0.0,0,0,0,0.5,48.21
2026-07-18T17:18:48.133134,2,0.0,0,0,0,0.0,48.21
2026-07-18T17:18:48.161647,4,0.0,0,0,0,0.0,48.21
2026-07-18T17:18:48.162017,3,0.0,0,0,0,0.0,48.21
2026-07-18T17:18:50.134500,4,0.0,0,0,0,0.5,48.21
2026-07-18T17:18:50.136294,1,0.0,0,0,0,0.0,48.21
2026-07-18T17:18:50.139040,3,0.0,0,0,0,0.0,48.21
2026-07-18T17:18:50.139886,2,0.0,0,0,0,0.0,48.21
2026-07-18T17:18:52.135672,1,0.0,0,0,0,0.5,48.21
2026-07-18T17:18:52.136704,3,0.0,0,0,0,968.7,48.21
2026-07-18T17:18:52.137013,4,0.0,0,0,0,0.0,48.21
2026-07-18T17:18:52.139155,2,0.0,0,0,0,0.0,48.21
2026-07-18T17:18:54.139539,2,0.0,0,0,0,0.0,48.21
2026-07-18T17:18:54.141754,4,0.0,0,0,0,575.5,48.21
2026-07-18T17:18:54.143901,1,0.0,0,0,0,0.0,48.21
2026-07-18T17:18:54.144275,3,0.0,0,0,0,0.0,48.21
2026-07-18T17:18:56.144051,3,0.0,0,0,0,0.0,48.21
2026-07-18T17:18:56.144396,1,0.0,0,0,0,1978.1,48.21
2026-07-18T17:18:56.145436,4,0.0,0,0,0,0.0,48.21
2026-07-18T17:18:56.148099,2,0.0,0,0,0,0.0,48.21
2026-07-18T17:18:58.147265,1,0.0,0,0,0,0.0,48.21
2026-07-18T17:18:58.147988,4,0.0,0,0,0,1289.9,48.21
2026-07-18T17:18:58.148654,3,0.0,0,0,0,0.0,48.21
2026-07-18T17:18:58.148993,2,0.0,0,0,0,0.0,48.21
2026-07-18T17:19:00.146253,1,0.0,0,0,0,0.5,48.21
2026-07-18T17:19:00.151304,4,0.0,0,0,0,0.0,48.21
2026-07-18T17:19:00.152753,2,0.0,0,0,0,0.0,48.21
2026-07-18T17:19:00.152981,3,0.0,0,0,0,0.0,48.21
2026-07-18T17:19:02.149393,1,0.0,0,0,0,0.5,48.21
2026-07-18T17:19:02.152302,4,0.0,0,0,0,0.0,48.21
2026-07-18T17:19:02.153075,2,0.0,0,0,0,0.0,48.21
2026-07-18T17:19:02.153366,3,0.0,0,0,0,0.0,48.21
2026-07-18T17:19:04.153211,1,0.0,0,0,0,0.0,48.21
2026-07-18T17:19:04.156001,3,0.0,0,0,0,292.0,48.21
2026-07-18T17:19:04.157341,2,0.0,0,0,0,0.0,48.21
2026-07-18T17:19:04.159033,4,0.0,0,0,0,0.0,48.21
2026-07-18T17:19:06.158461,1,0.0,0,0,0,0.0,48.21
2026-07-18T17:19:06.161547,4,0.0,0,0,0,326.4,48.21
2026-07-18T17:19:06.162480,3,0.0,0,0,0,1097.9,48.21
2026-07-18T17:19:06.163375,2,0.0,0,0,0,0.0,48.21
2026-07-18T17:19:08.167204,4,0.0,0,0,0,0.0,48.21
2026-07-18T17:19:08.168293,1,0.0,0,0,0,0.0,48.21
2026-07-18T17:19:08.172774,3,0.0,0,0,0,261.3,48.21
2026-07-18T17:19:08.173499,2,0.0,0,0,0,0.0,48.21
2026-07-18T17:19:10.164343,1,0.0,0,0,0,0.0,48.21
2026-07-18T17:19:10.168257,4,0.0,0,0,0,254.7,48.21
2026-07-18T17:19:10.169278,3,0.0,0,0,0,0.0,48.21
2026-07-18T17:19:10.169974,2,0.0,0,0,0,0.0,48.21
2026-07-18T17:19:12.173041,1,0.0,0,0,0,0.5,48.21
2026-07-18T17:19:12.176705,2,0.0,0,0,0,0.0,48.21
2026-07-18T17:19:12.177346,4,0.0,0,0,0,0.0,48.21
2026-07-18T17:19:12.178462,3,0.0,0,0,0,0.0,48.21
2026-07-18T17:19:14.173763,1,0.0,0,0,0,0.5,48.21
2026-07-18T17:19:14.176167,3,0.0,0,0,0,0.0,48.21
2026-07-18T17:19:14.176981,2,0.0,0,0,0,0.0,48.21
2026-07-18T17:19:14.177382,4,0.0,0,0,0,0.0,48.21
2026-07-18T17:19:16.176386,1,0.0,0,0,0,0.0,48.21
2026-07-18T17:19:16.178315,3,0.0,0,0,0,0.0,48.21
2026-07-18T17:19:16.179299,2,0.0,0,0,0,0.0,48.21
2026-07-18T17:19:16.179613,4,0.0,0,0,0,1962.4,48.21
2026-07-18T17:19:18.180499,1,0.0,0,0,0,0.5,48.21
2026-07-18T17:19:18.189252,3,0.0,0,0,0,0.0,48.21
2026-07-18T17:19:18.190497,4,0.0,0,0,0,0.0,48.21
2026-07-18T17:19:18.191426,2,0.0,0,0,0,0.0,48.21
2026-07-18T17:19:20.180880,1,0.0,0,0,0,0.5,48.21
2026-07-18T17:19:20.182379,3,0.0,0,0,0,0.0,48.21
2026-07-18T17:19:20.183480,4,0.0,0,0,0,0.0,48.21
2026-07-18T17:19:20.184775,2,0.0,0,0,0,0.0,48.21
2026-07-18T17:19:22.185318,1,0.0,0,0,0,0.0,48.21
2026-07-18T17:19:22.190645,2,0.0,0,0,0,243.3,48.21
2026-07-18T17:19:22.191773,3,0.0,0,0,0,0.0,48.21
2026-07-18T17:19:22.192173,4,0.0,0,0,0,0.0,48.21
2026-07-18T17:19:24.188001,1,0.0,0,0,0,0.0,48.21
2026-07-18T17:19:24.191366,4,0.0,0,0,0,281.7,48.21
2026-07-18T17:19:24.192372,3,0.0,0,0,0,0.0,48.21
2026-07-18T17:19:24.193319,2,0.0,0,0,0,0.0,48.21
2026-07-18T17:19:26.191151,1,0.0,0,0,0,0.0,48.21
2026-07-18T17:19:26.193242,2,0.0,0,0,0,460.2,48.21
2026-07-18T17:19:26.194060,4,0.0,0,0,0,0.0,48.21
2026-07-18T17:19:26.194907,3,0.0,0,0,0,0.0,48.21
2026-07-18T17:19:28.194787,1,0.0,0,0,0,0.5,48.21
2026-07-18T17:19:28.198195,4,0.0,0,0,0,0.0,48.21
2026-07-18T17:19:28.199060,3,0.0,0,0,0,0.0,48.21
2026-07-18T17:19:28.199942,2,0.0,0,0,0,2308.9,48.21
2026-07-18T17:19:30.199287,1,0.0,0,0,0,0.0,48.21
2026-07-18T17:19:30.200321,4,0.0,0,0,0,0.0,48.21
2026-07-18T17:19:30.201841,3,0.0,0,0,0,0.0,48.21
2026-07-18T17:19:30.204221,2,0.0,0,0,0,0.0,48.21
2026-07-18T17:19:32.199270,1,0.0,0,0,0,0.5,48.21
2026-07-18T17:19:32.199949,4,0.0,0,0,0,0.0,48.21
2026-07-18T17:19:32.202119,2,0.0,0,0,0,0.0,48.21
2026-07-18T17:19:32.203140,3,0.0,0,0,0,0.0,48.21
2026-07-18T17:19:34.205654,1,0.0,0,0,0,0.5,48.21
2026-07-18T17:19:34.209349,4,0.0,0,0,0,229.7,48.21
2026-07-18T17:19:34.210304,3,0.0,0,0,0,0.0,48.21
2026-07-18T17:19:34.211070,2,0.0,0,0,0,0.0,48.21
2026-07-18T17:19:36.208045,1,0.0,0,0,0,0.0,48.21
2026-07-18T17:19:36.215567,3,0.0,0,0,0,0.0,48.21
2026-07-18T17:19:36.216156,2,0.0,0,0,0,0.0,48.21
2026-07-18T17:19:36.217031,4,0.0,0,0,0,2005.6,48.21
2026-07-18T17:19:38.209212,1,0.0,0,0,0,0.0,48.21
2026-07-18T17:19:38.211160,3,0.0,0,0,0,0.0,48.21
2026-07-18T17:19:38.211837,2,0.0,0,0,0,0.0,48.21
2026-07-18T17:19:38.212115,4,0.0,0,0,0,0.0,48.21
2026-07-18T17:19:40.212239,1,0.0,0,0,0,0.0,48.21
2026-07-18T17:19:40.214979,4,0.0,0,0,0,0.0,48.21
2026-07-18T17:19:40.215855,2,0.0,0,0,0,1213.7,48.21
2026-07-18T17:19:40.216770,3,0.0,0,0,0,1075.7,48.21
2026-07-18T17:19:42.220595,1,0.0,0,0,0,0.0,48.21
2026-07-18T17:19:42.222298,4,0.0,0,0,0,0.0,48.21
2026-07-18T17:19:42.224125,3,0.0,0,0,0,0.0,48.21
2026-07-18T17:19:42.224908,2,0.0,0,0,0,0.0,48.21
2026-07-18T17:19:44.222499,1,0.0,0,0,0,0.5,48.21
2026-07-18T17:19:44.226301,3,0.0,0,0,0,0.0,48.21
2026-07-18T17:19:44.227238,2,0.0,0,0,0,561.4,48.21
2026-07-18T17:19:44.228182,4,0.0,0,0,0,0.0,48.21
2026-07-18T17:19:46.233414,1,0.0,0,0,0,0.0,48.21
2026-07-18T17:19:46.248106,4,0.0,0,0,0,69.5,48.21
2026-07-18T17:19:46.248598,3,0.0,0,0,0,0.0,48.21
2026-07-18T17:19:46.249864,2,0.0,0,0,0,806.5,48.21
2026-07-18T17:19:48.233079,1,0.0,0,0,0,0.5,48.21
2026-07-18T17:19:48.236019,3,0.0,0,0,0,0.0,48.21
2026-07-18T17:19:48.236377,2,0.0,0,0,0,0.0,48.21
2026-07-18T17:19:48.237172,4,0.0,0,0,0,0.0,48.21
2026-07-18T17:19:50.240088,1,0.0,0,0,0,0.5,48.21
2026-07-18T17:19:50.240508,4,0.0,0,0,0,0.0,48.21
2026-07-18T17:19:50.241354,3,0.0,0,0,0,0.0,48.21
2026-07-18T17:19:50.242159,2,0.0,0,0,0,0.0,48.21
2026-07-18T17:19:52.242775,4,0.0,0,0,0,0.0,48.21
2026-07-18T17:19:52.243175,2,0.0,0,0,0,1180.3,48.21
2026-07-18T17:19:52.243839,1,0.0,0,0,0,0.0,48.21
2026-07-18T17:19:52.244153,3,0.0,0,0,0,0.0,48.21
2026-07-18T17:19:54.243136,1,0.0,0,0,0,0.0,48.21
2026-07-18T17:19:54.246082,2,0.0,0,0,0,0.0,48.21
2026-07-18T17:19:54.247038,3,0.0,0,0,0,0.0,48.21
2026-07-18T17:19:54.247335,4,0.0,0,0,0,0.0,48.21
2026-07-18T17:19:56.245464,4,0.0,0,0,0,0.5,48.21
2026-07-18T17:19:56.246236,1,0.0,0,0,0,0.0,48.21
2026-07-18T17:19:56.248084,2,0.0,0,0,0,0.0,48.21
2026-07-18T17:19:56.248345,3,0.0,0,0,0,0.0,48.21
2026-07-18T17:19:58.246946,1,0.0,0,0,0,0.5,48.21
2026-07-18T17:19:58.251170,2,0.0,0,0,0,210.9,48.21
2026-07-18T17:19:58.251786,4,0.0,0,0,0,0.0,48.21
2026-07-18T17:19:58.252144,3,0.0,0,0,0,0.0,48.21
2026-07-18T17:20:00.252269,1,0.0,0,0,0,0.0,48.21
2026-07-18T17:20:00.260173,4,0.0,0,0,0,0.0,48.21
2026-07-18T17:20:00.261092,3,0.0,0,0,0,1089.0,48.21
2026-07-18T17:20:00.261983,2,0.0,0,0,0,0.0,48.21
2026-07-18T17:20:02.254523,1,0.0,0,0,0,0.0,48.21
2026-07-18T17:20:02.260029,2,0.0,0,0,0,0.0,48.21
2026-07-18T17:20:02.260402,4,0.0,0,0,0,1192.2,48.21
2026-07-18T17:20:02.261304,3,0.0,0,0,0,0.0,48.21
2026-07-18T17:20:04.361725,1,0.0,0,0,0,6.7,48.21
2026-07-18T17:20:04.362000,4,0.0,0,0,0,0.0,48.21
2026-07-18T17:20:04.385313,3,0.0,0,0,0,44.2,48.21
2026-07-18T17:20:04.386966,2,0.0,0,0,0,0.0,48.21
2026-07-18T17:20:06.369234,1,0.0,0,0,0,0.0,48.21
2026-07-18T17:20:06.382232,4,0.0,0,0,0,76.5,48.21
2026-07-18T17:20:06.383129,3,0.0,0,0,0,1716.0,48.21
2026-07-18T17:20:06.384076,2,0.0,0,0,0,0.0,48.21
2026-07-18T17:20:08.369952,1,0.0,0,0,0,0.5,48.21
2026-07-18T17:20:08.375567,4,0.0,0,0,0,0.0,48.21
2026-07-18T17:20:08.376071,2,0.0,0,0,0,0.0,48.21
2026-07-18T17:20:08.376767,3,0.0,0,0,0,0.0,48.21
2026-07-18T17:20:10.372498,1,0.0,0,0,0,0.5,48.21
2026-07-18T17:20:10.389314,3,0.0,0,0,0,0.0,48.21
2026-07-18T17:20:10.393456,2,0.0,0,0,0,0.0,48.21
2026-07-18T17:20:10.395030,4,0.0,0,0,0,518.1,48.21
2026-07-18T17:20:12.381373,2,0.0,0,0,0,0.5,48.21
2026-07-18T17:20:12.383258,4,0.0,0,0,0,0.0,48.21
2026-07-18T17:20:12.384666,1,0.0,0,0,0,0.0,48.21
2026-07-18T17:20:12.385069,3,0.0,0,0,0,0.0,48.21
2026-07-18T17:20:14.386226,4,0.0,0,0,0,0.0,48.21
2026-07-18T17:20:14.388560,1,0.0,0,0,0,327.4,48.21
2026-07-18T17:20:14.407307,2,0.0,0,0,0,0.0,48.21
2026-07-18T17:20:14.415210,3,0.0,0,0,0,128.7,48.21
2026-07-18T17:20:16.380247,1,0.0,0,0,0,0.0,48.21
2026-07-18T17:20:16.380671,4,0.0,0,0,0,0.0,48.21
2026-07-18T17:20:16.385339,2,0.0,0,0,0,221.1,48.21
2026-07-18T17:20:16.386425,3,0.0,0,0,0,0.0,48.21
2026-07-18T17:20:18.387309,1,0.0,0,0,0,0.0,48.21
2026-07-18T17:20:18.388110,3,0.0,0,0,0,1165.8,48.21
2026-07-18T17:20:18.388347,2,0.0,0,0,0,0.0,48.21
2026-07-18T17:20:18.388477,4,0.0,0,0,0,0.0,48.21
2026-07-18T17:20:22.491571,4,0.0,0,0,0,25.2,48.21
2026-07-18T17:20:22.495437,3,0.0,0,0,0,0.0,48.21
2026-07-18T17:20:24.077035,3,0.0,0,0,0,37.4,48.21
2026-07-18T17:20:26.080323,3,0.0,0,0,0,40.4,48.21
2026-07-18T17:20:28.237066,3,0.0,0,0,0,49.1,48.21
2026-07-18T17:20:30.216185,3,0.0,0,0,0,69.8,48.21
2026-07-18T17:20:33.114023,3,0.0,0,0,0,58.0,48.21
2026-07-18T17:20:34.942474,3,0.0,0,0,0,60.2,48.21
2026-07-18T17:20:36.788460,3,0.0,0,0,0,63.9,48.21
2026-07-18T17:20:39.035614,3,0.0,0,0,0,72.1,48.21
2026-07-18T17:20:41.578084,3,0.0,0,0,0,58.6,48.21
2026-07-18T17:20:43.511191,3,0.0,0,0,0,64.1,48.21
2026-07-18T17:20:45.436141,3,0.0,0,0,0,79.0,48.21
2026-07-18T17:20:47.701736,3,0.0,0,0,0,64.5,48.21
2026-07-18T17:20:49.568960,3,0.0,0,0,0,68.5,48.21
2026-07-18T17:20:51.543024,3,0.0,0,0,0,66.4,48.21
2026-07-18T17:20:53.900546,3,0.0,0,0,0,68.7,48.21
2026-07-18T17:20:55.876369,3,0.0,0,0,0,63.3,48.21
2026-07-18T17:20:57.784193,3,0.0,0,0,0,65.0,48.21
2026-07-18T17:20:59.939380,3,0.0,0,0,0,62.2,48.21
2026-07-18T17:21:02.042405,3,0.0,0,0,0,62.3,48.21
2026-07-18T17:21:04.287698,3,0.0,0,0,0,61.0,48.21
2026-07-18T17:22:31.007570,3,0.0,0,0,0,55.6,48.21
2026-07-18T17:22:32.574271,3,0.0,0,0,0,69.6,48.21
2026-07-18T17:22:33.422185,3,0.0,0,0,0,94.4,48.21
2026-07-18T17:22:34.392273,3,0.0,0,0,0,96.8,48.21
2026-07-18T17:22:35.748232,3,0.0,0,0,0,88.6,48.21
2026-07-18T17:22:36.965775,3,0.0,0,0,0,80.5,48.21
2026-07-18T17:22:38.705297,3,0.0,0,0,0,82.8,48.21
2026-07-18T17:22:39.927864,3,0.0,0,0,0,81.8,48.21
2026-07-18T17:22:41.134407,3,0.0,0,0,0,82.1,48.21
2026-07-18T17:22:42.662211,3,0.0,0,0,0,80.5,48.21
2026-07-18T17:22:43.983182,3,0.0,0,0,0,81.8,48.21
2026-07-18T17:22:45.750894,3,0.0,0,0,0,81.4,48.21
2026-07-18T17:22:47.053221,3,0.0,0,0,0,81.4,48.21
2026-07-18T17:22:48.085240,3,0.0,0,0,0,82.4,48.21
2026-07-18T17:22:49.415951,3,0.0,0,0,0,83.6,48.21
2026-07-18T17:22:50.492429,3,0.0,0,0,0,84.3,48.21
2026-07-18T17:22:52.411560,3,0.0,0,0,0,80.8,48.21
2026-07-18T17:22:53.781512,3,0.0,0,0,0,83.2,48.21
2026-07-18T17:22:55.992124,3,0.0,0,0,0,75.5,48.21
2026-07-18T17:22:58.174997,3,0.0,0,0,0,71.0,48.21
2026-07-18T17:23:00.796587,3,0.0,0,0,0,30.5,48.21
2026-07-18T17:23:01.386253,3,0.0,0,0,0,37.8,48.21
2026-07-18T17:23:01.393457,3,0.0,0,0,0,138.4,48.21
2026-07-18T17:23:01.401693,3,0.0,0,0,0,0.0,48.21
2026-07-18T17:23:01.414960,3,0.0,0,0,0,151.7,48.21
2026-07-18T17:23:01.421041,3,0.0,0,0,0,0.0,48.21
2026-07-18T17:23:01.436116,3,0.0,0,0,0,132.8,48.21
2026-07-18T17:23:01.442071,3,0.0,0,0,0,168.5,48.21
2026-07-18T17:23:01.449790,3,0.0,0,0,0,129.5,48.21
2026-07-18T17:23:01.469272,3,0.0,0,0,0,51.2,48.21
2026-07-18T17:23:01.478441,3,0.0,0,0,0,109.7,48.21
2026-07-18T17:23:01.497715,3,0.0,0,0,0,103.7,48.21
2026-07-18T17:23:01.504207,3,0.0,0,0,0,0.0,48.21
2026-07-18T17:23:01.509999,3,0.0,0,0,0,343.4,48.21
2026-07-18T17:23:01.620946,3,0.0,0,0,0,27.0,48.21
2026-07-18T17:23:01.678286,3,0.0,0,0,0,52.8,48.21
2026-07-18T17:23:01.773156,3,0.0,0,0,0,41.9,48.21
2026-07-18T17:23:01.936729,3,0.0,0,0,0,6.1,48.21
2026-07-18T17:23:01.971934,3,0.0,0,0,0,57.6,48.21
2026-07-18T17:23:01.984231,3,0.0,0,0,0,78.0,48.21
2026-07-18T17:23:01.998782,3,0.0,0,0,0,143.3,48.21
2026-07-18T17:23:02.017145,3,0.0,0,0,0,106.3,48.21
2026-07-18T17:23:02.042586,3,0.0,0,0,0,39.4,48.21
2026-07-18T17:23:02.051845,3,0.0,0,0,0,105.0,48.21
2026-07-18T17:23:02.080137,3,0.0,0,0,0,35.4,48.21
2026-07-18T17:23:02.096320,3,0.0,0,0,0,0.0,48.21
2026-07-18T17:23:02.107553,3,0.0,0,0,0,84.3,48.21
2026-07-18T17:23:02.111065,3,0.0,0,0,0,0.0,48.21
2026-07-18T17:23:02.116911,3,0.0,0,0,0,169.4,48.21
2026-07-18T17:23:02.135080,3,0.0,0,0,0,54.9,48.21
2026-07-18T17:23:02.139142,3,0.0,0,0,0,263.3,48.21
2026-07-18T17:23:02.164032,3,0.0,0,0,0,85.9,48.21
2026-07-18T17:23:02.343184,3,0.0,0,0,0,11.0,48.21
2026-07-18T17:23:02.371555,3,0.0,0,0,0,35.5,48.21
2026-07-18T17:23:03.344301,3,0.0,0,0,0,41.2,48.21
2026-07-18T17:23:04.944881,3,0.0,0,0,0,74.9,48.21
2026-07-18T17:23:07.038161,3,0.0,0,0,0,98.4,48.21
2026-07-18T17:23:09.175967,3,0.0,0,0,0,99.2,48.21
2026-07-18T17:23:11.119515,3,0.0,0,0,0,99.3,48.21
2026-07-18T17:23:13.144967,3,0.0,0,0,0,99.2,48.21
2026-07-18T17:23:15.329051,3,0.0,0,0,0,99.3,48.21
2026-07-18T17:23:17.155618,3,0.0,0,0,0,99.6,48.21
2026-07-18T17:23:19.313104,3,0.0,0,0,0,97.8,48.21
2026-07-18T17:23:21.175994,3,0.0,0,0,0,96.6,48.21
2026-07-18T17:23:23.271993,3,0.0,0,0,0,90.6,48.21
2026-07-18T17:23:25.643403,3,0.0,0,0,0,82.7,48.21
2026-07-18T17:23:27.544766,3,0.0,0,0,0,60.5,48.21
2026-07-18T17:23:29.452124,3,0.0,0,0,0,79.7,48.21
2026-07-18T17:23:31.702340,3,0.0,0,0,0,83.5,48.21
2026-07-18T17:23:33.538022,3,0.0,0,0,0,91.0,48.21
2026-07-18T17:23:33.835589,4,0.0,0,0,0,90.7,48.21
2026-07-18T17:23:35.742089,3,0.0,0,0,0,90.2,48.21
2026-07-18T17:23:37.809691,3,0.0,0,0,0,62.9,48.21
2026-07-18T17:23:40.137393,3,0.0,0,0,0,52.4,48.21
2026-07-18T17:23:42.274219,3,0.0,0,0,0,54.3,48.21
2026-07-18T17:23:44.680976,3,0.0,0,0,0,50.3,48.21
2026-07-18T17:23:46.423566,3,0.0,0,0,0,55.7,48.21
2026-07-18T17:23:48.413417,3,0.0,0,0,0,52.3,48.21
2026-07-18T17:23:51.282001,3,0.0,0,0,0,51.6,48.21
2026-07-18T17:23:52.762428,3,0.0,0,0,0,52.0,48.21
2026-07-18T17:23:54.882134,3,0.0,0,0,0,52.4,48.21
2026-07-18T17:23:57.135988,3,0.0,0,0,0,47.0,48.21
2026-07-18T17:23:59.195997,3,0.0,0,0,0,48.5,48.21
2026-07-18T17:24:01.494419,3,0.0,0,0,0,48.7,48.21
2026-07-18T17:24:03.463813,3,0.0,0,0,0,45.2,48.21
2026-07-18T17:24:06.218897,3,0.0,0,0,0,45.4,48.21
2026-07-18T17:24:08.055289,3,0.0,0,0,0,42.5,48.21
2026-07-18T17:24:09.970208,3,0.0,0,0,0,53.3,48.21
2026-07-18T17:24:12.003199,3,0.0,0,0,0,55.6,48.21
2026-07-18T17:24:14.151821,3,0.0,0,0,0,43.8,48.21
2026-07-18T17:24:16.214482,3,0.0,0,0,0,43.6,48.21
2026-07-18T17:24:16.974372,1,0.0,0,0,0,48.7,48.21
2026-07-18T17:24:18.118939,3,0.0,0,0,0,48.9,48.21
2026-07-18T17:24:20.331454,3,0.0,0,0,0,53.3,48.21
2026-07-18T17:24:22.257515,3,0.0,0,0,0,54.0,48.21
2026-07-18T17:24:24.395152,3,0.0,0,0,0,53.4,48.21
2026-07-18T17:24:26.556191,3,0.0,0,0,0,50.4,48.21
2026-07-18T17:24:28.643953,3,0.0,0,0,0,50.8,48.21
2026-07-18T17:24:31.006305,3,0.0,0,0,0,52.1,48.21
2026-07-18T17:24:33.129053,3,0.0,0,0,0,50.0,48.21
2026-07-18T17:24:35.645251,3,0.0,0,0,0,41.7,48.21
2026-07-18T17:24:37.157427,3,0.0,0,0,0,50.2,48.21
2026-07-18T17:24:39.679052,3,0.0,0,0,0,59.1,48.21
2026-07-18T17:24:41.403322,3,0.0,0,0,0,49.3,48.21
2026-07-18T17:24:43.709051,3,0.0,0,0,0,48.6,48.21
2026-07-18T17:24:45.815396,3,0.0,0,0,0,42.3,48.21
2026-07-18T17:24:48.171794,3,0.0,0,0,0,36.5,48.21
2026-07-18T17:24:50.040352,3,0.0,0,0,0,51.3,48.21
2026-07-18T17:24:51.919231,3,0.0,0,0,0,46.8,48.21
2026-07-18T17:24:54.172864,3,0.0,0,0,0,44.4,48.21
2026-07-18T17:24:57.239666,3,0.0,0,0,0,29.0,48.21
2026-07-18T17:24:59.036258,3,0.0,0,0,0,35.0,48.21
2026-07-18T17:25:00.525783,3,0.0,0,0,0,49.6,48.21
2026-07-18T17:25:03.532808,3,0.0,0,0,0,40.6,48.21
2026-07-18T17:25:05.455836,3,0.0,0,0,0,41.6,48.21
2026-07-18T17:25:07.007157,3,0.0,0,0,0,49.0,48.21
2026-07-18T17:25:09.249570,3,0.0,0,0,0,49.9,48.21
2026-07-18T17:25:11.133864,3,0.0,0,0,0,55.8,48.21
2026-07-18T17:25:13.690593,3,0.0,0,0,0,37.1,48.21
2026-07-18T17:25:15.796145,3,0.0,0,0,0,39.0,48.21
2026-07-18T17:25:17.875997,3,0.0,0,0,0,48.6,48.21
2026-07-18T17:25:19.947958,3,0.0,0,0,0,56.0,48.21
2026-07-18T17:25:22.080146,3,0.0,0,0,0,51.1,48.21
2026-07-18T17:25:24.202788,3,0.0,0,0,0,53.2,48.21
2026-07-18T17:25:26.826908,3,0.0,0,0,0,45.3,48.21
2026-07-18T17:25:28.117062,3,0.0,0,0,0,49.6,48.21
2026-07-18T17:25:30.911339,3,0.0,0,0,0,58.0,48.21
2026-07-18T17:25:32.994487,3,0.0,0,0,0,49.9,48.21
2026-07-18T17:25:35.206683,3,0.0,0,0,0,52.0,48.21
2026-07-18T17:25:37.097047,3,0.0,0,0,0,43.9,48.21
2026-07-18T17:25:38.777233,3,0.0,0,0,0,51.2,48.21
2026-07-18T17:25:40.982093,3,0.0,0,0,0,57.6,48.21
2026-07-18T17:25:42.936169,3,0.0,0,0,0,54.3,48.21
2026-07-18T17:25:45.626073,3,0.0,0,0,0,50.9,48.21
2026-07-18T17:25:47.458137,3,0.0,0,0,0,54.0,48.21
2026-07-18T17:25:49.619147,3,0.0,0,0,0,49.0,48.21
2026-07-18T17:25:51.609388,3,0.0,0,0,0,50.8,48.21
2026-07-18T17:25:53.656914,3,0.0,0,0,0,51.8,48.21
2026-07-18T17:25:55.628817,3,0.0,0,0,0,62.9,48.21
2026-07-18T17:25:57.671124,3,0.0,0,0,0,61.7,48.21
2026-07-18T17:25:58.265006,4,0.0,0,0,0,53.8,48.21
2026-07-18T17:25:58.267831,4,0.0,0,0,0,0.0,48.21
2026-07-18T17:25:58.305789,4,0.0,0,0,0,51.0,48.21
2026-07-18T17:25:58.309165,4,0.0,0,0,0,306.4,48.21
2026-07-18T17:25:58.311957,4,0.0,0,0,0,0.0,48.21
2026-07-18T17:25:58.313854,4,0.0,0,0,0,0.0,48.21
2026-07-18T17:25:58.315391,4,0.0,0,0,0,539.2,48.21
2026-07-18T17:25:58.320395,4,0.0,0,0,0,0.0,48.21
2026-07-18T17:25:58.366098,4,0.0,0,0,0,69.3,48.21
2026-07-18T17:25:58.384155,4,0.0,0,0,0,0.0,48.21
2026-07-18T17:25:58.408597,4,0.0,0,0,0,82.5,48.21
2026-07-18T17:25:58.504908,4,0.0,0,0,0,62.2,48.21
2026-07-18T17:25:58.512943,4,0.0,0,0,0,124.7,48.21
2026-07-18T17:25:58.576423,4,0.0,0,0,0,62.8,48.21
2026-07-18T17:25:58.590446,4,0.0,0,0,0,76.3,48.21
2026-07-18T17:25:58.608766,4,0.0,0,0,0,107.0,48.21
2026-07-18T17:25:58.662346,4,0.0,0,0,0,92.5,48.21
2026-07-18T17:25:58.669211,4,0.0,0,0,0,144.4,48.21
2026-07-18T17:25:58.718290,4,0.0,0,0,0,62.1,48.21
2026-07-18T17:25:58.729574,4,0.0,0,0,0,0.0,48.21
2026-07-18T17:25:58.739842,4,0.0,0,0,0,97.0,48.21
2026-07-18T17:25:58.803299,4,0.0,0,0,0,32.5,48.21
2026-07-18T17:25:58.812895,1,0.0,0,0,0,92.6,48.21
2026-07-18T17:25:58.815331,1,0.0,0,0,0,0.0,48.21
2026-07-18T17:25:58.816484,4,0.0,0,0,0,0.0,48.21
2026-07-18T17:25:58.818283,1,0.0,0,0,0,0.0,48.21
2026-07-18T17:25:58.821204,1,0.0,0,0,0,314.1,48.21
2026-07-18T17:25:58.823544,1,0.0,0,0,0,513.4,48.21
2026-07-18T17:25:58.825487,4,0.0,0,0,0,0.0,48.21
2026-07-18T17:25:58.826495,1,0.0,0,0,0,0.0,48.21
2026-07-18T17:25:58.830036,1,0.0,0,0,0,0.0,48.21
2026-07-18T17:25:58.834071,1,0.0,0,0,0,0.0,48.21
2026-07-18T17:25:58.836355,4,0.0,0,0,0,428.9,48.21
2026-07-18T17:25:58.836769,1,0.0,0,0,0,0.0,48.21
2026-07-18T17:25:58.840033,1,0.0,0,0,0,0.0,48.21
2026-07-18T17:25:58.845258,1,0.0,0,0,0,0.0,48.21
2026-07-18T17:25:58.849969,4,0.0,0,0,0,196.3,48.21
2026-07-18T17:25:58.850823,1,0.0,0,0,0,0.0,48.21
2026-07-18T17:25:58.854136,1,0.0,0,0,0,0.0,48.21
2026-07-18T17:25:58.857090,1,0.0,0,0,0,0.0,48.21
2026-07-18T17:25:58.861368,4,0.0,0,0,0,254.2,48.21
2026-07-18T17:25:58.862671,1,0.0,0,0,0,0.0,48.21
2026-07-18T17:25:58.912276,1,0.0,0,0,0,100.3,48.21
2026-07-18T17:25:58.915361,1,0.0,0,0,0,0.0,48.21
2026-07-18T17:25:58.916887,1,0.0,0,0,0,0.0,48.21
2026-07-18T17:25:58.918940,4,0.0,0,0,0,0.0,48.21
2026-07-18T17:25:58.919184,1,0.0,0,0,0,0.0,48.21
2026-07-18T17:25:58.920747,1,0.0,0,0,0,0.0,48.21
2026-07-18T17:25:58.922663,1,0.0,0,0,0,0.0,48.21
2026-07-18T17:25:58.925289,4,0.0,0,0,0,0.0,48.21
2026-07-18T17:25:58.926094,1,0.0,0,0,0,705.8,48.21
2026-07-18T17:25:58.929072,1,0.0,0,0,0,0.0,48.21
2026-07-18T17:25:58.930231,1,0.0,0,0,0,0.0,48.21
2026-07-18T17:25:58.930906,4,0.0,0,0,0,0.0,48.21
2026-07-18T17:25:58.931142,1,0.0,0,0,0,0.0,48.21
2026-07-18T17:25:58.932159,1,0.0,0,0,0,0.0,48.21
2026-07-18T17:25:58.933195,1,0.0,0,0,0,0.0,48.21
2026-07-18T17:25:58.933404,4,0.0,0,0,0,0.0,48.21
2026-07-18T17:25:58.933948,1,0.0,0,0,0,0.0,48.21
2026-07-18T17:25:58.934798,1,0.0,0,0,0,0.0,48.21
2026-07-18T17:25:58.936480,1,0.0,0,0,0,0.0,48.21
2026-07-18T17:25:58.936791,4,0.0,0,0,0,0.0,48.21
2026-07-18T17:25:58.937039,1,0.0,0,0,0,0.0,48.21
2026-07-18T17:25:58.938814,1,0.0,0,0,0,815.4,48.21
2026-07-18T17:25:58.939944,1,0.0,0,0,0,0.0,48.21
2026-07-18T17:25:58.940271,4,0.0,0,0,0,0.0,48.21
2026-07-18T17:25:58.940618,1,0.0,0,0,0,0.0,48.21
2026-07-18T17:25:58.944180,1,0.0,0,0,0,0.0,48.21
2026-07-18T17:25:58.946160,1,0.0,0,0,0,325.6,48.21
2026-07-18T17:25:58.947050,4,0.0,0,0,0,0.0,48.21
2026-07-18T17:25:58.947799,1,0.0,0,0,0,0.0,48.21
2026-07-18T17:25:58.949118,1,0.0,0,0,0,0.0,48.21
2026-07-18T17:25:58.982922,1,0.0,0,0,0,29.7,48.21
2026-07-18T17:25:58.983127,4,0.0,0,0,0,0.0,48.21
2026-07-18T17:25:58.983260,1,0.0,0,0,0,6942.4,48.21
2026-07-18T17:25:58.984094,1,0.0,0,0,0,0.0,48.21
2026-07-18T17:25:58.984703,1,0.0,0,0,0,0.0,48.21
2026-07-18T17:25:58.985239,1,0.0,0,0,0,0.0,48.21
2026-07-18T17:25:58.985389,4,0.0,0,0,0,0.0,48.21
2026-07-18T17:25:58.985930,1,0.0,0,0,0,0.0,48.21
2026-07-18T17:25:58.986358,1,0.0,0,0,0,0.0,48.21
2026-07-18T17:25:58.987150,4,0.0,0,0,0,0.0,48.21
2026-07-18T17:25:58.987746,1,0.0,0,0,0,0.0,48.21
2026-07-18T17:25:58.988224,1,0.0,0,0,0,0.0,48.21
2026-07-18T17:25:58.988870,1,0.0,0,0,0,0.0,48.21
2026-07-18T17:25:58.989266,1,0.0,0,0,0,0.0,48.21
2026-07-18T17:25:58.989421,4,0.0,0,0,0,0.0,48.21
2026-07-18T17:25:58.989561,1,0.0,0,0,0,0.0,48.21
2026-07-18T17:25:58.990960,1,0.0,0,0,0,0.0,48.21
2026-07-18T17:25:58.992335,1,0.0,0,0,0,0.0,48.21
2026-07-18T17:25:58.992889,4,0.0,0,0,0,0.0,48.21
2026-07-18T17:25:58.993311,1,0.0,0,0,0,0.0,48.21
2026-07-18T17:25:58.994991,1,0.0,0,0,0,799.7,48.21
2026-07-18T17:25:58.997026,1,0.0,0,0,0,0.0,48.21
2026-07-18T17:25:58.997790,4,0.0,0,0,0,0.0,48.21
2026-07-18T17:25:58.998089,1,0.0,0,0,0,0.0,48.21
2026-07-18T17:25:58.999873,1,0.0,0,0,0,0.0,48.21
2026-07-18T17:25:59.001082,1,0.0,0,0,0,0.0,48.21
2026-07-18T17:25:59.001738,4,0.0,0,0,0,0.0,48.21
2026-07-18T17:25:59.001923,1,0.0,0,0,0,0.0,48.21
2026-07-18T17:25:59.002895,1,0.0,0,0,0,0.0,48.21
2026-07-18T17:25:59.003359,1,0.0,0,0,0,0.0,48.21
2026-07-18T17:25:59.003594,4,0.0,0,0,0,0.0,48.21
2026-07-18T17:25:59.004120,1,0.0,0,0,0,0.0,48.21
2026-07-18T17:25:59.045186,1,0.0,0,0,0,97.4,48.21
2026-07-18T17:25:59.046258,1,0.0,0,0,0,0.0,48.21
2026-07-18T17:25:59.046448,4,0.0,0,0,0,0.0,48.21
2026-07-18T17:25:59.046995,1,0.0,0,0,0,0.0,48.21
2026-07-18T17:25:59.047572,1,0.0,0,0,0,0.0,48.21
2026-07-18T17:25:59.049152,1,0.0,0,0,0,0.0,48.21
2026-07-18T17:25:59.049398,4,0.0,0,0,0,0.0,48.21
2026-07-18T17:25:59.049641,1,0.0,0,0,0,0.0,48.21
2026-07-18T17:25:59.050854,1,0.0,0,0,0,0.0,48.21
2026-07-18T17:25:59.051591,1,0.0,0,0,0,0.0,48.21
2026-07-18T17:25:59.051855,4,0.0,0,0,0,0.0,48.21
2026-07-18T17:25:59.052004,1,0.0,0,0,0,0.0,48.21
2026-07-18T17:25:59.052976,1,0.0,0,0,0,0.0,48.21
2026-07-18T17:25:59.053894,1,0.0,0,0,0,0.0,48.21
2026-07-18T17:25:59.054069,4,0.0,0,0,0,4427.4,48.21
2026-07-18T17:25:59.054613,1,0.0,0,0,0,0.0,48.21
2026-07-18T17:25:59.056523,4,0.0,0,0,0,0.0,48.21
2026-07-18T17:25:59.058487,4,0.0,0,0,0,0.0,48.21
2026-07-18T17:25:59.061013,4,0.0,0,0,0,0.0,48.21
2026-07-18T17:25:59.127922,4,0.0,0,0,0,59.9,48.21
2026-07-18T17:25:59.134000,4,0.0,0,0,0,0.0,48.21
2026-07-18T17:25:59.138048,4,0.0,0,0,0,227.9,48.21
2026-07-18T17:25:59.143027,4,0.0,0,0,0,0.0,48.21
2026-07-18T17:25:59.150225,4,0.0,0,0,0,0.0,48.21
2026-07-18T17:25:59.199356,4,0.0,0,0,0,40.6,48.21
2026-07-18T17:25:59.201145,4,0.0,0,0,0,0.0,48.21
2026-07-18T17:25:59.209344,4,0.0,0,0,0,125.5,48.21
2026-07-18T17:25:59.217136,4,0.0,0,0,0,125.5,48.21
2026-07-18T17:25:59.229217,4,0.0,0,0,0,0.0,48.21
2026-07-18T17:25:59.303301,4,0.0,0,0,0,54.5,48.21
2026-07-18T17:25:59.312030,4,0.0,0,0,0,0.0,48.21
2026-07-18T17:25:59.318109,4,0.0,0,0,0,146.1,48.21
2026-07-18T17:25:59.325228,4,0.0,0,0,0,160.9,48.21
2026-07-18T17:25:59.338004,4,0.0,0,0,0,76.8,48.21
2026-07-18T17:25:59.366274,1,0.0,0,0,0,71.3,48.21
2026-07-18T17:25:59.372043,4,0.0,0,0,0,0.0,48.21
2026-07-18T17:25:59.380480,1,0.0,0,0,0,0.0,48.21
2026-07-18T17:25:59.393159,1,0.0,0,0,0,110.6,48.21
2026-07-18T17:25:59.403661,1,0.0,0,0,0,0.0,48.21
2026-07-18T17:25:59.404276,4,0.0,0,0,0,0.0,48.21
2026-07-18T17:25:59.468611,1,0.0,0,0,0,77.7,48.21
2026-07-18T17:25:59.475233,1,0.0,0,0,0,0.0,48.21
2026-07-18T17:25:59.484928,1,0.0,0,0,0,80.9,48.21
2026-07-18T17:25:59.487586,4,0.0,0,0,0,0.0,48.21
2026-07-18T17:25:59.493255,1,0.0,0,0,0,0.0,48.21
2026-07-18T17:25:59.500764,1,0.0,0,0,0,0.0,48.21
2026-07-18T17:25:59.508632,1,0.0,0,0,0,0.0,48.21
2026-07-18T17:25:59.509380,4,0.0,0,0,0,0.0,48.21
2026-07-18T17:25:59.512917,1,0.0,0,0,0,286.1,48.21
2026-07-18T17:25:59.516244,3,0.0,0,0,0,0.0,48.21
2026-07-18T17:25:59.520201,1,0.0,0,0,0,0.0,48.21
2026-07-18T17:25:59.521239,1,0.0,0,0,0,1032.1,48.21
2026-07-18T17:25:59.523133,4,0.0,0,0,0,0.0,48.21
2026-07-18T17:25:59.526318,1,0.0,0,0,0,0.0,48.21
2026-07-18T17:25:59.530225,1,0.0,0,0,0,0.0,48.21
2026-07-18T17:25:59.533523,1,0.0,0,0,0,0.0,48.21
2026-07-18T17:25:59.533774,4,0.0,0,0,0,0.0,48.21
2026-07-18T17:25:59.536876,1,0.0,0,0,0,0.0,48.21
2026-07-18T17:25:59.541582,1,0.0,0,0,0,307.1,48.21
2026-07-18T17:25:59.546579,1,0.0,0,0,0,0.0,48.21
2026-07-18T17:25:59.550292,4,0.0,0,0,0,0.0,48.21
2026-07-18T17:25:59.553864,1,0.0,0,0,0,0.0,48.21
2026-07-18T17:25:59.557923,1,0.0,0,0,0,0.0,48.21
2026-07-18T17:25:59.561328,1,0.0,0,0,0,0.0,48.21
2026-07-18T17:25:59.564147,4,0.0,0,0,0,0.0,48.21
2026-07-18T17:25:59.565087,1,0.0,0,0,0,0.0,48.21
2026-07-18T17:25:59.568157,1,0.0,0,0,0,328.3,48.21
2026-07-18T17:25:59.573073,4,0.0,0,0,0,0.0,48.21
2026-07-18T17:25:59.579377,4,0.0,0,0,0,144.6,48.21
2026-07-18T17:25:59.706230,4,0.0,0,0,0,39.4,48.21
2026-07-18T17:25:59.712444,4,0.0,0,0,0,0.0,48.21
2026-07-18T17:25:59.715365,4,0.0,0,0,0,340.8,48.21
2026-07-18T17:25:59.768907,4,0.0,0,0,0,18.7,48.21
2026-07-18T17:25:59.772035,4,0.0,0,0,0,0.0,48.21
2026-07-18T17:25:59.777188,4,0.0,0,0,0,194.4,48.21
2026-07-18T17:25:59.876692,4,0.0,0,0,0,40.3,48.21
2026-07-18T17:25:59.892357,4,0.0,0,0,0,65.7,48.21
2026-07-18T17:26:00.032133,4,0.0,0,0,0,42.8,48.21
2026-07-18T17:26:00.084033,4,0.0,0,0,0,41.0,48.21
2026-07-18T17:26:00.106110,4,0.0,0,0,0,39.5,48.21
2026-07-18T17:26:00.226390,4,0.0,0,0,0,49.9,48.21
2026-07-18T17:26:00.262129,4,0.0,0,0,0,29.3,48.21
2026-07-18T17:26:00.299583,4,0.0,0,0,0,52.2,48.21
2026-07-18T17:26:00.424695,4,0.0,0,0,0,51.6,48.21
2026-07-18T17:26:00.433827,4,0.0,0,0,0,0.0,48.21
2026-07-18T17:26:00.463089,4,0.0,0,0,0,101.8,48.21
2026-07-18T17:26:00.472717,4,0.0,0,0,0,0.0,48.21
2026-07-18T17:26:00.478846,4,0.0,0,0,0,154.1,48.21
2026-07-18T17:26:00.505277,4,0.0,0,0,0,77.2,48.21
2026-07-18T17:26:00.518259,1,0.0,0,0,0,149.6,48.21
2026-07-18T17:26:00.518657,4,0.0,0,0,0,0.0,48.21
2026-07-18T17:26:00.538657,4,0.0,0,0,0,51.5,48.21
2026-07-18T17:26:00.712156,4,0.0,0,0,0,40.4,48.21
2026-07-18T17:26:00.760601,4,0.0,0,0,0,42.3,48.21
2026-07-18T17:26:00.847462,4,0.0,0,0,0,45.0,48.21
2026-07-18T17:26:00.860070,4,0.0,0,0,0,159.6,48.21
2026-07-18T17:26:00.871880,4,0.0,0,0,0,0.0,48.21
2026-07-18T17:26:00.932313,4,0.0,0,0,0,65.9,48.21
2026-07-18T17:26:00.938477,4,0.0,0,0,0,0.0,48.21
2026-07-18T17:26:00.948783,4,0.0,0,0,0,97.9,48.21
2026-07-18T17:26:00.985676,4,0.0,0,0,0,53.6,48.21
2026-07-18T17:26:00.996739,4,0.0,0,0,0,94.0,48.21
2026-07-18T17:26:01.040819,4,0.0,0,0,0,46.4,48.21
2026-07-18T17:26:01.052081,4,0.0,0,0,0,83.8,48.21
2026-07-18T17:26:01.062147,4,0.0,0,0,0,92.6,48.21
2026-07-18T17:26:01.128089,4,0.0,0,0,0,45.5,48.21
2026-07-18T17:26:01.134207,4,0.0,0,0,0,0.0,48.21
2026-07-18T17:26:01.169067,4,0.0,0,0,0,87.3,48.21
2026-07-18T17:26:01.180818,4,0.0,0,0,0,83.2,48.21
2026-07-18T17:26:01.189230,4,0.0,0,0,0,119.7,48.21
2026-07-18T17:26:01.228204,4,0.0,0,0,0,50.6,48.21
2026-07-18T17:26:01.238887,4,0.0,0,0,0,103.0,48.21
2026-07-18T17:26:01.250245,4,0.0,0,0,0,81.0,48.21
2026-07-18T17:26:01.315270,4,0.0,0,0,0,62.0,48.21
2026-07-18T17:26:01.329254,4,0.0,0,0,0,158.3,48.21
2026-07-18T17:26:01.436303,4,0.0,0,0,0,27.6,48.21
2026-07-18T17:26:01.491455,4,0.0,0,0,0,56.2,48.21
2026-07-18T17:26:01.514779,4,0.0,0,0,0,40.4,48.21
2026-07-18T17:26:01.573201,4,0.0,0,0,0,51.0,48.21
2026-07-18T17:26:01.584482,4,0.0,0,0,0,88.6,48.21
2026-07-18T17:26:01.632679,4,0.0,0,0,0,42.4,48.21
2026-07-18T17:26:01.644411,4,0.0,0,0,0,79.6,48.21
2026-07-18T17:26:01.828190,3,0.0,0,0,0,59.8,48.21
2026-07-18T17:26:03.754427,1,0.0,0,0,0,56.1,48.21
2026-07-18T17:26:04.178250,3,0.0,0,0,0,63.8,48.21
2026-07-18T17:26:05.410203,4,0.0,0,0,0,54.4,48.21
2026-07-18T17:26:06.079896,3,0.0,0,0,0,64.2,48.21
2026-07-18T17:26:06.462354,1,0.0,0,0,0,67.9,48.21
2026-07-18T17:26:07.695114,4,0.0,0,0,0,62.5,48.21
2026-07-18T17:26:08.414683,3,0.0,0,0,0,52.8,48.21
2026-07-18T17:26:08.520628,1,0.0,0,0,0,56.7,48.21
2026-07-18T17:26:10.034937,4,0.0,0,0,0,48.9,48.21
2026-07-18T17:26:10.478405,3,0.0,0,0,0,45.1,48.21
2026-07-18T17:26:10.760038,1,0.0,0,0,0,56.9,48.21
2026-07-18T17:26:12.113972,4,0.0,0,0,0,45.0,48.21
2026-07-18T17:26:12.550540,3,0.0,0,0,0,48.1,48.21
2026-07-18T17:26:13.233075,1,0.0,0,0,0,48.4,48.21
2026-07-18T17:26:14.447935,4,0.0,0,0,0,55.2,48.21
2026-07-18T17:26:14.493133,3,0.0,0,0,0,65.8,48.21
2026-07-18T17:26:15.050329,1,0.0,0,0,0,39.5,48.21
2026-07-18T17:26:15.800952,4,0.0,0,0,0,56.0,48.21
2026-07-18T17:26:16.064357,1,0.0,0,0,0,45.7,48.21
2026-07-18T17:26:16.795124,3,0.0,0,0,0,38.3,48.21
2026-07-18T17:26:17.675990,1,0.0,0,0,0,43.1,48.21
2026-07-18T17:26:18.395930,4,0.0,0,0,0,44.4,48.21
2026-07-18T17:26:18.874065,3,0.0,0,0,0,56.4,48.21
2026-07-18T17:26:19.442224,1,0.0,0,0,0,56.3,48.21
2026-07-18T17:26:20.810959,3,0.0,0,0,0,51.2,48.21
2026-07-18T17:26:20.866180,4,0.0,0,0,0,35.4,48.21
2026-07-18T17:26:21.101995,1,0.0,0,0,0,42.4,48.21
2026-07-18T17:26:23.329262,1,0.0,0,0,0,50.3,48.21
2026-07-18T17:26:23.430502,3,0.0,0,0,0,30.9,48.21
2026-07-18T17:26:25.160820,3,0.0,0,0,0,55.9,48.21
2026-07-18T17:26:25.468964,1,0.0,0,0,0,71.4,48.21
2026-07-18T17:26:25.950355,4,0.0,0,0,0,43.6,48.21
2026-07-18T17:26:27.793992,3,0.0,0,0,0,46.6,48.21
2026-07-18T17:26:29.094728,2,0.0,0,0,0,46.9,48.21
2026-07-18T17:26:29.097909,2,0.0,0,0,0,333.3,48.21
2026-07-18T17:26:29.101403,2,0.0,0,0,0,0.0,48.21
2026-07-18T17:26:29.116919,1,0.0,0,0,0,65.5,48.21
2026-07-18T17:26:29.117370,2,0.0,0,0,0,0.0,48.21
2026-07-18T17:26:29.626103,2,0.0,0,0,0,53.1,48.21
2026-07-18T17:26:29.628289,3,0.0,0,0,0,0.0,48.21
2026-07-18T17:26:29.661916,2,0.0,0,0,0,65.6,48.21
2026-07-18T17:26:29.757966,2,0.0,0,0,0,41.3,48.21
2026-07-18T17:26:29.781924,2,0.0,0,0,0,77.3,48.21
2026-07-18T17:26:29.788763,4,0.0,0,0,0,147.5,48.21
2026-07-18T17:26:29.800167,2,0.0,0,0,0,88.4,48.21
2026-07-18T17:26:29.899221,2,0.0,0,0,0,40.1,48.21
2026-07-18T17:26:29.915990,2,0.0,0,0,0,119.4,48.21
2026-07-18T17:26:30.133359,2,0.0,0,0,0,64.6,48.21
2026-07-18T17:26:30.232220,2,0.0,0,0,0,30.2,48.21
2026-07-18T17:26:30.244421,2,0.0,0,0,0,164.2,48.21
2026-07-18T17:26:30.256828,2,0.0,0,0,0,83.8,48.21
2026-07-18T17:26:30.324975,2,0.0,0,0,0,58.7,48.21
2026-07-18T17:26:30.341034,2,0.0,0,0,0,133.5,48.21
2026-07-18T17:26:30.393991,2,0.0,0,0,0,55.6,48.21
2026-07-18T17:26:30.408866,2,0.0,0,0,0,129.9,48.21
2026-07-18T17:26:30.420243,2,0.0,0,0,0,105.1,48.21
2026-07-18T17:26:30.511685,2,0.0,0,0,0,53.7,48.21
2026-07-18T17:26:30.532930,2,0.0,0,0,0,94.9,48.21
2026-07-18T17:26:30.643882,2,0.0,0,0,0,45.1,48.21
2026-07-18T17:26:30.689943,2,0.0,0,0,0,43.5,48.21
2026-07-18T17:26:30.749518,2,0.0,0,0,0,66.5,48.21
2026-07-18T17:26:30.863292,2,0.0,0,0,0,44.0,48.21
2026-07-18T17:26:30.909230,2,0.0,0,0,0,46.2,48.21
2026-07-18T17:26:30.955123,2,0.0,0,0,0,43.5,48.21
2026-07-18T17:26:31.068277,2,0.0,0,0,0,43.2,48.21
2026-07-18T17:26:31.091860,2,0.0,0,0,0,85.8,48.21
2026-07-18T17:26:31.134105,2,0.0,0,0,0,94.3,48.21
2026-07-18T17:26:31.163861,2,0.0,0,0,0,68.3,48.21
2026-07-18T17:26:31.296685,2,0.0,0,0,0,52.5,48.21
2026-07-18T17:26:31.351190,2,0.0,0,0,0,38.5,48.21
2026-07-18T17:26:31.398066,2,0.0,0,0,0,63.7,48.21
2026-07-18T17:26:31.502219,2,0.0,0,0,0,37.5,48.21
2026-07-18T17:26:31.536047,2,0.0,0,0,0,29.7,48.21
2026-07-18T17:26:31.608093,2,0.0,0,0,0,58.9,48.21
2026-07-18T17:26:31.644421,2,0.0,0,0,0,52.4,48.21
2026-07-18T17:26:31.680971,2,0.0,0,0,0,26.0,48.21
2026-07-18T17:26:31.756740,2,0.0,0,0,0,40.9,48.21
2026-07-18T17:26:31.799780,2,0.0,0,0,0,43.7,48.21
2026-07-18T17:26:31.816043,2,0.0,0,0,0,60.0,48.21
2026-07-18T17:26:31.917067,3,0.0,0,0,0,49.8,48.21
2026-07-18T17:26:31.924228,2,0.0,0,0,0,0.0,48.21
2026-07-18T17:26:31.941889,2,0.0,0,0,0,112.5,48.21
2026-07-18T17:26:32.037091,2,0.0,0,0,0,42.1,48.21
2026-07-18T17:26:32.065164,2,0.0,0,0,0,38.5,48.21
2026-07-18T17:26:32.133905,2,0.0,0,0,0,42.0,48.21
2026-07-18T17:26:32.151067,2,0.0,0,0,0,120.8,48.21
2026-07-18T17:26:32.166096,2,0.0,0,0,0,128.7,48.21
2026-07-18T17:26:32.249152,2,0.0,0,0,0,36.1,48.21
2026-07-18T17:26:32.265401,2,0.0,0,0,0,122.4,48.21
2026-07-18T17:26:32.339880,2,0.0,0,0,0,42.0,48.21
2026-07-18T17:26:32.348211,1,0.0,0,0,0,0.0,48.21
2026-07-18T17:26:32.369374,2,0.0,0,0,0,46.3,48.21
2026-07-18T17:26:32.427153,2,0.0,0,0,0,35.0,48.21
2026-07-18T17:26:32.463364,2,0.0,0,0,0,81.2,48.21
2026-07-18T17:26:32.473051,2,0.0,0,0,0,104.3,48.21
2026-07-18T17:26:32.490698,2,0.0,0,0,0,115.6,48.21
2026-07-18T17:26:32.543853,2,0.0,0,0,0,59.1,48.21
2026-07-18T17:26:32.587052,2,0.0,0,0,0,46.1,48.21
2026-07-18T17:26:32.692181,2,0.0,0,0,0,57.1,48.21
2026-07-18T17:26:32.755893,2,0.0,0,0,0,45.5,48.21
2026-07-18T17:26:32.812236,2,0.0,0,0,0,54.8,48.21
2026-07-18T17:26:32.879154,2,0.0,0,0,0,58.6,48.21
2026-07-18T17:26:32.893583,2,0.0,0,0,0,131.4,48.21
2026-07-18T17:26:33.014063,2,0.0,0,0,0,42.1,48.21
2026-07-18T17:26:33.039271,2,0.0,0,0,0,37.5,48.21
2026-07-18T17:26:33.079777,2,0.0,0,0,0,51.9,48.21
2026-07-18T17:26:33.176609,2,0.0,0,0,0,50.5,48.21
2026-07-18T17:26:33.208148,2,0.0,0,0,0,64.8,48.21
2026-07-18T17:26:33.234686,4,0.0,0,0,0,37.3,48.21
2026-07-18T17:26:33.250278,2,0.0,0,0,0,63.0,48.21
2026-07-18T17:26:33.293072,2,0.0,0,0,0,70.1,48.21
2026-07-18T17:26:33.313303,2,0.0,0,0,0,100.1,48.21
2026-07-18T17:26:33.383046,2,0.0,0,0,0,59.7,48.21
2026-07-18T17:26:33.417153,2,0.0,0,0,0,53.9,48.21
2026-07-18T17:26:33.426585,2,0.0,0,0,0,107.6,48.21
2026-07-18T17:26:33.474920,2,0.0,0,0,0,63.6,48.21
2026-07-18T17:26:33.503321,2,0.0,0,0,0,67.3,48.21
2026-07-18T17:26:33.517307,2,0.0,0,0,0,0.0,48.21
2026-07-18T17:26:33.523994,2,0.0,0,0,0,110.4,48.21
2026-07-18T17:26:33.537141,2,0.0,0,0,0,0.0,48.21
2026-07-18T17:26:33.562202,2,0.0,0,0,0,117.5,48.21
2026-07-18T17:26:33.566261,2,0.0,0,0,0,0.0,48.21
2026-07-18T17:26:33.569563,2,0.0,0,0,0,355.3,48.21
2026-07-18T17:26:33.576127,2,0.0,0,0,0,0.0,48.21
2026-07-18T17:26:33.623006,2,0.0,0,0,0,41.2,48.21
2026-07-18T17:26:33.746284,2,0.0,0,0,0,40.8,48.21
2026-07-18T17:26:33.794516,2,0.0,0,0,0,41.1,48.21
2026-07-18T17:26:33.829275,2,0.0,0,0,0,86.3,48.21
2026-07-18T17:26:33.902137,2,0.0,0,0,0,56.1,48.21
2026-07-18T17:26:33.914950,3,0.0,0,0,0,71.7,48.21
2026-07-18T17:26:33.952461,2,0.0,0,0,0,56.9,48.21
2026-07-18T17:26:34.061548,2,0.0,0,0,0,45.4,48.21
2026-07-18T17:26:34.098442,2,0.0,0,0,0,25.8,48.21
2026-07-18T17:26:34.130839,2,0.0,0,0,0,65.1,48.21
2026-07-18T17:26:34.202181,2,0.0,0,0,0,27.4,48.21
2026-07-18T17:26:34.237321,2,0.0,0,0,0,62.1,48.21
2026-07-18T17:26:34.256957,2,0.0,0,0,0,45.2,48.21
2026-07-18T17:26:34.316704,2,0.0,0,0,0,66.9,48.21
2026-07-18T17:26:34.351135,2,0.0,0,0,0,57.8,48.21
2026-07-18T17:26:34.413450,2,0.0,0,0,0,48.3,48.21
2026-07-18T17:26:34.422997,2,0.0,0,0,0,104.8,48.21
2026-07-18T17:26:34.436482,2,0.0,0,0,0,73.4,48.21
2026-07-18T17:26:34.509324,2,0.0,0,0,0,54.8,48.21
2026-07-18T17:26:34.523290,2,0.0,0,0,0,142.9,48.21
2026-07-18T17:26:34.646125,2,0.0,0,0,0,32.6,48.21
2026-07-18T17:26:34.675916,2,0.0,0,0,0,67.0,48.21
2026-07-18T17:26:34.698279,2,0.0,0,0,0,44.7,48.21
2026-07-18T17:26:34.737960,2,0.0,0,0,0,78.9,48.21
2026-07-18T17:26:34.754930,2,0.0,0,0,0,56.0,48.21
2026-07-18T17:26:34.771986,2,0.0,0,0,0,180.7,48.21
2026-07-18T17:26:34.851226,2,0.0,0,0,0,51.4,48.21
2026-07-18T17:26:34.882965,2,0.0,0,0,0,29.5,48.21
2026-07-18T17:26:34.985993,2,0.0,0,0,0,39.8,48.21
2026-07-18T17:26:35.016082,2,0.0,0,0,0,30.3,48.21
2026-07-18T17:26:35.058948,2,0.0,0,0,0,46.9,48.21
2026-07-18T17:26:35.131186,2,0.0,0,0,0,41.3,48.21
2026-07-18T17:26:35.159280,2,0.0,0,0,0,35.6,48.21
2026-07-18T17:26:35.228324,2,0.0,0,0,0,44.7,48.21
2026-07-18T17:26:35.244323,2,0.0,0,0,0,55.9,48.21
2026-07-18T17:26:35.257155,2,0.0,0,0,0,160.6,48.21
2026-07-18T17:26:35.296364,2,0.0,0,0,0,101.2,48.21
2026-07-18T17:26:35.311610,2,0.0,0,0,0,65.6,48.21
2026-07-18T17:26:35.375124,2,0.0,0,0,0,49.2,48.21
2026-07-18T17:26:35.400930,2,0.0,0,0,0,36.6,48.21
2026-07-18T17:26:35.401968,1,0.0,0,0,0,0.0,48.21
2026-07-18T17:26:35.418131,4,0.0,0,0,0,60.6,48.21
2026-07-18T17:26:35.420835,2,0.0,0,0,0,0.0,48.21
2026-07-18T17:26:35.530132,2,0.0,0,0,0,35.9,48.21
2026-07-18T17:26:35.541134,2,0.0,0,0,0,181.1,48.21
2026-07-18T17:26:35.552083,2,0.0,0,0,0,91.3,48.21
2026-07-18T17:26:35.650174,2,0.0,0,0,0,40.8,48.21
2026-07-18T17:26:35.666902,2,0.0,0,0,0,61.4,48.21
2026-07-18T17:26:35.773241,2,0.0,0,0,0,48.5,48.21
2026-07-18T17:26:35.819322,2,0.0,0,0,0,40.3,48.21
2026-07-18T17:26:35.866410,2,0.0,0,0,0,65.0,48.21
2026-07-18T17:26:35.979670,2,0.0,0,0,0,43.9,48.21
2026-07-18T17:26:35.983963,3,0.0,0,0,0,0.0,48.21
2026-07-18T17:26:35.991149,2,0.0,0,0,0,0.0,48.21
2026-07-18T17:26:36.004048,2,0.0,0,0,0,156.0,48.21
2026-07-18T17:26:36.078083,2,0.0,0,0,0,40.2,48.21
2026-07-18T17:26:36.128909,2,0.0,0,0,0,59.7,48.21
2026-07-18T17:26:36.222794,2,0.0,0,0,0,53.1,48.21
2026-07-18T17:26:36.265825,2,0.0,0,0,0,46.1,48.21
2026-07-18T17:26:36.294405,2,0.0,0,0,0,37.9,48.21
2026-07-18T17:26:36.406961,2,0.0,0,0,0,44.1,48.21
2026-07-18T17:26:36.428860,2,0.0,0,0,0,88.3,48.21
2026-07-18T17:26:36.528227,2,0.0,0,0,0,40.0,48.21
2026-07-18T17:26:36.551530,2,0.0,0,0,0,42.9,48.21
2026-07-18T17:26:36.577931,2,0.0,0,0,0,80.9,48.21
2026-07-18T17:26:36.673963,2,0.0,0,0,0,41.3,48.21
2026-07-18T17:26:36.685285,2,0.0,0,0,0,81.8,48.21
2026-07-18T17:26:36.700990,2,0.0,0,0,0,128.0,48.21
2026-07-18T17:26:36.771291,2,0.0,0,0,0,43.1,48.21
2026-07-18T17:26:36.791141,2,0.0,0,0,0,98.2,48.21
2026-07-18T17:26:36.897087,2,0.0,0,0,0,47.3,48.21
2026-07-18T17:26:36.920938,2,0.0,0,0,0,124.2,48.21
2026-07-18T17:26:36.964310,2,0.0,0,0,0,91.8,48.21
2026-07-18T17:26:37.124256,2,0.0,0,0,0,31.6,48.21
2026-07-18T17:26:37.169415,2,0.0,0,0,0,45.1,48.21
2026-07-18T17:26:37.211060,2,0.0,0,0,0,67.6,48.21
2026-07-18T17:26:37.227287,2,0.0,0,0,0,61.1,48.21
2026-07-18T17:26:37.245946,2,0.0,0,0,0,110.5,48.21
2026-07-18T17:26:37.401044,2,0.0,0,0,0,51.4,48.21
2026-07-18T17:26:37.908379,3,0.0,0,0,0,43.4,48.21
2026-07-18T17:26:38.133468,4,0.0,0,0,0,53.3,48.21
2026-07-18T17:26:38.445109,1,0.0,0,0,0,44.9,48.21
2026-07-18T17:26:40.254479,3,0.0,0,0,0,51.4,48.21
2026-07-18T17:26:40.658436,4,0.0,0,0,0,61.9,48.21
2026-07-18T17:26:40.697031,1,0.0,0,0,0,83.2,48.21
2026-07-18T17:26:42.644037,3,0.0,0,0,0,33.3,48.21
2026-07-18T17:26:42.670417,2,0.0,0,0,0,38.2,48.21
2026-07-18T17:26:44.671261,4,0.0,0,0,0,35.1,48.21
2026-07-18T17:26:45.212997,3,0.0,0,0,0,34.8,48.21
2026-07-18T17:26:46.518991,1,0.0,0,0,0,26.9,48.21
2026-07-18T17:26:48.294309,3,0.0,0,0,0,34.3,48.21
2026-07-18T17:26:50.190118,1,0.0,0,0,0,33.2,48.21
2026-07-18T17:26:50.190896,3,0.0,0,0,0,0.0,48.21
2026-07-18T17:26:50.899848,4,0.0,0,0,0,34.0,48.21
2026-07-18T17:26:51.491722,3,0.0,0,0,0,37.0,48.21
2026-07-18T17:26:52.547378,1,0.0,0,0,0,34.1,48.21
2026-07-18T17:26:53.617190,2,0.0,0,0,0,32.9,48.21
2026-07-18T17:26:53.667096,3,0.0,0,0,0,18.1,48.21
2026-07-18T17:26:53.788032,4,0.0,0,0,0,43.5,48.21
2026-07-18T17:26:55.233166,1,0.0,0,0,0,33.2,48.21
2026-07-18T17:26:56.458223,3,0.0,0,0,0,28.7,48.21
2026-07-18T17:26:57.861125,3,0.0,0,0,0,29.9,48.21
2026-07-18T17:26:58.973177,1,0.0,0,0,0,31.3,48.21
2026-07-18T17:27:00.222019,3,0.0,0,0,0,29.6,48.21
2026-07-18T17:27:00.504900,4,0.0,0,0,0,28.3,48.21
2026-07-18T17:27:01.036020,1,0.0,0,0,0,30.4,48.21
2026-07-18T17:27:01.691177,4,0.0,0,0,0,33.4,48.21
2026-07-18T17:27:01.761128,3,0.0,0,0,0,14.1,48.21
2026-07-18T17:27:02.211852,2,0.0,0,0,0,33.5,48.21
2026-07-18T17:27:02.965325,1,0.0,0,0,0,34.4,48.21
2026-07-18T17:27:03.337019,4,0.0,0,0,0,32.3,48.21
2026-07-18T17:27:03.759055,3,0.0,0,0,0,33.2,48.21
2026-07-18T17:27:04.080704,1,0.0,0,0,0,31.1,48.21
2026-07-18T17:27:04.276915,4,0.0,0,0,0,20.6,48.21
2026-07-18T17:27:05.230349,1,0.0,0,0,0,31.4,48.21
2026-07-18T17:27:05.555078,4,0.0,0,0,0,28.0,48.21
2026-07-18T17:27:05.793879,3,0.0,0,0,0,33.5,48.21
2026-07-18T17:27:06.518377,1,0.0,0,0,0,30.3,48.21
2026-07-18T17:27:07.666961,4,0.0,0,0,0,31.4,48.21
2026-07-18T17:27:07.846677,3,0.0,0,0,0,32.8,48.21
2026-07-18T17:27:07.981028,1,0.0,0,0,0,29.8,48.21
2026-07-18T17:27:09.739348,4,0.0,0,0,0,30.7,48.21
2026-07-18T17:27:09.921291,3,0.0,0,0,0,28.2,48.21
2026-07-18T17:27:10.002071,1,0.0,0,0,0,25.9,48.21
2026-07-18T17:27:11.557223,1,0.0,0,0,0,30.7,48.21
2026-07-18T17:27:11.637645,4,0.0,0,0,0,39.0,48.21
2026-07-18T17:27:11.885947,2,0.0,0,0,0,27.8,48.21
2026-07-18T17:27:11.916003,3,0.0,0,0,0,33.2,48.21
2026-07-18T17:27:12.571068,1,0.0,0,0,0,32.1,48.21
2026-07-18T17:27:12.818367,4,0.0,0,0,0,28.2,48.21
2026-07-18T17:27:13.746942,1,0.0,0,0,0,30.2,48.21
2026-07-18T17:27:13.968227,3,0.0,0,0,0,32.2,48.21
2026-07-18T17:27:14.293806,4,0.0,0,0,0,27.4,48.21
2026-07-18T17:27:15.094804,1,0.0,0,0,0,28.9,48.21
2026-07-18T17:27:15.915262,3,0.0,0,0,0,30.3,48.21
2026-07-18T17:27:16.037921,1,0.0,0,0,0,42.2,48.21
2026-07-18T17:27:16.159306,4,0.0,0,0,0,31.8,48.21
2026-07-18T17:27:16.835353,2,0.0,0,0,0,38.5,48.21
2026-07-18T17:27:16.982898,1,0.0,0,0,0,54.4,48.21
2026-07-18T17:27:17.187547,4,0.0,0,0,0,48.8,48.21
2026-07-18T17:27:17.684885,1,0.0,0,0,0,50.3,48.21
2026-07-18T17:27:17.730073,3,0.0,0,0,0,91.9,48.21
2026-07-18T17:27:18.375736,4,0.0,0,0,0,49.4,48.21
2026-07-18T17:27:19.097540,1,0.0,0,0,0,51.3,48.21
2026-07-18T17:27:19.411052,4,0.0,0,0,0,51.3,48.21
2026-07-18T17:27:19.700901,2,0.0,0,0,0,48.1,48.21
2026-07-18T17:27:19.782473,3,0.0,0,0,0,48.9,48.21
2026-07-18T17:27:19.871875,1,0.0,0,0,0,56.1,48.21
2026-07-18T17:27:20.482886,4,0.0,0,0,0,54.0,48.21
2026-07-18T17:27:20.499128,1,0.0,0,0,0,61.7,48.21
2026-07-18T17:27:20.820712,4,0.0,0,0,0,49.8,48.21
2026-07-18T17:27:20.880185,4,0.0,0,0,0,66.8,48.21
2026-07-18T17:27:20.883009,4,0.0,0,0,0,0.0,48.21
2026-07-18T17:27:20.903665,4,0.0,0,0,0,48.4,48.21
2026-07-18T17:27:20.906123,4,0.0,0,0,0,0.0,48.21
2026-07-18T17:27:20.925358,4,0.0,0,0,0,51.6,48.21
2026-07-18T17:27:20.925751,1,0.0,0,0,0,0.0,48.21
2026-07-18T17:27:20.928022,4,0.0,0,0,0,0.0,48.21
2026-07-18T17:27:20.932159,4,0.0,0,0,0,234.9,48.21
2026-07-18T17:27:20.969711,4,0.0,0,0,0,0.0,48.21
2026-07-18T17:27:20.972842,4,0.0,0,0,0,335.7,48.21
2026-07-18T17:27:20.975152,4,0.0,0,0,0,0.0,48.21
2026-07-18T17:27:20.993015,4,0.0,0,0,0,55.5,48.21
2026-07-18T17:27:21.000465,4,0.0,0,0,0,0.0,48.21
2026-07-18T17:27:21.034418,4,0.0,0,0,0,58.1,48.21
2026-07-18T17:27:21.038751,4,0.0,0,0,0,0.0,48.21
2026-07-18T17:27:21.042218,4,0.0,0,0,0,0.0,48.21
2026-07-18T17:27:21.072800,4,0.0,0,0,0,98.9,48.21
2026-07-18T17:27:21.076818,4,0.0,0,0,0,0.0,48.21
2026-07-18T17:27:21.103869,4,0.0,0,0,0,37.1,48.21
2026-07-18T17:27:21.108612,4,0.0,0,0,0,0.0,48.21
2026-07-18T17:27:21.112850,4,0.0,0,0,0,224.3,48.21
2026-07-18T17:27:21.146915,4,0.0,0,0,0,29.4,48.21
2026-07-18T17:27:21.150785,4,0.0,0,0,0,0.0,48.21
2026-07-18T17:27:21.154265,4,0.0,0,0,0,0.0,48.21
2026-07-18T17:27:21.162959,4,0.0,0,0,0,115.0,48.21
2026-07-18T17:27:21.166248,4,0.0,0,0,0,0.0,48.21
2026-07-18T17:27:21.191171,4,0.0,0,0,0,81.2,48.21
2026-07-18T17:27:21.193718,4,0.0,0,0,0,0.0,48.21
2026-07-18T17:27:21.196051,4,0.0,0,0,0,0.0,48.21
2026-07-18T17:27:21.215377,4,0.0,0,0,0,51.7,48.21
2026-07-18T17:27:21.217758,4,0.0,0,0,0,0.0,48.21
2026-07-18T17:27:21.219998,4,0.0,0,0,0,442.8,48.21
2026-07-18T17:27:21.235924,4,0.0,0,0,0,0.0,48.21
2026-07-18T17:27:21.237952,4,0.0,0,0,0,0.0,48.21
2026-07-18T17:27:21.251964,4,0.0,0,0,0,74.4,48.21
2026-07-18T17:27:21.256012,4,0.0,0,0,0,0.0,48.21
2026-07-18T17:27:21.258095,4,0.0,0,0,0,0.0,48.21
2026-07-18T17:27:21.275994,4,0.0,0,0,0,56.0,48.21
2026-07-18T17:27:21.379825,1,0.0,0,0,0,67.4,48.21
2026-07-18T17:27:21.712731,1,0.0,0,0,0,48.1,48.21
2026-07-18T17:27:21.795415,4,0.0,0,0,0,72.6,48.21
2026-07-18T17:27:21.795924,3,0.0,0,0,0,0.0,48.21
2026-07-18T17:27:22.018720,1,0.0,0,0,0,53.8,48.21
2026-07-18T17:27:22.379743,2,0.0,0,0,0,49.9,48.21
2026-07-18T17:27:22.424361,1,0.0,0,0,0,66.9,48.21
2026-07-18T17:27:22.653056,1,0.0,0,0,0,52.5,48.21
2026-07-18T17:27:23.772303,1,0.0,0,0,0,53.6,48.21
2026-07-18T17:27:24.317129,3,0.0,0,0,0,49.6,48.21
2026-07-18T17:27:24.318285,4,0.0,0,0,0,0.0,48.21
2026-07-18T17:27:24.404179,1,0.0,0,0,0,47.1,48.21
2026-07-18T17:27:25.297211,1,0.0,0,0,0,52.6,48.21
2026-07-18T17:27:26.091858,1,0.0,0,0,0,52.8,48.21
2026-07-18T17:27:26.339931,4,0.0,0,0,0,60.5,48.21
2026-07-18T17:27:26.341084,3,0.0,0,0,0,0.0,48.21
2026-07-18T17:27:27.078257,1,0.0,0,0,0,52.9,48.21
2026-07-18T17:27:27.516518,2,0.0,0,0,0,52.5,48.21
2026-07-18T17:27:28.595246,1,0.0,0,0,0,46.3,48.21
2026-07-18T17:27:28.637927,4,0.0,0,0,0,47.4,48.21
2026-07-18T17:27:28.638854,3,0.0,0,0,0,0.0,48.21
2026-07-18T17:27:29.693091,1,0.0,0,0,0,49.3,48.21
2026-07-18T17:27:30.473136,3,0.0,0,0,0,47.4,48.21
2026-07-18T17:27:30.474076,4,0.0,0,0,0,922.8,48.21
2026-07-18T17:27:30.566930,1,0.0,0,0,0,43.3,48.21
2026-07-18T17:27:31.150343,1,0.0,0,0,0,44.5,48.21
2026-07-18T17:27:31.945582,2,0.0,0,0,0,47.8,48.21
2026-07-18T17:27:32.026086,1,0.0,0,0,0,37.5,48.21
2026-07-18T17:27:32.426204,4,0.0,0,0,0,59.9,48.21
2026-07-18T17:27:32.426428,3,0.0,0,0,0,0.0,48.21
2026-07-18T17:27:32.562074,1,0.0,0,0,0,81.3,48.21
2026-07-18T17:27:33.293772,1,0.0,0,0,0,60.2,48.21
2026-07-18T17:27:34.213428,1,0.0,0,0,0,65.2,48.21
2026-07-18T17:27:34.542744,3,0.0,0,0,0,57.7,48.21
2026-07-18T17:27:34.542967,4,0.0,0,0,0,0.0,48.21
2026-07-18T17:27:34.918810,2,0.0,0,0,0,53.3,48.21
2026-07-18T17:27:35.408978,1,0.0,0,0,0,55.1,48.21
2026-07-18T17:27:36.364343,3,0.0,0,0,0,56.5,48.21
2026-07-18T17:27:36.365129,4,0.0,0,0,0,0.0,48.21
2026-07-18T17:27:36.372916,1,0.0,0,0,0,0.0,48.21
2026-07-18T17:27:37.405243,1,0.0,0,0,0,49.4,48.21
2026-07-18T17:27:37.575250,1,0.0,0,0,0,59.6,48.21
2026-07-18T17:27:37.595245,1,0.0,0,0,0,49.0,48.21
2026-07-18T17:27:37.604859,1,0.0,0,0,0,0.0,48.21
2026-07-18T17:27:37.616057,1,0.0,0,0,0,0.0,48.21
2026-07-18T17:27:37.669146,1,0.0,0,0,0,54.3,48.21
2026-07-18T17:27:37.671787,1,0.0,0,0,0,0.0,48.21
2026-07-18T17:27:37.674151,1,0.0,0,0,0,0.0,48.21
2026-07-18T17:27:37.676377,1,0.0,0,0,0,896.0,48.21
2026-07-18T17:27:37.679275,1,0.0,0,0,0,0.0,48.21
2026-07-18T17:27:37.685318,1,0.0,0,0,0,0.0,48.21
2026-07-18T17:27:37.693268,1,0.0,0,0,0,175.6,48.21
2026-07-18T17:27:37.703424,1,0.0,0,0,0,0.0,48.21
2026-07-18T17:27:37.753753,1,0.0,0,0,0,38.6,48.21
2026-07-18T17:27:37.967040,1,0.0,0,0,0,61.0,48.21
2026-07-18T17:27:38.490564,1,0.0,0,0,0,64.9,48.21
2026-07-18T17:27:38.491313,4,0.0,0,0,0,0.0,48.21
2026-07-18T17:27:39.046488,3,0.0,0,0,0,38.1,48.21
2026-07-18T17:27:40.767861,1,0.0,0,0,0,28.4,48.21
2026-07-18T17:27:41.232786,2,0.0,0,0,0,34.8,48.21
2026-07-18T17:27:43.322260,1,0.0,0,0,0,33.0,48.21
2026-07-18T17:27:43.335163,3,0.0,0,0,0,0.0,48.21
2026-07-18T17:27:43.339057,1,0.0,0,0,0,323.6,48.21
2026-07-18T17:27:43.472855,1,0.0,0,0,0,30.5,48.21
2026-07-18T17:27:43.491926,1,0.0,0,0,0,60.7,48.21
2026-07-18T17:27:43.513731,1,0.0,0,0,0,33.4,48.21
2026-07-18T17:27:43.516365,1,0.0,0,0,0,0.0,48.21
2026-07-18T17:27:43.532505,1,0.0,0,0,0,0.0,48.21
2026-07-18T17:27:43.542926,1,0.0,0,0,0,0.0,48.21
2026-07-18T17:27:43.580780,1,0.0,0,0,0,28.6,48.21
2026-07-18T17:27:43.608843,1,0.0,0,0,0,36.0,48.21
2026-07-18T17:27:43.623152,1,0.0,0,0,0,57.0,48.21
2026-07-18T17:27:43.643540,1,0.0,0,0,0,0.0,48.21
2026-07-18T17:27:43.655717,1,0.0,0,0,0,62.9,48.21
2026-07-18T17:27:43.873134,1,0.0,0,0,0,32.2,48.21
2026-07-18T17:27:43.891281,1,0.0,0,0,0,55.1,48.21
2026-07-18T17:27:43.908112,1,0.0,0,0,0,0.0,48.21
2026-07-18T17:27:43.937112,1,0.0,0,0,0,37.9,48.21
2026-07-18T17:27:43.961963,1,0.0,0,0,0,34.2,48.21
2026-07-18T17:27:43.969229,1,0.0,0,0,0,88.6,48.21
2026-07-18T17:27:43.999983,1,0.0,0,0,0,0.0,48.21
2026-07-18T17:27:44.048330,1,0.0,0,0,0,41.1,48.21
2026-07-18T17:27:44.526265,4,0.0,0,0,0,29.0,48.21
2026-07-18T17:27:45.526272,3,0.0,0,0,0,31.1,48.21
2026-07-18T17:27:46.067362,4,0.0,0,0,0,31.3,48.21
2026-07-18T17:27:46.094311,1,0.0,0,0,0,42.9,48.21
2026-07-18T17:27:46.148257,1,0.0,0,0,0,17.8,48.21
2026-07-18T17:27:46.156152,1,0.0,0,0,0,92.7,48.21
2026-07-18T17:27:46.182217,1,0.0,0,0,0,0.0,48.21
2026-07-18T17:27:46.195173,1,0.0,0,0,0,102.4,48.21
2026-07-18T17:27:46.341816,1,0.0,0,0,0,33.3,48.21
2026-07-18T17:27:46.367640,1,0.0,0,0,0,38.6,48.21
2026-07-18T17:27:46.374097,1,0.0,0,0,0,0.0,48.21
2026-07-18T17:27:46.388216,1,0.0,0,0,0,88.0,48.21
2026-07-18T17:27:46.408905,1,0.0,0,0,0,0.0,48.21
2026-07-18T17:27:46.416974,1,0.0,0,0,0,442.3,48.21
2026-07-18T17:27:46.480255,1,0.0,0,0,0,30.2,48.21
2026-07-18T17:27:46.692789,3,0.0,0,0,0,28.6,48.21
2026-07-18T17:27:46.704930,4,0.0,0,0,0,60.5,48.21
2026-07-18T17:27:47.408408,1,0.0,0,0,0,30.1,48.21
2026-07-18T17:27:47.420334,4,0.0,0,0,0,0.0,48.21
2026-07-18T17:27:47.425097,3,0.0,0,0,0,0.0,48.21
2026-07-18T17:27:48.701751,2,0.0,0,0,0,14.2,48.21
2026-07-18T17:27:49.400199,4,0.0,0,0,0,20.1,48.21
2026-07-18T17:27:49.404926,1,0.0,0,0,0,0.0,48.21
2026-07-18T17:27:49.425292,3,0.0,0,0,0,0.0,48.21
2026-07-18T17:27:51.663002,1,0.0,0,0,0,21.0,48.21
2026-07-18T17:27:51.669612,3,0.0,0,0,0,0.0,48.21
2026-07-18T17:27:51.670389,4,0.0,0,0,0,0.0,48.21
2026-07-18T17:27:52.037134,2,0.0,0,0,0,22.2,48.21
2026-07-18T17:27:53.471642,1,0.0,0,0,0,17.4,48.21
2026-07-18T17:27:53.486135,4,0.0,0,0,0,0.0,48.21
2026-07-18T17:27:53.488922,3,0.0,0,0,0,0.0,48.21
2026-07-18T17:27:54.106688,2,0.0,0,0,0,21.2,48.21
2026-07-18T17:27:55.618276,4,0.0,0,0,0,21.8,48.21
2026-07-18T17:27:55.618469,1,0.0,0,0,0,0.0,48.21
2026-07-18T17:27:55.619720,3,0.0,0,0,0,0.0,48.21
2026-07-18T17:27:56.136029,2,0.0,0,0,0,17.4,48.21
2026-07-18T17:27:57.838057,3,0.0,0,0,0,20.0,48.21
2026-07-18T17:27:57.844277,1,0.0,0,0,0,0.0,48.21
2026-07-18T17:27:57.849022,4,0.0,0,0,0,0.0,48.21
2026-07-18T17:27:58.504906,2,0.0,0,0,0,23.0,48.21
2026-07-18T17:27:59.621190,4,0.0,0,0,0,18.7,48.21
2026-07-18T17:27:59.621518,1,0.0,0,0,0,0.0,48.21
2026-07-18T17:27:59.621686,3,0.0,0,0,0,0.0,48.21
2026-07-18T17:28:00.817022,2,0.0,0,0,0,25.9,48.21
2026-07-18T17:28:01.629804,1,0.0,0,0,0,23.5,48.21
2026-07-18T17:28:01.653521,3,0.0,0,0,0,51.1,48.21
2026-07-18T17:28:01.655731,4,0.0,0,0,0,0.0,48.21
2026-07-18T17:28:02.734331,2,0.0,0,0,0,22.3,48.21
2026-07-18T17:28:03.634553,3,0.0,0,0,0,22.2,48.21
2026-07-18T17:28:03.658728,1,0.0,0,0,0,34.5,48.21
2026-07-18T17:28:03.659036,4,0.0,0,0,0,0.0,48.21
2026-07-18T17:28:05.428260,2,0.0,0,0,0,18.7,48.21
2026-07-18T17:28:08.145985,3,0.0,0,0,0,30.2,48.21
2026-07-18T17:28:08.152143,4,0.0,0,0,0,0.0,48.21
2026-07-18T17:28:10.700842,3,0.0,0,0,0,29.8,48.21
2026-07-18T17:28:13.458014,3,0.0,0,0,0,30.8,48.21
2026-07-18T17:28:14.910937,3,0.0,0,0,0,33.0,48.21
2026-07-18T17:28:17.323716,3,0.0,0,0,0,30.8,48.21
2026-07-18T17:28:19.772642,3,0.0,0,0,0,31.7,48.21
2026-07-18T17:28:21.283030,3,0.0,0,0,0,33.1,48.21
2026-07-18T17:28:23.767795,3,0.0,0,0,0,31.0,48.21
2026-07-18T17:28:25.735407,3,0.0,0,0,0,35.1,48.21
2026-07-18T17:28:29.019084,3,0.0,0,0,0,30.8,48.21
2026-07-18T17:28:31.813323,3,0.0,0,0,0,29.0,48.21
2026-07-18T17:28:34.127023,3,0.0,0,0,0,29.0,48.21
2026-07-18T17:28:36.495004,3,0.0,0,0,0,34.2,48.21
2026-07-18T17:28:39.280231,3,0.0,0,0,0,19.7,48.21
2026-07-18T17:28:40.983989,3,0.0,0,0,0,22.3,48.21
2026-07-18T17:28:44.228128,3,0.0,0,0,0,19.1,48.21
2026-07-18T17:28:44.750090,3,0.0,0,0,0,43.8,48.21
2026-07-18T17:28:46.072481,3,0.0,0,0,0,41.7,48.21
2026-07-18T17:28:48.440821,3,0.0,0,0,0,36.7,48.21
2026-07-18T17:28:50.219898,3,0.0,0,0,0,43.3,48.21
2026-07-18T17:28:52.316117,3,0.0,0,0,0,42.4,48.21
2026-07-18T17:28:54.420223,3,0.0,0,0,0,42.3,48.21
2026-07-18T17:28:56.549572,3,0.0,0,0,0,42.3,48.21
2026-07-18T17:28:59.500325,3,0.0,0,0,0,41.0,48.21
2026-07-18T17:29:01.702454,3,0.0,0,0,0,42.2,48.21
2026-07-18T17:29:03.790873,3,0.0,0,0,0,43.5,48.21
2026-07-18T17:29:05.821028,3,0.0,0,0,0,42.4,48.21
2026-07-18T17:29:08.260290,3,0.0,0,0,0,43.9,48.21
2026-07-18T17:29:10.686493,3,0.0,0,0,0,36.7,48.21
2026-07-18T17:29:12.015508,3,0.0,0,0,0,42.2,48.21
2026-07-18T17:29:13.629324,3,0.0,0,0,0,42.7,48.21
2026-07-18T17:29:16.093227,3,0.0,0,0,0,37.7,48.21
2026-07-18T17:29:18.260214,3,0.0,0,0,0,45.7,48.21
2026-07-18T17:29:20.592159,3,0.0,0,0,0,42.9,48.21
2026-07-18T17:29:22.510837,3,0.0,0,0,0,42.2,48.21
2026-07-18T17:29:24.549124,3,0.0,0,0,0,43.7,48.21
2026-07-18T17:29:26.716575,3,0.0,0,0,0,44.3,48.21
2026-07-18T17:29:28.704271,3,0.0,0,0,0,42.2,48.21
2026-07-18T17:29:30.887352,3,0.0,0,0,0,43.1,48.21
2026-07-18T17:29:33.124855,3,0.0,0,0,0,46.0,48.21
2026-07-18T17:29:35.167819,3,0.0,0,0,0,53.4,48.21
2026-07-18T17:29:37.689574,3,0.0,0,0,0,43.6,48.21
2026-07-18T17:29:39.777204,3,0.0,0,0,0,32.1,48.21
2026-07-18T17:29:41.912979,3,0.0,0,0,0,32.0,48.21
2026-07-18T17:29:43.832652,3,0.0,0,0,0,26.4,48.21
2026-07-18T17:29:46.439506,3,0.0,0,0,0,26.4,48.21
2026-07-18T17:29:48.366828,3,0.0,0,0,0,30.6,48.21
2026-07-18T17:29:51.052240,3,0.0,0,0,0,24.6,48.21
2026-07-18T17:29:52.761466,3,0.0,0,0,0,29.2,48.21
2026-07-18T17:29:55.749530,3,0.0,0,0,0,17.7,48.21
2026-07-18T17:29:57.143600,3,0.0,0,0,0,31.6,48.21
2026-07-18T17:29:59.220348,3,0.0,0,0,0,34.7,48.21
2026-07-18T17:30:00.919383,3,0.0,0,0,0,54.7,48.21
2026-07-18T17:30:03.122134,3,0.0,0,0,0,46.8,48.21
2026-07-18T17:30:04.941189,3,0.0,0,0,0,52.2,48.21
2026-07-18T17:30:06.936814,3,0.0,0,0,0,51.6,48.21
2026-07-18T17:30:09.953680,3,0.0,0,0,0,40.6,48.21
2026-07-18T17:30:12.176961,3,0.0,0,0,0,17.0,48.21
2026-07-18T17:30:14.211495,3,0.0,0,0,0,31.5,48.21
2026-07-18T17:30:16.016389,3,0.0,0,0,0,51.0,48.21
2026-07-18T17:30:18.598924,3,0.0,0,0,0,48.4,48.21
2026-07-18T17:30:21.099020,3,0.0,0,0,0,34.4,48.21
2026-07-18T17:30:22.395005,3,0.0,0,0,0,55.6,48.21
2026-07-18T17:30:25.435207,3,0.0,0,0,0,34.3,48.21
2026-07-18T17:30:27.128178,3,0.0,0,0,0,31.3,48.21
2026-07-18T17:30:29.356227,3,0.0,0,0,0,37.7,48.21
2026-07-18T17:30:31.376352,3,0.0,0,0,0,56.4,48.21
2026-07-18T17:30:33.112758,3,0.0,0,0,0,60.5,48.21
2026-07-18T17:30:35.644203,3,0.0,0,0,0,54.1,48.21
2026-07-18T17:30:38.052576,3,0.0,0,0,0,51.5,48.21
2026-07-18T17:30:40.070687,3,0.0,0,0,0,58.0,48.21
2026-07-18T17:30:42.053926,3,0.0,0,0,0,54.9,48.21
2026-07-18T17:30:44.063114,3,0.0,0,0,0,51.7,48.21
2026-07-18T17:30:46.110085,3,0.0,0,0,0,50.8,48.21
2026-07-18T17:30:48.108160,3,0.0,0,0,0,56.1,48.21
2026-07-18T17:30:50.438323,3,0.0,0,0,0,51.1,48.21
2026-07-18T17:30:52.400105,3,0.0,0,0,0,61.2,48.21
2026-07-18T17:30:54.479896,3,0.0,0,0,0,59.6,48.21
2026-07-18T17:30:56.810862,3,0.0,0,0,0,56.6,48.21
2026-07-18T17:30:58.752800,3,0.0,0,0,0,51.0,48.21
2026-07-18T17:31:00.749106,3,0.0,0,0,0,53.6,48.21
2026-07-18T17:31:03.149991,3,0.0,0,0,0,45.0,48.21
2026-07-18T17:31:05.300220,3,0.0,0,0,0,51.6,48.21
2026-07-18T17:31:06.121088,1,0.0,0,0,0,53.6,48.21
2026-07-18T17:31:07.646522,3,0.0,0,0,0,47.8,48.21
2026-07-18T17:31:09.787968,3,0.0,0,0,0,54.2,48.21
2026-07-18T17:31:11.907235,3,0.0,0,0,0,51.0,48.21
2026-07-18T17:31:18.501905,1,0.0,0,0,0,56.1,48.21
2026-07-18T17:31:18.504954,1,0.0,0,0,0,0.0,48.21
2026-07-18T17:31:18.508143,1,0.0,0,0,0,271.5,48.21
2026-07-18T17:31:18.512289,1,0.0,0,0,0,0.0,48.21
2026-07-18T17:31:18.516337,1,0.0,0,0,0,0.0,48.21
2026-07-18T17:31:18.519430,1,0.0,0,0,0,0.0,48.21
2026-07-18T17:31:18.523058,1,0.0,0,0,0,325.8,48.21
2026-07-18T17:31:18.525674,1,0.0,0,0,0,0.0,48.21
2026-07-18T17:31:18.549264,1,0.0,0,0,0,83.9,48.21
2026-07-18T17:31:18.552960,1,0.0,0,0,0,0.0,48.21
2026-07-18T17:31:18.558964,1,0.0,0,0,0,165.2,48.21
2026-07-18T17:31:18.564017,1,0.0,0,0,0,0.0,48.21
2026-07-18T17:31:18.568558,1,0.0,0,0,0,203.1,48.21
2026-07-18T17:31:18.721103,3,0.0,0,0,0,39.3,48.21
2026-07-18T17:31:20.589707,3,0.0,0,0,0,58.3,48.21
2026-07-18T17:31:22.735862,3,0.0,0,0,0,53.6,48.21
2026-07-18T17:31:25.060430,3,0.0,0,0,0,57.6,48.21
2026-07-18T17:31:26.992825,3,0.0,0,0,0,54.3,48.21
2026-07-18T17:31:29.066148,3,0.0,0,0,0,52.6,48.21
2026-07-18T17:31:31.568139,3,0.0,0,0,0,45.2,48.21
2026-07-18T17:31:33.629125,3,0.0,0,0,0,52.3,48.21
2026-07-18T17:31:35.583561,3,0.0,0,0,0,51.7,48.21
2026-07-18T17:31:37.683447,3,0.0,0,0,0,59.0,48.21
2026-07-18T17:31:39.692970,3,0.0,0,0,0,54.7,48.21
2026-07-18T17:31:41.946205,3,0.0,0,0,0,54.6,48.21
2026-07-18T17:31:43.896983,3,0.0,0,0,0,53.4,48.21
2026-07-18T17:31:45.964036,3,0.0,0,0,0,54.1,48.21
2026-07-18T17:31:48.211142,3,0.0,0,0,0,53.0,48.21
2026-07-18T17:31:50.304997,3,0.0,0,0,0,51.6,48.21
2026-07-18T17:31:52.896836,3,0.0,0,0,0,47.1,48.21
2026-07-18T17:31:54.642059,3,0.0,0,0,0,52.7,48.21
2026-07-18T17:31:56.993200,3,0.0,0,0,0,49.8,48.21
2026-07-18T17:31:59.507222,3,0.0,0,0,0,49.8,48.21
2026-07-18T17:32:01.893284,3,0.0,0,0,0,52.8,48.21
2026-07-18T17:32:03.832116,3,0.0,0,0,0,53.6,48.21
2026-07-18T17:32:05.729598,3,0.0,0,0,0,49.5,48.21
2026-07-18T17:32:07.687040,3,0.0,0,0,0,50.6,48.21
2026-07-18T17:32:09.850881,3,0.0,0,0,0,47.6,48.21
2026-07-18T17:32:11.902784,3,0.0,0,0,0,44.4,48.21
2026-07-18T17:32:13.722012,3,0.0,0,0,0,55.5,48.21
2026-07-18T17:32:15.851830,3,0.0,0,0,0,50.2,48.21
2026-07-18T17:32:17.996291,3,0.0,0,0,0,63.0,48.21
2026-07-18T17:32:20.095871,3,0.0,0,0,0,53.3,48.21
2026-07-18T17:32:22.069907,3,0.0,0,0,0,55.7,48.21
2026-07-18T17:32:24.204256,3,0.0,0,0,0,50.6,48.21
2026-07-18T17:32:26.482018,3,0.0,0,0,0,49.2,48.21
2026-07-18T17:32:28.331777,3,0.0,0,0,0,54.1,48.21
2026-07-18T17:32:30.544089,3,0.0,0,0,0,40.2,48.21
2026-07-18T17:32:32.675981,3,0.0,0,0,0,44.1,48.21
2026-07-18T17:32:34.410981,3,0.0,0,0,0,52.4,48.21
2026-07-18T17:32:36.832472,3,0.0,0,0,0,54.1,48.21
2026-07-18T17:32:39.723731,3,0.0,0,0,0,33.9,48.21
2026-07-18T17:32:41.928326,3,0.0,0,0,0,34.0,48.21
2026-07-18T17:32:44.012360,3,0.0,0,0,0,47.5,48.21
2026-07-18T17:32:45.633936,3,0.0,0,0,0,46.9,48.21
2026-07-18T17:32:48.049570,3,0.0,0,0,0,50.9,48.21
2026-07-18T17:32:50.023305,3,0.0,0,0,0,55.8,48.21
2026-07-18T17:32:51.779760,3,0.0,0,0,0,51.2,48.21
2026-07-18T17:32:54.856094,3,0.0,0,0,0,49.4,48.21
2026-07-18T17:32:56.538181,3,0.0,0,0,0,52.3,48.21
2026-07-18T17:32:58.754160,3,0.0,0,0,0,51.0,48.21
2026-07-18T17:33:00.673635,3,0.0,0,0,0,55.2,48.21
2026-07-18T17:33:03.427654,3,0.0,0,0,0,52.7,48.21
2026-07-18T17:33:05.485169,3,0.0,0,0,0,59.3,48.21
2026-07-18T17:33:07.412098,3,0.0,0,0,0,55.5,48.21
2026-07-18T17:33:10.049151,3,0.0,0,0,0,51.6,48.21
2026-07-18T17:33:12.368956,3,0.0,0,0,0,47.4,48.21
2026-07-18T17:33:14.054406,3,0.0,0,0,0,46.9,48.21
2026-07-18T17:33:16.347928,3,0.0,0,0,0,48.4,48.21
2026-07-18T17:33:17.954767,3,0.0,0,0,0,52.9,48.21
2026-07-18T17:33:20.246232,3,0.0,0,0,0,49.3,48.21
2026-07-18T17:33:22.397374,3,0.0,0,0,0,52.5,48.21
2026-07-18T17:33:25.002079,3,0.0,0,0,0,48.0,48.21
2026-07-18T17:33:26.764149,3,0.0,0,0,0,49.9,48.21
2026-07-18T17:33:28.918845,3,0.0,0,0,0,50.6,48.21
2026-07-18T17:33:30.987867,3,0.0,0,0,0,55.6,48.21
2026-07-18T17:33:33.155021,3,0.0,0,0,0,51.7,48.21
2026-07-18T17:33:35.137288,3,0.0,0,0,0,49.9,48.21
2026-07-18T17:33:37.453772,3,0.0,0,0,0,52.2,48.21
2026-07-18T17:33:39.627131,3,0.0,0,0,0,51.0,48.21
2026-07-18T17:33:41.745011,3,0.0,0,0,0,46.8,48.21
2026-07-18T17:33:43.582267,3,0.0,0,0,0,46.2,48.21
2026-07-18T17:33:45.744042,3,0.0,0,0,0,58.8,48.21
2026-07-18T17:33:47.993981,3,0.0,0,0,0,54.2,48.21
2026-07-18T17:33:50.459036,3,0.0,0,0,0,45.0,48.21
2026-07-18T17:33:52.325118,3,0.0,0,0,0,46.7,48.21
2026-07-18T17:33:54.443142,3,0.0,0,0,0,48.1,48.21
2026-07-18T17:33:56.276618,3,0.0,0,0,0,55.6,48.21
2026-07-18T17:33:58.649086,3,0.0,0,0,0,50.2,48.21
2026-07-18T17:34:00.978798,3,0.0,0,0,0,51.6,48.21
2026-07-18T17:34:02.883744,3,0.0,0,0,0,46.1,48.21
2026-07-18T17:34:05.240295,3,0.0,0,0,0,56.9,48.21
2026-07-18T17:34:07.381469,3,0.0,0,0,0,50.0,48.21
2026-07-18T17:34:09.573237,3,0.0,0,0,0,51.1,48.21
2026-07-18T17:34:11.881462,3,0.0,0,0,0,53.7,48.21
2026-07-18T17:34:13.779847,3,0.0,0,0,0,43.8,48.21
2026-07-18T17:34:15.035928,3,0.0,0,0,0,58.1,48.21
2026-07-18T17:34:17.596399,3,0.0,0,0,0,43.0,48.21
2026-07-18T17:34:19.650973,3,0.0,0,0,0,40.4,48.21
2026-07-18T17:34:22.134876,3,0.0,0,0,0,44.7,48.21
2026-07-18T17:34:24.145106,3,0.0,0,0,0,42.3,48.21
2026-07-18T17:34:25.875003,3,0.0,0,0,0,42.7,48.21
2026-07-18T17:34:28.331959,3,0.0,0,0,0,43.2,48.21
2026-07-18T17:34:30.616422,3,0.0,0,0,0,39.8,48.21
2026-07-18T17:34:32.241060,3,0.0,0,0,0,44.9,48.21
2026-07-18T17:34:34.660187,3,0.0,0,0,0,43.0,48.21
2026-07-18T17:34:36.772795,3,0.0,0,0,0,55.4,48.21
2026-07-18T17:34:38.508508,3,0.0,0,0,0,54.2,48.21
2026-07-18T17:34:41.334741,3,0.0,0,0,0,42.8,48.21
2026-07-18T17:34:42.206096,4,0.0,0,0,0,27.6,48.21
2026-07-18T17:34:42.213254,4,0.0,0,0,0,102.1,48.21
2026-07-18T17:34:42.234025,4,0.0,0,0,0,0.0,48.21
2026-07-18T17:34:42.241045,4,0.0,0,0,0,0.0,48.21
2026-07-18T17:34:42.254235,4,0.0,0,0,0,0.0,48.21
2026-07-18T17:34:42.263969,4,0.0,0,0,0,106.7,48.21
2026-07-18T17:34:42.269999,4,0.0,0,0,0,0.0,48.21
2026-07-18T17:34:42.283100,4,0.0,0,0,0,76.7,48.21
2026-07-18T17:34:42.330503,4,0.0,0,0,0,23.1,48.21
2026-07-18T17:34:42.344242,4,0.0,0,0,0,61.0,48.21
2026-07-18T17:34:42.354528,4,0.0,0,0,0,0.0,48.21
2026-07-18T17:34:42.364209,4,0.0,0,0,0,0.0,48.21
2026-07-18T17:34:42.378138,4,0.0,0,0,0,79.3,48.21
2026-07-18T17:34:42.387145,4,0.0,0,0,0,0.0,48.21
2026-07-18T17:34:42.397335,4,0.0,0,0,0,104.4,48.21
2026-07-18T17:34:43.912677,3,0.0,0,0,0,31.1,48.21
2026-07-18T17:34:45.676297,3,0.0,0,0,0,24.9,48.21
2026-07-18T17:34:48.219433,3,0.0,0,0,0,27.9,48.21
2026-07-18T17:34:49.805221,3,0.0,0,0,0,45.4,48.21
2026-07-18T17:34:51.824031,3,0.0,0,0,0,53.5,48.21
2026-07-18T17:34:52.248852,1,0.0,0,0,0,54.1,48.21
2026-07-18T17:34:52.261066,1,0.0,0,0,0,99.9,48.21
2026-07-18T17:34:52.273449,1,0.0,0,0,0,0.0,48.21
2026-07-18T17:34:52.288873,1,0.0,0,0,0,134.7,48.21
2026-07-18T17:34:52.407329,1,0.0,0,0,0,25.5,48.21
2026-07-18T17:34:52.419887,1,0.0,0,0,0,81.7,48.21
2026-07-18T17:34:52.428974,1,0.0,0,0,0,0.0,48.21
2026-07-18T17:34:52.440900,1,0.0,0,0,0,87.8,48.21
2026-07-18T17:34:52.453369,1,0.0,0,0,0,67.0,48.21
2026-07-18T17:34:52.459584,1,0.0,0,0,0,183.2,48.21
2026-07-18T17:34:52.464478,1,0.0,0,0,0,0.0,48.21
2026-07-18T17:34:52.469961,1,0.0,0,0,0,183.1,48.21
2026-07-18T17:34:52.495284,1,0.0,0,0,0,81.2,48.21
2026-07-18T17:34:52.499779,1,0.0,0,0,0,0.0,48.21
2026-07-18T17:34:52.502982,1,0.0,0,0,0,328.5,48.21
2026-07-18T17:34:52.507003,1,0.0,0,0,0,0.0,48.21
2026-07-18T17:34:52.510288,1,0.0,0,0,0,0.0,48.21
2026-07-18T17:34:52.513277,1,0.0,0,0,0,329.5,48.21
2026-07-18T17:34:52.515951,1,0.0,0,0,0,0.0,48.21
2026-07-18T17:34:52.518994,1,0.0,0,0,0,0.0,48.21
2026-07-18T17:34:52.536986,1,0.0,0,0,0,111.0,48.21
2026-07-18T17:34:52.539303,1,0.0,0,0,0,426.6,48.21
2026-07-18T17:34:52.541198,1,0.0,0,0,0,0.0,48.21
2026-07-18T17:34:52.543454,1,0.0,0,0,0,0.0,48.21
2026-07-18T17:34:52.546280,1,0.0,0,0,0,0.0,48.21
2026-07-18T17:34:52.553920,1,0.0,0,0,0,137.2,48.21
2026-07-18T17:34:52.613124,1,0.0,0,0,0,52.0,48.21
2026-07-18T17:34:52.621927,1,0.0,0,0,0,0.0,48.21
2026-07-18T17:34:52.629538,1,0.0,0,0,0,0.0,48.21
2026-07-18T17:34:52.637240,1,0.0,0,0,0,95.9,48.21
2026-07-18T17:34:52.647425,1,0.0,0,0,0,0.0,48.21
2026-07-18T17:34:52.663075,1,0.0,0,0,0,73.8,48.21
2026-07-18T17:34:52.677241,1,0.0,0,0,0,59.6,48.21
2026-07-18T17:34:52.690961,1,0.0,0,0,0,0.0,48.21
2026-07-18T17:34:52.763963,1,0.0,0,0,0,54.4,48.21
2026-07-18T17:34:52.767766,1,0.0,0,0,0,0.0,48.21
2026-07-18T17:34:52.771215,1,0.0,0,0,0,0.0,48.21
2026-07-18T17:34:52.774052,1,0.0,0,0,0,354.8,48.21
2026-07-18T17:34:52.776228,1,0.0,0,0,0,0.0,48.21
2026-07-18T17:34:52.779205,1,0.0,0,0,0,0.0,48.21
2026-07-18T17:34:52.781086,1,0.0,0,0,0,0.0,48.21
2026-07-18T17:34:52.783772,1,0.0,0,0,0,0.0,48.21
2026-07-18T17:34:52.825762,1,0.0,0,0,0,71.3,48.21
2026-07-18T17:34:52.827975,1,0.0,0,0,0,0.0,48.21
2026-07-18T17:34:52.830924,1,0.0,0,0,0,0.0,48.21
2026-07-18T17:34:52.833940,1,0.0,0,0,0,0.0,48.21
2026-07-18T17:34:52.836259,1,0.0,0,0,0,376.4,48.21
2026-07-18T17:34:52.839026,1,0.0,0,0,0,0.0,48.21
2026-07-18T17:34:52.842818,1,0.0,0,0,0,0.0,48.21
2026-07-18T17:34:52.846721,1,0.0,0,0,0,0.0,48.21
2026-07-18T17:34:52.891747,1,0.0,0,0,0,44.1,48.21
2026-07-18T17:34:52.894170,1,0.0,0,0,0,0.0,48.21
2026-07-18T17:34:52.896594,1,0.0,0,0,0,0.0,48.21
2026-07-18T17:34:52.898653,1,0.0,0,0,0,0.0,48.21
2026-07-18T17:34:52.901406,1,0.0,0,0,0,413.2,48.21
2026-07-18T17:34:52.904303,1,0.0,0,0,0,0.0,48.21
2026-07-18T17:34:52.907210,1,0.0,0,0,0,356.6,48.21
2026-07-18T17:34:52.911092,1,0.0,0,0,0,0.0,48.21
2026-07-18T17:34:52.951192,1,0.0,0,0,0,49.8,48.21
2026-07-18T17:34:52.959360,1,0.0,0,0,0,0.0,48.21
2026-07-18T17:34:52.965989,1,0.0,0,0,0,0.0,48.21
2026-07-18T17:34:52.972352,1,0.0,0,0,0,0.0,48.21
2026-07-18T17:34:52.978044,1,0.0,0,0,0,293.6,48.21
2026-07-18T17:34:52.982309,1,0.0,0,0,0,0.0,48.21
2026-07-18T17:34:52.988167,1,0.0,0,0,0,0.0,48.21
2026-07-18T17:34:52.993129,1,0.0,0,0,0,0.0,48.21
2026-07-18T17:34:53.011919,1,0.0,0,0,0,50.8,48.21
2026-07-18T17:34:53.014301,1,0.0,0,0,0,0.0,48.21
2026-07-18T17:34:53.016116,1,0.0,0,0,0,0.0,48.21
2026-07-18T17:34:53.017952,1,0.0,0,0,0,0.0,48.21
2026-07-18T17:34:53.019520,1,0.0,0,0,0,528.2,48.21
2026-07-18T17:34:53.021471,1,0.0,0,0,0,0.0,48.21
2026-07-18T17:34:53.023236,1,0.0,0,0,0,0.0,48.21
2026-07-18T17:34:53.025156,1,0.0,0,0,0,0.0,48.21
2026-07-18T17:34:53.049973,1,0.0,0,0,0,39.4,48.21
2026-07-18T17:34:53.051336,1,0.0,0,0,0,0.0,48.21
2026-07-18T17:34:53.053046,1,0.0,0,0,0,0.0,48.21
2026-07-18T17:34:53.054433,1,0.0,0,0,0,561.8,48.21
2026-07-18T17:34:53.055949,1,0.0,0,0,0,0.0,48.21
2026-07-18T17:34:53.057304,1,0.0,0,0,0,0.0,48.21
2026-07-18T17:34:53.060110,1,0.0,0,0,0,387.6,48.21
2026-07-18T17:34:53.061932,1,0.0,0,0,0,0.0,48.21
2026-07-18T17:34:53.095915,1,0.0,0,0,0,30.9,48.21
2026-07-18T17:34:53.100503,1,0.0,0,0,0,0.0,48.21
2026-07-18T17:34:53.106103,1,0.0,0,0,0,120.3,48.21
2026-07-18T17:34:53.112795,1,0.0,0,0,0,0.0,48.21
2026-07-18T17:34:53.119029,1,0.0,0,0,0,0.0,48.21
2026-07-18T17:34:53.124948,1,0.0,0,0,0,0.0,48.21
2026-07-18T17:34:53.130145,1,0.0,0,0,0,129.9,48.21
2026-07-18T17:34:53.136306,1,0.0,0,0,0,0.0,48.21
2026-07-18T17:34:53.175885,1,0.0,0,0,0,23.7,48.21
2026-07-18T17:34:53.178450,1,0.0,0,0,0,0.0,48.21
2026-07-18T17:34:53.181835,1,0.0,0,0,0,335.1,48.21
2026-07-18T17:34:53.184591,1,0.0,0,0,0,0.0,48.21
2026-07-18T17:34:53.187745,1,0.0,0,0,0,0.0,48.21
2026-07-18T17:34:53.190170,1,0.0,0,0,0,345.9,48.21
2026-07-18T17:34:53.193589,1,0.0,0,0,0,0.0,48.21
2026-07-18T17:34:53.196156,1,0.0,0,0,0,0.0,48.21
2026-07-18T17:34:53.238243,1,0.0,0,0,0,71.5,48.21
2026-07-18T17:34:53.240777,1,0.0,0,0,0,0.0,48.21
2026-07-18T17:34:53.245815,1,0.0,0,0,0,0.0,48.21
2026-07-18T17:34:53.333728,4,0.0,0,0,0,33.4,48.21
2026-07-18T17:34:53.339188,4,0.0,0,0,0,0.0,48.21
2026-07-18T17:34:53.346071,4,0.0,0,0,0,147.4,48.21
2026-07-18T17:34:53.350345,4,0.0,0,0,0,0.0,48.21
2026-07-18T17:34:53.411631,1,0.0,0,0,0,49.3,48.21
2026-07-18T17:34:54.073541,3,0.0,0,0,0,53.0,48.21
2026-07-18T17:34:55.347961,1,0.0,0,0,0,19.6,48.21
2026-07-18T17:34:56.241942,3,0.0,0,0,0,41.5,48.21
2026-07-18T17:34:56.274338,1,0.0,0,0,0,29.5,48.21
2026-07-18T17:34:56.857351,1,0.0,0,0,0,48.0,48.21
2026-07-18T17:34:57.853988,1,0.0,0,0,0,37.1,48.21
2026-07-18T17:34:58.264868,4,0.0,0,0,0,36.5,48.21
2026-07-18T17:34:58.340956,1,0.0,0,0,0,52.6,48.21
2026-07-18T17:34:58.545704,3,0.0,0,0,0,39.0,48.21
2026-07-18T17:34:58.597153,1,0.0,0,0,0,38.9,48.21
2026-07-18T17:34:59.625932,1,0.0,0,0,0,47.6,48.21
2026-07-18T17:35:00.066667,3,0.0,0,0,0,45.5,48.21
2026-07-18T17:35:00.154693,1,0.0,0,0,0,46.5,48.21
2026-07-18T17:35:00.350352,1,0.0,0,0,0,55.3,48.21
2026-07-18T17:35:00.704192,1,0.0,0,0,0,45.7,48.21
2026-07-18T17:35:00.880125,1,0.0,0,0,0,39.0,48.21
2026-07-18T17:35:01.404901,1,0.0,0,0,0,40.0,48.21
2026-07-18T17:35:01.987281,1,0.0,0,0,0,53.2,48.21
2026-07-18T17:35:02.468921,3,0.0,0,0,0,51.9,48.21
2026-07-18T17:35:02.541175,4,0.0,0,0,0,55.4,48.21
2026-07-18T17:35:02.770963,1,0.0,0,0,0,52.2,48.21
2026-07-18T17:35:02.983679,1,0.0,0,0,0,56.4,48.21
2026-07-18T17:35:03.261103,1,0.0,0,0,0,57.9,48.21
2026-07-18T17:35:03.499708,1,0.0,0,0,0,45.9,48.21
2026-07-18T17:35:03.649127,4,0.0,0,0,0,60.2,48.21
2026-07-18T17:35:03.653858,4,0.0,0,0,0,0.0,48.21
2026-07-18T17:35:03.713960,1,0.0,0,0,0,33.9,48.21
2026-07-18T17:35:04.285557,3,0.0,0,0,0,47.0,48.21
2026-07-18T17:35:04.286277,1,0.0,0,0,0,0.0,48.21
2026-07-18T17:35:04.341973,4,0.0,0,0,0,71.5,48.21
2026-07-18T17:35:04.764924,1,0.0,0,0,0,44.9,48.21
2026-07-18T17:35:05.397904,1,0.0,0,0,0,46.1,48.21
2026-07-18T17:35:05.555016,1,0.0,0,0,0,62.7,48.21
2026-07-18T17:35:05.626064,1,0.0,0,0,0,96.0,48.21
2026-07-18T17:35:05.806628,4,0.0,0,0,0,49.8,48.21
2026-07-18T17:35:05.832120,4,0.0,0,0,0,42.9,48.21
2026-07-18T17:35:05.845462,4,0.0,0,0,0,0.0,48.21
2026-07-18T17:35:05.846123,1,0.0,0,0,0,0.0,48.21
2026-07-18T17:35:05.851983,4,0.0,0,0,0,210.4,48.21
2026-07-18T17:35:05.870364,4,0.0,0,0,0,57.2,48.21
2026-07-18T17:35:05.878420,4,0.0,0,0,0,96.4,48.21
2026-07-18T17:35:05.885296,4,0.0,0,0,0,0.0,48.21
2026-07-18T17:35:05.901959,4,0.0,0,0,0,60.2,48.21
2026-07-18T17:35:05.911700,4,0.0,0,0,0,0.0,48.21
2026-07-18T17:35:05.925553,4,0.0,0,0,0,72.7,48.21
2026-07-18T17:35:05.930086,4,0.0,0,0,0,205.6,48.21
2026-07-18T17:35:05.935066,4,0.0,0,0,0,0.0,48.21
2026-07-18T17:35:05.954170,4,0.0,0,0,0,52.3,48.21
2026-07-18T17:35:05.970867,4,0.0,0,0,0,67.0,48.21
2026-07-18T17:35:06.031212,4,0.0,0,0,0,64.6,48.21
2026-07-18T17:35:06.046074,4,0.0,0,0,0,0.0,48.21
2026-07-18T17:35:06.057274,4,0.0,0,0,0,87.5,48.21
2026-07-18T17:35:06.059209,1,0.0,0,0,0,0.0,48.21
2026-07-18T17:35:06.061842,1,0.0,0,0,0,0.0,48.21
2026-07-18T17:35:06.072347,4,0.0,0,0,0,91.8,48.21
2026-07-18T17:35:06.077379,4,0.0,0,0,0,0.0,48.21
2026-07-18T17:35:06.081358,4,0.0,0,0,0,0.0,48.21
2026-07-18T17:35:06.094667,4,0.0,0,0,0,77.2,48.21
2026-07-18T17:35:06.099923,3,0.0,0,0,0,178.5,48.21
2026-07-18T17:35:06.101166,4,0.0,0,0,0,0.0,48.21
2026-07-18T17:35:06.105580,4,0.0,0,0,0,0.0,48.21
2026-07-18T17:35:06.117973,4,0.0,0,0,0,80.7,48.21
2026-07-18T17:35:06.124127,4,0.0,0,0,0,162.6,48.21
2026-07-18T17:35:06.136796,4,0.0,0,0,0,79.1,48.21
2026-07-18T17:35:06.156787,4,0.0,0,0,0,118.4,48.21
2026-07-18T17:35:06.177335,4,0.0,0,0,0,42.4,48.21
2026-07-18T17:35:06.224022,4,0.0,0,0,0,42.8,48.21
2026-07-18T17:35:06.235378,4,0.0,0,0,0,0.0,48.21
2026-07-18T17:35:06.297229,4,0.0,0,0,0,32.3,48.21
2026-07-18T17:35:06.304702,1,0.0,0,0,0,0.0,48.21
2026-07-18T17:35:06.304948,4,0.0,0,0,0,0.0,48.21
2026-07-18T17:35:06.319864,4,0.0,0,0,0,69.2,48.21
2026-07-18T17:35:06.360444,4,0.0,0,0,0,53.3,48.21
2026-07-18T17:35:06.369401,4,0.0,0,0,0,0.0,48.21
2026-07-18T17:35:06.379995,4,0.0,0,0,0,110.8,48.21
2026-07-18T17:35:06.390505,4,0.0,0,0,0,0.0,48.21
2026-07-18T17:35:06.393319,4,0.0,0,0,0,350.7,48.21
2026-07-18T17:35:06.397202,4,0.0,0,0,0,0.0,48.21
2026-07-18T17:35:06.406644,4,0.0,0,0,0,107.7,48.21
2026-07-18T17:35:06.419202,4,0.0,0,0,0,79.0,48.21
2026-07-18T17:35:06.455113,4,0.0,0,0,0,56.5,48.21
2026-07-18T17:35:06.470733,4,0.0,0,0,0,70.5,48.21
2026-07-18T17:35:06.501208,4,0.0,0,0,0,32.4,48.21
2026-07-18T17:35:06.547124,4,0.0,0,0,0,45.5,48.21
2026-07-18T17:35:06.554364,1,0.0,0,0,0,92.9,48.21
2026-07-18T17:35:06.556890,4,0.0,0,0,0,0.0,48.21
2026-07-18T17:35:06.567534,4,0.0,0,0,0,0.0,48.21
2026-07-18T17:35:06.616072,4,0.0,0,0,0,20.6,48.21
2026-07-18T17:35:06.627723,4,0.0,0,0,0,113.8,48.21
2026-07-18T17:35:06.658027,4,0.0,0,0,0,30.1,48.21
2026-07-18T17:35:06.661177,4,0.0,0,0,0,0.0,48.21
2026-07-18T17:35:06.664966,4,0.0,0,0,0,264.4,48.21
2026-07-18T17:35:06.707298,4,0.0,0,0,0,47.3,48.21
2026-07-18T17:35:06.761772,4,0.0,0,0,0,18.4,48.21
2026-07-18T17:35:06.790791,4,0.0,0,0,0,0.0,48.21
2026-07-18T17:35:06.840026,4,0.0,0,0,0,40.7,48.21
2026-07-18T17:35:06.847254,4,0.0,0,0,0,129.0,48.21
2026-07-18T17:35:06.895267,4,0.0,0,0,0,41.7,48.21
2026-07-18T17:35:06.901439,4,0.0,0,0,0,0.0,48.21
2026-07-18T17:35:06.905874,4,0.0,0,0,0,228.1,48.21
2026-07-18T17:35:06.906148,1,0.0,0,0,0,0.0,48.21
2026-07-18T17:35:06.938875,4,0.0,0,0,0,61.4,48.21
2026-07-18T17:35:06.942996,4,0.0,0,0,0,0.0,48.21
2026-07-18T17:35:06.946533,4,0.0,0,0,0,0.0,48.21
2026-07-18T17:35:07.000531,4,0.0,0,0,0,37.1,48.21
2026-07-18T17:35:07.007007,4,0.0,0,0,0,161.6,48.21
2026-07-18T17:35:07.058983,4,0.0,0,0,0,38.2,48.21
2026-07-18T17:35:07.066104,4,0.0,0,0,0,147.8,48.21
2026-07-18T17:35:07.076120,4,0.0,0,0,0,102.3,48.21
2026-07-18T17:35:07.081836,1,0.0,0,0,0,0.0,48.21
2026-07-18T17:35:07.143108,4,0.0,0,0,0,32.4,48.21
2026-07-18T17:35:07.147947,4,0.0,0,0,0,230.6,48.21
2026-07-18T17:35:07.152308,4,0.0,0,0,0,0.0,48.21
2026-07-18T17:35:07.186196,4,0.0,0,0,0,59.0,48.21
2026-07-18T17:35:07.191053,4,0.0,0,0,0,0.0,48.21
2026-07-18T17:35:07.196230,4,0.0,0,0,0,0.0,48.21
2026-07-18T17:35:07.217525,4,0.0,0,0,0,95.3,48.21
2026-07-18T17:35:07.217941,1,0.0,0,0,0,0.0,48.21
2026-07-18T17:35:07.228105,4,0.0,0,0,0,99.4,48.21
2026-07-18T17:35:07.341284,4,0.0,0,0,0,35.4,48.21
2026-07-18T17:35:07.361539,4,0.0,0,0,0,98.0,48.21
2026-07-18T17:35:07.374144,4,0.0,0,0,0,159.3,48.21
2026-07-18T17:35:07.434191,4,0.0,0,0,0,33.3,48.21
2026-07-18T17:35:07.443114,4,0.0,0,0,0,111.7,48.21
2026-07-18T17:35:07.544986,4,0.0,0,0,0,29.6,48.21
2026-07-18T17:35:07.557905,4,0.0,0,0,0,155.0,48.21
2026-07-18T17:35:07.568054,4,0.0,0,0,0,94.1,48.21
2026-07-18T17:35:07.651000,4,0.0,0,0,0,36.2,48.21
2026-07-18T17:35:07.656663,4,0.0,0,0,0,177.4,48.21
2026-07-18T17:35:07.664803,4,0.0,0,0,0,0.0,48.21
2026-07-18T17:35:07.760617,4,0.0,0,0,0,41.6,48.21
2026-07-18T17:35:07.768097,4,0.0,0,0,0,140.6,48.21
2026-07-18T17:35:07.768608,1,0.0,0,0,0,0.0,48.21
2026-07-18T17:35:07.776971,4,0.0,0,0,0,0.0,48.21
2026-07-18T17:35:07.835191,4,0.0,0,0,0,51.2,48.21
2026-07-18T17:35:07.846052,4,0.0,0,0,0,97.6,48.21
2026-07-18T17:35:07.909723,4,0.0,0,0,0,46.8,48.21
2026-07-18T17:35:07.915623,4,0.0,0,0,0,161.1,48.21
2026-07-18T17:35:07.921986,4,0.0,0,0,0,0.0,48.21
2026-07-18T17:35:07.967280,4,0.0,0,0,0,43.7,48.21
2026-07-18T17:35:07.971910,4,0.0,0,0,0,0.0,48.21
2026-07-18T17:35:07.977789,4,0.0,0,0,0,161.5,48.21
2026-07-18T17:35:08.031532,4,0.0,0,0,0,37.7,48.21
2026-07-18T17:35:08.038082,4,0.0,0,0,0,149.0,48.21
2026-07-18T17:35:08.096871,4,0.0,0,0,0,34.0,48.21
2026-07-18T17:35:08.102452,4,0.0,0,0,0,0.0,48.21
2026-07-18T17:35:08.110518,4,0.0,0,0,0,114.4,48.21
2026-07-18T17:35:08.168746,4,0.0,0,0,0,51.9,48.21
2026-07-18T17:35:08.177015,4,0.0,0,0,0,120.3,48.21
2026-07-18T17:35:08.179898,1,0.0,0,0,0,0.0,48.21
2026-07-18T17:35:08.215233,4,0.0,0,0,0,55.8,48.21
2026-07-18T17:35:08.219933,4,0.0,0,0,0,0.0,48.21
2026-07-18T17:35:08.226125,4,0.0,0,0,0,152.1,48.21
2026-07-18T17:35:08.256765,4,0.0,0,0,0,66.6,48.21
2026-07-18T17:35:08.261017,4,0.0,0,0,0,0.0,48.21
2026-07-18T17:35:08.264591,4,0.0,0,0,0,0.0,48.21
2026-07-18T17:35:08.332188,4,0.0,0,0,0,44.5,48.21
2026-07-18T17:35:08.342078,4,0.0,0,0,0,101.6,48.21
2026-07-18T17:35:08.410879,3,0.0,0,0,0,29.0,48.21
2026-07-18T17:35:08.414921,4,0.0,0,0,0,273.0,48.21
2026-07-18T17:35:08.423051,4,0.0,0,0,0,0.0,48.21
2026-07-18T17:35:08.430145,4,0.0,0,0,0,148.7,48.21
2026-07-18T17:35:08.484142,4,0.0,0,0,0,36.8,48.21
2026-07-18T17:35:08.486980,1,0.0,0,0,0,343.3,48.21
2026-07-18T17:35:08.490085,4,0.0,0,0,0,0.0,48.21
2026-07-18T17:35:08.516967,4,0.0,0,0,0,36.7,48.21
2026-07-18T17:35:08.523995,4,0.0,0,0,0,141.7,48.21
2026-07-18T17:35:08.530243,4,0.0,0,0,0,161.0,48.21
2026-07-18T17:35:08.667474,4,0.0,0,0,0,29.2,48.21
2026-07-18T17:35:08.687844,4,0.0,0,0,0,100.4,48.21
2026-07-18T17:35:08.705339,4,0.0,0,0,0,111.5,48.21
2026-07-18T17:35:08.815806,4,0.0,0,0,0,36.4,48.21
2026-07-18T17:35:08.833994,4,0.0,0,0,0,110.6,48.21
2026-07-18T17:35:08.931365,4,0.0,0,0,0,51.0,48.21
2026-07-18T17:35:08.936785,4,0.0,0,0,0,0.0,48.21
2026-07-18T17:35:08.940211,4,0.0,0,0,0,0.0,48.21
2026-07-18T17:35:08.981521,4,0.0,0,0,0,48.3,48.21
2026-07-18T17:35:08.984908,4,0.0,0,0,0,0.0,48.21
2026-07-18T17:35:08.987146,1,0.0,0,0,0,0.0,48.21
2026-07-18T17:35:08.987394,4,0.0,0,0,0,0.0,48.21
2026-07-18T17:35:09.017484,4,0.0,0,0,0,33.6,48.21
2026-07-18T17:35:09.020060,4,0.0,0,0,0,349.8,48.21
2026-07-18T17:35:09.022892,4,0.0,0,0,0,0.0,48.21
2026-07-18T17:35:09.064182,4,0.0,0,0,0,49.0,48.21
2026-07-18T17:35:09.075015,4,0.0,0,0,0,89.2,48.21
2026-07-18T17:35:09.135748,4,0.0,0,0,0,33.0,48.21
2026-07-18T17:35:09.139437,4,0.0,0,0,0,0.0,48.21
2026-07-18T17:35:09.144017,4,0.0,0,0,0,218.0,48.21
2026-07-18T17:35:09.175210,4,0.0,0,0,0,32.1,48.21
2026-07-18T17:35:09.180332,4,0.0,0,0,0,195.0,48.21
2026-07-18T17:35:09.184291,4,0.0,0,0,0,0.0,48.21
2026-07-18T17:35:09.213033,4,0.0,0,0,0,35.4,48.21
2026-07-18T17:35:09.217036,4,0.0,0,0,0,243.3,48.21
2026-07-18T17:35:09.242472,4,0.0,0,0,0,38.8,48.21
2026-07-18T17:35:09.242936,1,0.0,0,0,0,0.0,48.21
2026-07-18T17:35:09.244847,4,0.0,0,0,0,0.0,48.21
2026-07-18T17:35:09.247474,4,0.0,0,0,0,0.0,48.21
2026-07-18T17:35:09.284711,4,0.0,0,0,0,81.5,48.21
2026-07-18T17:35:09.292212,4,0.0,0,0,0,0.0,48.21
2026-07-18T17:35:09.298976,4,0.0,0,0,0,160.7,48.21
2026-07-18T17:35:09.389316,4,0.0,0,0,0,33.0,48.21
2026-07-18T17:35:09.403176,4,0.0,0,0,0,144.6,48.21
2026-07-18T17:35:09.414907,4,0.0,0,0,0,88.7,48.21
2026-07-18T17:35:09.485796,4,0.0,0,0,0,42.0,48.21
2026-07-18T17:35:09.492624,4,0.0,0,0,0,0.0,48.21
2026-07-18T17:35:09.528844,4,0.0,0,0,0,54.9,48.21
2026-07-18T17:35:09.533605,4,0.0,0,0,0,0.0,48.21
2026-07-18T17:35:09.537318,4,0.0,0,0,0,0.0,48.21
2026-07-18T17:35:09.539166,4,0.0,0,0,0,522.5,48.21
2026-07-18T17:35:09.541807,4,0.0,0,0,0,0.0,48.21
2026-07-18T17:35:09.603852,4,0.0,0,0,0,32.1,48.21
2026-07-18T17:35:09.612201,4,0.0,0,0,0,125.9,48.21
2026-07-18T17:35:09.616885,1,0.0,0,0,0,0.0,48.21
2026-07-18T17:35:09.623986,4,0.0,0,0,0,0.0,48.21
2026-07-18T17:35:09.683926,4,0.0,0,0,0,49.8,48.21
2026-07-18T17:35:09.687538,4,0.0,0,0,0,0.0,48.21
2026-07-18T17:35:09.691322,4,0.0,0,0,0,263.5,48.21
2026-07-18T17:35:09.718095,4,0.0,0,0,0,37.4,48.21
2026-07-18T17:35:09.720769,4,0.0,0,0,0,0.0,48.21
2026-07-18T17:35:09.724069,4,0.0,0,0,0,0.0,48.21
2026-07-18T17:35:09.796736,1,0.0,0,0,0,55.0,48.21
2026-07-18T17:35:09.970289,1,0.0,0,0,0,40.3,48.21
2026-07-18T17:35:10.044782,1,0.0,0,0,0,67.1,48.21
2026-07-18T17:35:10.242281,1,0.0,0,0,0,45.6,48.21
2026-07-18T17:35:10.301483,4,0.0,0,0,0,33.7,48.21
2026-07-18T17:35:10.301971,3,0.0,0,0,0,0.0,48.21
2026-07-18T17:35:10.402966,1,0.0,0,0,0,49.9,48.21
2026-07-18T17:35:10.739234,1,0.0,0,0,0,41.6,48.21
2026-07-18T17:35:10.864055,1,0.0,0,0,0,48.2,48.21
2026-07-18T17:35:10.938219,1,0.0,0,0,0,80.4,48.21
2026-07-18T17:35:11.739850,1,0.0,0,0,0,34.9,48.21
2026-07-18T17:35:12.041976,1,0.0,0,0,0,49.7,48.21
2026-07-18T17:35:12.068757,1,0.0,0,0,0,72.9,48.21
2026-07-18T17:35:12.361143,1,0.0,0,0,0,44.5,48.21
2026-07-18T17:35:12.366298,3,0.0,0,0,0,211.9,48.21
2026-07-18T17:35:12.366871,4,0.0,0,0,0,0.0,48.21
2026-07-18T17:35:12.772332,1,0.0,0,0,0,27.2,48.21
2026-07-18T17:35:12.847134,1,0.0,0,0,0,92.6,48.21
2026-07-18T17:35:12.867375,1,0.0,0,0,0,49.6,48.21
2026-07-18T17:35:12.935710,1,0.0,0,0,0,103.0,48.21
2026-07-18T17:35:13.087335,1,0.0,0,0,0,65.9,48.21
2026-07-18T17:35:13.423798,1,0.0,0,0,0,62.4,48.21
2026-07-18T17:35:13.685064,1,0.0,0,0,0,53.7,48.21
2026-07-18T17:35:13.909111,1,0.0,0,0,0,48.9,48.21
2026-07-18T17:35:14.084330,1,0.0,0,0,0,45.7,48.21
2026-07-18T17:35:14.257875,1,0.0,0,0,0,47.1,48.21
2026-07-18T17:35:14.712056,3,0.0,0,0,0,52.4,48.21
2026-07-18T17:35:14.712360,4,0.0,0,0,0,0.0,48.21
2026-07-18T17:35:14.939821,1,0.0,0,0,0,52.8,48.21
2026-07-18T17:35:15.003659,1,0.0,0,0,0,47.0,48.21
2026-07-18T17:35:15.183835,1,0.0,0,0,0,61.2,48.21
2026-07-18T17:35:15.350800,1,0.0,0,0,0,41.8,48.21
2026-07-18T17:35:15.504043,1,0.0,0,0,0,58.8,48.21
2026-07-18T17:35:15.795081,1,0.0,0,0,0,51.5,48.21
2026-07-18T17:35:15.972976,3,0.0,0,0,0,11.3,48.21
2026-07-18T17:35:15.975769,4,0.0,0,0,0,0.0,48.21
2026-07-18T17:35:16.519180,1,0.0,0,0,0,29.4,48.21
2026-07-18T17:35:16.608094,1,0.0,0,0,0,67.5,48.21
2026-07-18T17:35:16.837336,1,0.0,0,0,0,61.1,48.21
2026-07-18T17:35:16.945327,1,0.0,0,0,0,55.6,48.21
2026-07-18T17:35:17.675920,1,0.0,0,0,0,35.6,48.21
2026-07-18T17:35:17.825829,1,0.0,0,0,0,60.1,48.21
2026-07-18T17:35:18.134041,1,0.0,0,0,0,48.8,48.21
2026-07-18T17:35:18.137361,1,0.0,0,0,0,0.0,48.21
2026-07-18T17:35:18.138606,1,0.0,0,0,0,297.5,48.21
2026-07-18T17:35:18.142047,1,0.0,0,0,0,0.0,48.21
2026-07-18T17:35:18.145179,1,0.0,0,0,0,224.2,48.21
2026-07-18T17:35:18.148401,1,0.0,0,0,0,0.0,48.21
2026-07-18T17:35:18.151086,1,0.0,0,0,0,0.0,48.21
2026-07-18T17:35:18.427506,3,0.0,0,0,0,46.7,48.21
2026-07-18T17:35:18.427805,4,0.0,0,0,0,0.0,48.21
2026-07-18T17:35:18.914985,1,0.0,0,0,0,32.9,48.21
2026-07-18T17:35:19.359190,1,0.0,0,0,0,58.5,48.21
2026-07-18T17:35:19.385324,1,0.0,0,0,0,84.9,48.21
2026-07-18T17:35:19.394161,1,0.0,0,0,0,0.0,48.21
2026-07-18T17:35:19.401797,1,0.0,0,0,0,0.0,48.21
2026-07-18T17:35:19.408232,1,0.0,0,0,0,153.8,48.21
2026-07-18T17:35:20.051179,4,0.0,0,0,0,31.1,48.21
2026-07-18T17:35:20.051547,3,0.0,0,0,0,0.0,48.21
2026-07-18T17:35:20.052203,1,0.0,0,0,0,0.0,48.21
2026-07-18T17:35:22.062208,3,0.0,0,0,0,22.4,48.21
2026-07-18T17:35:22.063015,1,0.0,0,0,0,0.0,48.21
2026-07-18T17:35:22.063265,4,0.0,0,0,0,0.0,48.21
2026-07-18T17:35:24.068178,3,0.0,0,0,0,24.4,48.21
2026-07-18T17:35:24.068829,1,0.0,0,0,0,0.0,48.21
2026-07-18T17:35:24.071491,4,0.0,0,0,0,0.0,48.21
2026-07-18T17:35:26.060194,3,0.0,0,0,0,20.6,48.21
2026-07-18T17:35:26.061826,4,0.0,0,0,0,0.0,48.21
2026-07-18T17:35:26.062287,1,0.0,0,0,0,0.0,48.21
2026-07-18T17:35:28.164830,1,0.0,0,0,0,23.3,48.21
2026-07-18T17:35:28.167219,3,0.0,0,0,0,0.0,48.21
2026-07-18T17:35:28.167675,4,0.0,0,0,0,0.0,48.21
2026-07-18T17:35:30.195807,1,0.0,0,0,0,23.2,48.21
2026-07-18T17:35:30.196095,4,0.0,0,0,0,0.0,48.21
2026-07-18T17:35:30.196248,3,0.0,0,0,0,0.0,48.21
2026-07-18T17:35:32.167006,3,0.0,0,0,0,21.3,48.21
2026-07-18T17:35:32.167383,4,0.0,0,0,0,0.0,48.21
2026-07-18T17:35:32.170212,1,0.0,0,0,0,0.0,48.21
2026-07-18T17:35:34.224311,1,0.0,0,0,0,23.3,48.21
2026-07-18T17:35:34.225109,4,0.0,0,0,0,0.0,48.21
2026-07-18T17:35:34.226678,3,0.0,0,0,0,0.0,48.21
2026-07-18T17:35:36.235864,4,0.0,0,0,0,24.4,48.21
2026-07-18T17:35:36.237275,3,0.0,0,0,0,0.0,48.21
2026-07-18T17:35:36.238039,1,0.0,0,0,0,606.6,48.21
2026-07-18T17:35:38.403293,1,0.0,0,0,0,22.7,48.21
2026-07-18T17:35:38.407055,4,0.0,0,0,0,0.0,48.21
2026-07-18T17:35:38.407917,3,0.0,0,0,0,0.0,48.21
2026-07-18T17:35:40.295156,1,0.0,0,0,0,19.6,48.21
2026-07-18T17:35:40.300486,3,0.0,0,0,0,0.0,48.21
2026-07-18T17:35:40.300694,4,0.0,0,0,0,0.0,48.21
2026-07-18T17:35:42.436712,1,0.0,0,0,0,23.4,48.21
2026-07-18T17:35:42.439594,3,0.0,0,0,0,0.0,48.21
2026-07-18T17:35:42.439847,4,0.0,0,0,0,0.0,48.21
2026-07-18T17:35:44.430776,4,0.0,0,0,0,24.6,48.21
2026-07-18T17:35:44.431276,1,0.0,0,0,0,0.0,48.21
2026-07-18T17:35:44.431605,3,0.0,0,0,0,0.0,48.21
2026-07-18T17:35:46.391846,4,0.0,0,0,0,26.0,48.21
2026-07-18T17:35:46.392077,3,0.0,0,0,0,0.0,48.21
2026-07-18T17:35:46.392241,1,0.0,0,0,0,0.0,48.21
2026-07-18T17:35:48.398895,4,0.0,0,0,0,27.0,48.21
2026-07-18T17:35:48.399243,1,0.0,0,0,0,0.0,48.21
2026-07-18T17:35:48.399952,3,0.0,0,0,0,0.0,48.21
2026-07-18T17:35:50.388626,1,0.0,0,0,0,24.6,48.21
2026-07-18T17:35:50.394024,3,0.0,0,0,0,0.0,48.21
2026-07-18T17:35:50.396077,4,0.0,0,0,0,0.0,48.21
2026-07-18T17:35:52.519141,1,0.0,0,0,0,25.4,48.21
2026-07-18T17:35:52.519867,3,0.0,0,0,0,0.0,48.21
2026-07-18T17:35:52.520121,4,0.0,0,0,0,0.0,48.21
2026-07-18T17:35:54.515906,3,0.0,0,0,0,34.1,48.21
2026-07-18T17:35:54.516249,4,0.0,0,0,0,0.0,48.21
2026-07-18T17:35:54.517062,1,0.0,0,0,0,0.0,48.21
2026-07-18T17:35:56.519288,1,0.0,0,0,0,22.5,48.21
2026-07-18T17:35:56.522059,4,0.0,0,0,0,0.0,48.21
2026-07-18T17:35:56.522392,3,0.0,0,0,0,0.0,48.21
2026-07-18T17:35:58.504900,1,0.0,0,0,0,21.2,48.21
2026-07-18T17:35:58.506828,3,0.0,0,0,0,0.0,48.21
2026-07-18T17:35:58.507074,4,0.0,0,0,0,0.0,48.21
2026-07-18T17:35:58.823032,2,0.0,0,0,0,31.7,48.21
2026-07-18T17:36:00.587936,4,0.0,0,0,0,28.3,48.21
2026-07-18T17:36:00.588134,3,0.0,0,0,0,0.0,48.21
2026-07-18T17:36:00.588335,1,0.0,0,0,0,0.0,48.21
2026-07-18T17:36:02.685960,1,0.0,0,0,0,22.9,48.21
2026-07-18T17:36:02.686133,3,0.0,0,0,0,0.0,48.21
2026-07-18T17:36:02.686251,4,0.0,0,0,0,0.0,48.21
2026-07-18T17:36:04.617467,1,0.0,0,0,0,23.3,48.21
2026-07-18T17:36:04.621132,4,0.0,0,0,0,0.0,48.21
2026-07-18T17:36:04.625785,3,0.0,0,0,0,169.4,48.21
2026-07-18T17:36:06.637056,4,0.0,0,0,0,28.4,48.21
2026-07-18T17:36:06.637464,1,0.0,0,0,0,0.0,48.21
2026-07-18T17:36:06.638015,3,0.0,0,0,0,0.0,48.21
2026-07-18T17:36:08.621371,1,0.0,0,0,0,25.7,48.21
2026-07-18T17:36:08.624415,4,0.0,0,0,0,0.0,48.21
2026-07-18T17:36:08.625445,3,0.0,0,0,0,0.0,48.21
2026-07-18T17:36:10.631619,1,0.0,0,0,0,22.5,48.21
2026-07-18T17:36:10.634384,4,0.0,0,0,0,0.0,48.21
2026-07-18T17:36:10.635062,3,0.0,0,0,0,0.0,48.21
2026-07-18T17:36:12.706129,1,0.0,0,0,0,23.2,48.21
2026-07-18T17:36:12.706597,4,0.0,0,0,0,0.0,48.21
2026-07-18T17:36:12.706791,3,0.0,0,0,0,0.0,48.21
2026-07-18T17:36:14.825867,3,0.0,0,0,0,24.1,48.21
2026-07-18T17:36:14.827937,4,0.0,0,0,0,0.0,48.21
2026-07-18T17:36:14.828501,1,0.0,0,0,0,0.0,48.21
2026-07-18T17:36:16.751335,1,0.0,0,0,0,21.3,48.21
2026-07-18T17:36:16.752524,3,0.0,0,0,0,1048.6,48.21
2026-07-18T17:36:16.752994,4,0.0,0,0,0,0.0,48.21
2026-07-18T17:36:18.801983,4,0.0,0,0,0,28.3,48.21
2026-07-18T17:36:18.802612,1,0.0,0,0,0,0.0,48.21
2026-07-18T17:36:18.802843,3,0.0,0,0,0,0.0,48.21
2026-07-18T17:36:20.898821,1,0.0,0,0,0,28.2,48.21
2026-07-18T17:36:20.900788,3,0.0,0,0,0,0.0,48.21
2026-07-18T17:36:20.901235,4,0.0,0,0,0,0.0,48.21
2026-07-18T17:36:22.848803,1,0.0,0,0,0,21.6,48.21
2026-07-18T17:36:22.849044,4,0.0,0,0,0,0.0,48.21
2026-07-18T17:36:22.849196,3,0.0,0,0,0,0.0,48.21
2026-07-18T17:36:24.848209,4,0.0,0,0,0,24.0,48.21
2026-07-18T17:36:24.850176,3,0.0,0,0,0,0.0,48.21
2026-07-18T17:36:24.851087,1,0.0,0,0,0,0.0,48.21
2026-07-18T17:36:27.004064,1,0.0,0,0,0,27.4,48.21
2026-07-18T17:36:27.007243,4,0.0,0,0,0,0.0,48.21
2026-07-18T17:36:27.008094,3,0.0,0,0,0,0.0,48.21
2026-07-18T17:36:28.956105,4,0.0,0,0,0,20.0,48.21
2026-07-18T17:36:28.959186,1,0.0,0,0,0,327.0,48.21
2026-07-18T17:36:28.962202,3,0.0,0,0,0,0.0,48.21
2026-07-18T17:36:31.026128,4,0.0,0,0,0,21.3,48.21
2026-07-18T17:36:31.026365,1,0.0,0,0,0,0.0,48.21
2026-07-18T17:36:31.027232,3,0.0,0,0,0,0.0,48.21
2026-07-18T17:36:32.949964,1,0.0,0,0,0,21.3,48.21
2026-07-18T17:36:32.950271,3,0.0,0,0,0,0.0,48.21
2026-07-18T17:36:32.950396,4,0.0,0,0,0,0.0,48.21
2026-07-18T17:36:34.955257,1,0.0,0,0,0,17.0,48.21
2026-07-18T17:36:34.956869,3,0.0,0,0,0,0.0,48.21
2026-07-18T17:36:34.959859,4,0.0,0,0,0,0.0,48.21
2026-07-18T17:36:36.947080,1,0.0,0,0,0,19.6,48.21
2026-07-18T17:36:36.951208,4,0.0,0,0,0,0.0,48.21
2026-07-18T17:36:36.951422,3,0.0,0,0,0,0.0,48.21
2026-07-18T17:36:39.117243,4,0.0,0,0,0,22.6,48.21
2026-07-18T17:36:39.119649,1,0.0,0,0,0,0.0,48.21
2026-07-18T17:36:39.123085,3,0.0,0,0,0,0.0,48.21
2026-07-18T17:36:41.061850,4,0.0,0,0,0,23.3,48.21
2026-07-18T17:36:41.062951,1,0.0,0,0,0,0.0,48.21
2026-07-18T17:36:41.064950,3,0.0,0,0,0,0.0,48.21
2026-07-18T17:36:43.244502,1,0.0,0,0,0,26.1,48.21
2026-07-18T17:36:43.247306,4,0.0,0,0,0,0.0,48.21
2026-07-18T17:36:43.247916,3,0.0,0,0,0,0.0,48.21
2026-07-18T17:36:45.150144,4,0.0,0,0,0,24.7,48.21
2026-07-18T17:36:45.154500,1,0.0,0,0,0,0.0,48.21
2026-07-18T17:36:45.157389,3,0.0,0,0,0,0.0,48.21
2026-07-18T17:36:47.245092,4,0.0,0,0,0,24.4,48.21
2026-07-18T17:36:47.245777,1,0.0,0,0,0,0.0,48.21
2026-07-18T17:36:47.246046,3,0.0,0,0,0,0.0,48.21
2026-07-18T17:36:49.159999,1,0.0,0,0,0,22.5,48.21
2026-07-18T17:36:49.163927,3,0.0,0,0,0,0.0,48.21
2026-07-18T17:36:49.165836,4,0.0,0,0,0,0.0,48.21
2026-07-18T17:36:51.170103,1,0.0,0,0,0,21.5,48.21
2026-07-18T17:36:51.170841,4,0.0,0,0,0,0.0,48.21
2026-07-18T17:36:51.174478,3,0.0,0,0,0,0.0,48.21
2026-07-18T17:36:53.171341,1,0.0,0,0,0,22.0,48.21
2026-07-18T17:36:53.171531,4,0.0,0,0,0,0.0,48.21
2026-07-18T17:36:53.175044,3,0.0,0,0,0,0.0,48.21
2026-07-18T17:36:55.268750,4,0.0,0,0,0,24.8,48.21
2026-07-18T17:36:55.269018,1,0.0,0,0,0,0.0,48.21
2026-07-18T17:36:55.269156,3,0.0,0,0,0,0.0,48.21
2026-07-18T17:36:57.242150,1,0.0,0,0,0,19.8,48.21
2026-07-18T17:36:57.242855,3,0.0,0,0,0,0.0,48.21
2026-07-18T17:36:57.243132,4,0.0,0,0,0,0.0,48.21
2026-07-18T17:36:59.216966,4,0.0,0,0,0,23.8,48.21
2026-07-18T17:36:59.217547,1,0.0,0,0,0,0.0,48.21
2026-07-18T17:36:59.217879,3,0.0,0,0,0,0.0,48.21
2026-07-18T17:37:01.215592,1,0.0,0,0,0,22.5,48.21
2026-07-18T17:37:01.219602,4,0.0,0,0,0,265.7,48.21
2026-07-18T17:37:01.219836,3,0.0,0,0,0,0.0,48.21
2026-07-18T17:37:03.382459,4,0.0,0,0,0,21.7,48.21
2026-07-18T17:37:03.383308,1,0.0,0,0,0,0.0,48.21
2026-07-18T17:37:03.383537,3,0.0,0,0,0,0.0,48.21
2026-07-18T17:37:05.225569,1,0.0,0,0,0,22.8,48.21
2026-07-18T17:37:05.230836,3,0.0,0,0,0,0.0,48.21
2026-07-18T17:37:05.231084,4,0.0,0,0,0,0.0,48.21
2026-07-18T17:37:07.233104,1,0.0,0,0,0,22.0,48.21
2026-07-18T17:37:07.247680,3,0.0,0,0,0,0.0,48.21
2026-07-18T17:37:07.248007,4,0.0,0,0,0,0.0,48.21
2026-07-18T17:37:09.330552,3,0.0,0,0,0,21.1,48.21
2026-07-18T17:37:09.333066,1,0.0,0,0,0,0.0,48.21
2026-07-18T17:37:09.333300,4,0.0,0,0,0,0.0,48.21
2026-07-18T17:37:11.286300,3,0.0,0,0,0,21.5,48.21
2026-07-18T17:37:11.286547,1,0.0,0,0,0,0.0,48.21
2026-07-18T17:37:11.286685,4,0.0,0,0,0,0.0,48.21
2026-07-18T17:37:13.281714,1,0.0,0,0,0,15.6,48.21
2026-07-18T17:37:13.282936,4,0.0,0,0,0,0.0,48.21
2026-07-18T17:37:13.283089,3,0.0,0,0,0,0.0,48.21
2026-07-18T17:37:15.285050,4,0.0,0,0,0,16.5,48.21
2026-07-18T17:37:15.285243,3,0.0,0,0,0,0.0,48.21
2026-07-18T17:37:15.285348,1,0.0,0,0,0,0.0,48.21
2026-07-18T17:37:17.285875,1,0.0,0,0,0,13.0,48.21
2026-07-18T17:37:17.286939,3,0.0,0,0,0,0.0,48.21
2026-07-18T17:37:17.287119,4,0.0,0,0,0,0.0,48.21
2026-07-18T17:37:19.288874,1,0.0,0,0,0,14.5,48.21
2026-07-18T17:37:19.292127,3,0.0,0,0,0,0.0,48.21
2026-07-18T17:37:19.292370,4,0.0,0,0,0,0.0,48.21
2026-07-18T17:37:21.353858,1,0.0,0,0,0,13.6,48.21
2026-07-18T17:37:21.354016,4,0.0,0,0,0,0.0,48.21
2026-07-18T17:37:21.354117,3,0.0,0,0,0,0.0,48.21
2026-07-18T17:37:23.301146,1,0.0,0,0,0,11.8,48.21
2026-07-18T17:37:23.304322,3,0.0,0,0,0,0.0,48.21
2026-07-18T17:37:23.304558,4,0.0,0,0,0,0.0,48.21
2026-07-18T17:37:25.302718,3,0.0,0,0,0,13.0,48.21
2026-07-18T17:37:25.303082,1,0.0,0,0,0,0.0,48.21
2026-07-18T17:37:25.304661,4,0.0,0,0,0,0.0,48.21
2026-07-18T17:37:27.304884,1,0.0,0,0,0,13.5,48.21
2026-07-18T17:37:27.309029,3,0.0,0,0,0,0.0,48.21
2026-07-18T17:37:27.309194,4,0.0,0,0,0,0.0,48.21
2026-07-18T17:37:29.308980,1,0.0,0,0,0,16.0,48.21
2026-07-18T17:37:29.310564,3,0.0,0,0,0,0.0,48.21
2026-07-18T17:37:29.310746,4,0.0,0,0,0,0.0,48.21
2026-07-18T17:37:31.364259,1,0.0,0,0,0,12.7,48.21
2026-07-18T17:37:31.365108,4,0.0,0,0,0,704.0,48.21
2026-07-18T17:37:31.365925,3,0.0,0,0,0,0.0,48.21
2026-07-18T17:37:33.499303,1,0.0,0,0,0,24.8,48.21
2026-07-18T17:37:33.502297,3,0.0,0,0,0,0.0,48.21
2026-07-18T17:37:33.503227,4,0.0,0,0,0,0.0,48.21
2026-07-18T17:37:35.394315,3,0.0,0,0,0,27.5,48.21
2026-07-18T17:37:35.395237,1,0.0,0,0,0,0.0,48.21
2026-07-18T17:37:35.396894,4,0.0,0,0,0,0.0,48.21
2026-07-18T17:37:37.505574,1,0.0,0,0,0,29.4,48.21
2026-07-18T17:37:37.509237,3,0.0,0,0,0,0.0,48.21
2026-07-18T17:37:37.513120,4,0.0,0,0,0,0.0,48.21
2026-07-18T17:37:39.521135,3,0.0,0,0,0,26.9,48.21
2026-07-18T17:37:39.522163,4,0.0,0,0,0,0.0,48.21
2026-07-18T17:37:39.523607,1,0.0,0,0,0,0.0,48.21
2026-07-18T17:37:41.573195,1,0.0,0,0,0,29.3,48.21
2026-07-18T17:37:41.574351,3,0.0,0,0,0,0.0,48.21
2026-07-18T17:37:41.576307,4,0.0,0,0,0,0.0,48.21
2026-07-18T17:37:43.939860,1,0.0,0,0,0,36.8,48.21
2026-07-18T17:37:43.940895,4,0.0,0,0,0,0.0,48.21
2026-07-18T17:37:43.942036,3,0.0,0,0,0,0.0,48.21
2026-07-18T17:37:45.525076,2,0.0,0,0,0,38.5,48.21
2026-07-18T17:37:45.526010,2,0.0,0,0,0,0.0,48.21
2026-07-18T17:37:45.526982,2,0.0,0,0,0,0.0,48.21
2026-07-18T17:37:45.527744,2,0.0,0,0,0,0.0,48.21
2026-07-18T17:37:45.529080,2,0.0,0,0,0,0.0,48.21
2026-07-18T17:37:45.530059,2,0.0,0,0,0,0.0,48.21
2026-07-18T17:37:45.784544,3,0.0,0,0,0,47.2,48.21
2026-07-18T17:37:45.788056,4,0.0,0,0,0,0.0,48.21
2026-07-18T17:37:45.789229,1,0.0,0,0,0,570.0,48.21
2026-07-18T17:37:47.928227,3,0.0,0,0,0,44.9,48.21
2026-07-18T17:37:47.928964,4,0.0,0,0,0,0.0,48.21
2026-07-18T17:37:47.929265,1,0.0,0,0,0,0.0,48.21
2026-07-18T17:37:47.964101,2,0.0,0,0,0,60.7,48.21
2026-07-18T17:37:47.965180,2,0.0,0,0,0,0.0,48.21
2026-07-18T17:37:47.966593,2,0.0,0,0,0,0.0,48.21
2026-07-18T17:37:47.967585,2,0.0,0,0,0,0.0,48.21
2026-07-18T17:37:47.968089,2,0.0,0,0,0,977.1,48.21
2026-07-18T17:37:47.968850,2,0.0,0,0,0,0.0,48.21
2026-07-18T17:37:47.969771,2,0.0,0,0,0,0.0,48.21
2026-07-18T17:37:47.970141,2,0.0,0,0,0,0.0,48.21
2026-07-18T17:37:47.970880,2,0.0,0,0,0,0.0,48.21
2026-07-18T17:37:49.739028,4,0.0,0,0,0,27.1,48.21
2026-07-18T17:37:49.742219,1,0.0,0,0,0,0.0,48.21
2026-07-18T17:37:49.748119,3,0.0,0,0,0,176.5,48.21
2026-07-18T17:37:51.917378,2,0.0,0,0,0,28.1,48.21
2026-07-18T17:37:51.918386,2,0.0,0,0,0,0.0,48.21
2026-07-18T17:37:51.919436,2,0.0,0,0,0,0.0,48.21
2026-07-18T17:37:51.920869,2,0.0,0,0,0,0.0,48.21
2026-07-18T17:37:51.923073,2,0.0,0,0,0,0.0,48.21
2026-07-18T17:37:51.925324,2,0.0,0,0,0,538.5,48.21
2026-07-18T17:37:51.929330,2,0.0,0,0,0,0.0,48.21
2026-07-18T17:37:51.931401,2,0.0,0,0,0,367.8,48.21
2026-07-18T17:37:51.937750,2,0.0,0,0,0,0.0,48.21
2026-07-18T17:37:51.941005,2,0.0,0,0,0,258.6,48.21
2026-07-18T17:37:51.944307,2,0.0,0,0,0,0.0,48.21
2026-07-18T17:37:51.960060,4,0.0,0,0,0,63.4,48.21
2026-07-18T17:37:51.961061,1,0.0,0,0,0,0.0,48.21
2026-07-18T17:37:51.961780,3,0.0,0,0,0,0.0,48.21
2026-07-18T17:37:56.744375,3,0.0,0,0,0,24.7,48.21
2026-07-18T17:37:59.115782,3,0.0,0,0,0,21.1,48.21
2026-07-18T17:38:01.656223,3,0.0,0,0,0,24.0,48.21
2026-07-18T17:38:04.466172,3,0.0,0,0,0,22.5,48.21
2026-07-18T17:38:06.107711,3,0.0,0,0,0,23.0,48.21
2026-07-18T17:38:07.683066,3,0.0,0,0,0,23.5,48.21
2026-07-18T17:38:09.231324,3,0.0,0,0,0,35.5,48.21
2026-07-18T17:38:09.907124,3,0.0,0,0,0,65.2,48.21
2026-07-18T17:38:11.681904,2,0.0,0,0,0,23.1,48.21
2026-07-18T17:38:12.051066,3,0.0,0,0,0,24.3,48.21
2026-07-18T17:38:16.236823,3,0.0,0,0,0,24.1,48.21
2026-07-18T17:38:17.654452,3,0.0,0,0,0,28.2,48.21
2026-07-18T17:38:19.673331,3,0.0,0,0,0,26.7,48.21
2026-07-18T17:38:20.682166,3,0.0,0,0,0,44.6,48.21
2026-07-18T17:38:23.312044,3,0.0,0,0,0,48.3,48.21
2026-07-18T17:38:25.341118,3,0.0,0,0,0,54.2,48.21
2026-07-18T17:38:27.503192,3,0.0,0,0,0,43.0,48.21
2026-07-18T17:38:29.726749,3,0.0,0,0,0,47.7,48.21
2026-07-18T17:38:31.508877,3,0.0,0,0,0,48.8,48.21
2026-07-18T17:38:33.655041,3,0.0,0,0,0,57.3,48.21
2026-07-18T17:38:35.790886,3,0.0,0,0,0,53.8,48.21
2026-07-18T17:38:37.789974,3,0.0,0,0,0,52.5,48.21
2026-07-18T17:38:39.983995,3,0.0,0,0,0,52.0,48.21
2026-07-18T17:38:41.936810,2,0.0,0,0,0,51.2,48.21
2026-07-18T17:38:41.943098,2,0.0,0,0,0,157.1,48.21
2026-07-18T17:38:41.950096,2,0.0,0,0,0,0.0,48.21
2026-07-18T17:38:41.955952,2,0.0,0,0,0,164.3,48.21
2026-07-18T17:38:41.962906,2,0.0,0,0,0,0.0,48.21
2026-07-18T17:38:41.969213,2,0.0,0,0,0,149.0,48.21
2026-07-18T17:38:42.053917,3,0.0,0,0,0,47.1,48.21
2026-07-18T17:38:44.196091,3,0.0,0,0,0,50.9,48.21
2026-07-18T17:38:46.063271,3,0.0,0,0,0,58.4,48.21
2026-07-18T17:38:48.536174,3,0.0,0,0,0,52.6,48.21
2026-07-18T17:38:50.432345,3,0.0,0,0,0,55.4,48.21
2026-07-18T17:38:53.187047,3,0.0,0,0,0,43.2,48.21
2026-07-18T17:38:55.520900,3,0.0,0,0,0,34.3,48.21
2026-07-18T17:38:57.590125,3,0.0,0,0,0,35.3,48.21
2026-07-18T17:38:58.964169,3,0.0,0,0,0,56.1,48.21
2026-07-18T17:38:59.022102,2,0.0,0,0,0,34.6,48.21
2026-07-18T17:39:00.866990,2,0.0,0,0,0,55.8,48.21
2026-07-18T17:39:00.876658,2,0.0,0,0,0,0.0,48.21
2026-07-18T17:39:00.931262,2,0.0,0,0,0,53.8,48.21
2026-07-18T17:39:01.574530,3,0.0,0,0,0,54.5,48.21
2026-07-18T17:39:03.938069,3,0.0,0,0,0,47.4,48.21
2026-07-18T17:39:05.365617,3,0.0,0,0,0,47.6,48.21
2026-07-18T17:39:07.654490,3,0.0,0,0,0,52.9,48.21
2026-07-18T17:39:09.752913,3,0.0,0,0,0,50.1,48.21
2026-07-18T17:39:12.056181,3,0.0,0,0,0,51.2,48.21
2026-07-18T17:39:13.938518,3,0.0,0,0,0,44.0,48.21
2026-07-18T17:39:15.897952,3,0.0,0,0,0,54.6,48.21
2026-07-18T17:39:18.016250,3,0.0,0,0,0,49.1,48.21
2026-07-18T17:39:19.911966,3,0.0,0,0,0,50.1,48.21
2026-07-18T17:39:22.136911,3,0.0,0,0,0,50.3,48.21
2026-07-18T17:39:24.126923,3,0.0,0,0,0,59.8,48.21
2026-07-18T17:39:25.451835,2,0.0,0,0,0,63.4,48.21
2026-07-18T17:39:25.457959,2,0.0,0,0,0,161.1,48.21
2026-07-18T17:39:26.324276,3,0.0,0,0,0,56.6,48.21
2026-07-18T17:39:28.373122,3,0.0,0,0,0,56.7,48.21
2026-07-18T17:39:30.665144,3,0.0,0,0,0,49.3,48.21
2026-07-18T17:39:32.412342,3,0.0,0,0,0,53.8,48.21
2026-07-18T17:39:34.433879,3,0.0,0,0,0,57.5,48.21
2026-07-18T17:39:36.503650,3,0.0,0,0,0,56.4,48.21
2026-07-18T17:39:38.663194,3,0.0,0,0,0,57.9,48.21
2026-07-18T17:39:38.928805,2,0.0,0,0,0,56.8,48.21
2026-07-18T17:39:38.988075,2,0.0,0,0,0,16.4,48.21
2026-07-18T17:39:39.352312,2,0.0,0,0,0,60.3,48.21
2026-07-18T17:39:39.355349,2,0.0,0,0,0,0.0,48.21
2026-07-18T17:39:39.358278,2,0.0,0,0,0,0.0,48.21
2026-07-18T17:39:39.366161,2,0.0,0,0,0,186.4,48.21
2026-07-18T17:39:39.377042,2,0.0,0,0,0,78.7,48.21
2026-07-18T17:39:39.388040,2,0.0,0,0,0,0.0,48.21
2026-07-18T17:39:39.392143,2,0.0,0,0,0,153.3,48.21
2026-07-18T17:39:39.424662,2,0.0,0,0,0,31.6,48.21
2026-07-18T17:39:39.428872,2,0.0,0,0,0,220.2,48.21
2026-07-18T17:39:39.434000,2,0.0,0,0,0,0.0,48.21
2026-07-18T17:39:39.439961,2,0.0,0,0,0,190.4,48.21
2026-07-18T17:39:39.444501,2,0.0,0,0,0,0.0,48.21
2026-07-18T17:39:39.448017,2,0.0,0,0,0,277.3,48.21
2026-07-18T17:39:39.451870,2,0.0,0,0,0,0.0,48.21
2026-07-18T17:39:39.455894,2,0.0,0,0,0,0.0,48.21
2026-07-18T17:39:39.493563,2,0.0,0,0,0,78.6,48.21
2026-07-18T17:39:39.497326,2,0.0,0,0,0,0.0,48.21
2026-07-18T17:39:39.499460,2,0.0,0,0,0,442.2,48.21
2026-07-18T17:39:39.507596,2,0.0,0,0,0,0.0,48.21
2026-07-18T17:39:39.521199,2,0.0,0,0,0,76.3,48.21
2026-07-18T17:39:39.597928,2,0.0,0,0,0,39.0,48.21
2026-07-18T17:39:39.618979,2,0.0,0,0,0,53.2,48.21
2026-07-18T17:39:39.671951,2,0.0,0,0,0,36.4,48.21
2026-07-18T17:39:39.699177,2,0.0,0,0,0,39.9,48.21
2026-07-18T17:39:39.731337,2,0.0,0,0,0,86.0,48.21
2026-07-18T17:39:39.771914,2,0.0,0,0,0,49.7,48.21
2026-07-18T17:39:39.780926,2,0.0,0,0,0,114.5,48.21
2026-07-18T17:39:39.817459,2,0.0,0,0,0,57.1,48.21
2026-07-18T17:39:39.834977,2,0.0,0,0,0,57.9,48.21
2026-07-18T17:39:39.843914,2,0.0,0,0,0,0.0,48.21
2026-07-18T17:39:39.894438,2,0.0,0,0,0,62.0,48.21
2026-07-18T17:39:39.931744,2,0.0,0,0,0,51.3,48.21
2026-07-18T17:39:39.974175,2,0.0,0,0,0,52.3,48.21
2026-07-18T17:39:40.053994,2,0.0,0,0,0,35.5,48.21
2026-07-18T17:39:40.095017,2,0.0,0,0,0,48.7,48.21
2026-07-18T17:39:40.240061,2,0.0,0,0,0,34.5,48.21
2026-07-18T17:39:40.258263,2,0.0,0,0,0,109.5,48.21
2026-07-18T17:39:40.276028,2,0.0,0,0,0,57.7,48.21
2026-07-18T17:39:40.377779,2,0.0,0,0,0,39.2,48.21
2026-07-18T17:39:40.382883,2,0.0,0,0,0,0.0,48.21
2026-07-18T17:39:40.446065,2,0.0,0,0,0,47.7,48.21
2026-07-18T17:39:40.455028,2,0.0,0,0,0,104.7,48.21
2026-07-18T17:39:40.464233,2,0.0,0,0,0,0.0,48.21
2026-07-18T17:39:40.539033,2,0.0,0,0,0,53.8,48.21
2026-07-18T17:39:40.548984,2,0.0,0,0,0,0.0,48.21
2026-07-18T17:39:40.628686,2,0.0,0,0,0,49.9,48.21
2026-07-18T17:39:40.634901,2,0.0,0,0,0,0.0,48.21
2026-07-18T17:39:40.642912,2,0.0,0,0,0,132.2,48.21
2026-07-18T17:39:40.704053,2,0.0,0,0,0,49.2,48.21
2026-07-18T17:39:40.712102,2,0.0,0,0,0,115.7,48.21
2026-07-18T17:39:40.723266,2,0.0,0,0,0,93.4,48.21
2026-07-18T17:39:40.803069,3,0.0,0,0,0,37.6,48.21
2026-07-18T17:39:40.807208,2,0.0,0,0,0,216.3,48.21
2026-07-18T17:39:40.817730,2,0.0,0,0,0,95.3,48.21
2026-07-18T17:39:40.895504,2,0.0,0,0,0,12.9,48.21
2026-07-18T17:39:40.899773,2,0.0,0,0,0,219.0,48.21
2026-07-18T17:39:40.906145,2,0.0,0,0,0,0.0,48.21
2026-07-18T17:39:40.986519,2,0.0,0,0,0,49.8,48.21
2026-07-18T17:39:40.995332,2,0.0,0,0,0,0.0,48.21
2026-07-18T17:39:41.051298,2,0.0,0,0,0,72.6,48.21
2026-07-18T17:39:41.061170,2,0.0,0,0,0,92.6,48.21
2026-07-18T17:39:41.074383,2,0.0,0,0,0,77.0,48.21
2026-07-18T17:39:41.174956,2,0.0,0,0,0,39.9,48.21
2026-07-18T17:39:41.192852,2,0.0,0,0,0,110.2,48.21
2026-07-18T17:39:41.300637,2,0.0,0,0,0,37.1,48.21
2026-07-18T17:39:41.308358,2,0.0,0,0,0,0.0,48.21
2026-07-18T17:39:41.317124,2,0.0,0,0,0,115.2,48.21
2026-07-18T17:39:41.411550,2,0.0,0,0,0,31.8,48.21
2026-07-18T17:39:41.427150,2,0.0,0,0,0,129.0,48.21
2026-07-18T17:39:41.547333,2,0.0,0,0,0,33.3,48.21
2026-07-18T17:39:41.561528,2,0.0,0,0,0,140.4,48.21
2026-07-18T17:39:41.570016,2,0.0,0,0,0,0.0,48.21
2026-07-18T17:39:41.654064,2,0.0,0,0,0,47.5,48.21
2026-07-18T17:39:41.665804,2,0.0,0,0,0,88.2,48.21
2026-07-18T17:39:41.677046,2,0.0,0,0,0,86.4,48.21
2026-07-18T17:39:41.707321,2,0.0,0,0,0,66.1,48.21
2026-07-18T17:39:41.717271,2,0.0,0,0,0,107.6,48.21
2026-07-18T17:39:41.807996,2,0.0,0,0,0,32.8,48.21
2026-07-18T17:39:41.816044,2,0.0,0,0,0,132.4,48.21
2026-07-18T17:39:41.825832,2,0.0,0,0,0,100.7,48.21
2026-07-18T17:39:41.913341,2,0.0,0,0,0,34.1,48.21
2026-07-18T17:39:41.927065,2,0.0,0,0,0,145.7,48.21
2026-07-18T17:39:42.029420,2,0.0,0,0,0,39.1,48.21
2026-07-18T17:39:42.052297,2,0.0,0,0,0,89.6,48.21
2026-07-18T17:39:42.071400,2,0.0,0,0,0,105.1,48.21
2026-07-18T17:39:42.218271,2,0.0,0,0,0,40.9,48.21
2026-07-18T17:39:43.210050,3,0.0,0,0,0,43.5,48.21
2026-07-18T17:39:45.038952,3,0.0,0,0,0,58.5,48.21
2026-07-18T17:39:47.407117,3,0.0,0,0,0,57.4,48.21
2026-07-18T17:39:48.735540,2,0.0,0,0,0,44.4,48.21
2026-07-18T17:39:49.737250,3,0.0,0,0,0,32.9,48.21
2026-07-18T17:39:51.598938,3,0.0,0,0,0,44.1,48.21
2026-07-18T17:39:53.594087,3,0.0,0,0,0,54.6,48.21
2026-07-18T17:39:55.415910,3,0.0,0,0,0,56.0,48.21
2026-07-18T17:39:57.972336,3,0.0,0,0,0,48.9,48.21
2026-07-18T17:39:59.936290,3,0.0,0,0,0,36.6,48.21
2026-07-18T17:40:01.705839,2,0.0,0,0,0,31.1,48.21
2026-07-18T17:40:01.976516,3,0.0,0,0,0,44.3,48.21
2026-07-18T17:40:03.924706,3,0.0,0,0,0,44.7,48.21
2026-07-18T17:40:07.164892,3,0.0,0,0,0,31.5,48.21
2026-07-18T17:40:09.193303,3,0.0,0,0,0,28.6,48.21
2026-07-18T17:40:11.571251,3,0.0,0,0,0,25.1,48.21
2026-07-18T17:40:13.815174,3,0.0,0,0,0,21.9,48.21
2026-07-18T17:40:15.879221,3,0.0,0,0,0,25.6,48.21
2026-07-18T17:40:17.707376,3,0.0,0,0,0,29.6,48.21
2026-07-18T17:40:20.431558,2,0.0,0,0,0,23.5,48.21
2026-07-18T17:40:20.495084,3,0.0,0,0,0,15.3,48.21
2026-07-18T17:40:22.258905,3,0.0,0,0,0,25.6,48.21
2026-07-18T17:40:23.951960,3,0.0,0,0,0,30.0,48.21
2026-07-18T17:40:26.561849,3,0.0,0,0,0,27.2,48.21
2026-07-18T17:40:28.916159,3,0.0,0,0,0,27.1,48.21
2026-07-18T17:40:31.503391,3,0.0,0,0,0,24.8,48.21
2026-07-18T17:40:34.053983,3,0.0,0,0,0,20.8,48.21
2026-07-18T17:40:37.070349,3,0.0,0,0,0,11.3,48.21
2026-07-18T17:40:37.187433,3,0.0,0,0,0,94.8,48.21
2026-07-18T17:40:38.958393,3,0.0,0,0,0,21.5,48.21
2026-07-18T17:40:40.615495,2,0.0,0,0,0,29.6,48.21
2026-07-18T17:40:41.813476,3,0.0,0,0,0,17.8,48.21
2026-07-18T17:40:44.998795,3,0.0,0,0,0,17.3,48.21
2026-07-18T17:40:46.886133,3,0.0,0,0,0,28.6,48.21
2026-07-18T17:40:48.903025,3,0.0,0,0,0,29.3,48.21
2026-07-18T17:40:50.881060,3,0.0,0,0,0,32.4,48.21
2026-07-18T17:40:52.313072,3,0.0,0,0,0,43.2,48.21
2026-07-18T17:40:54.064893,3,0.0,0,0,0,57.1,48.21
2026-07-18T17:40:54.518981,2,0.0,0,0,0,48.5,48.21
2026-07-18T17:40:56.208231,3,0.0,0,0,0,56.8,48.21
2026-07-18T17:40:58.201259,3,0.0,0,0,0,51.2,48.21
2026-07-18T17:41:00.518118,3,0.0,0,0,0,52.7,48.21
2026-07-18T17:41:01.745204,2,0.0,0,0,0,47.2,48.21
2026-07-18T17:41:02.781263,3,0.0,0,0,0,37.6,48.21
2026-07-18T17:41:04.121383,3,0.0,0,0,0,50.8,48.21
2026-07-18T17:41:06.098984,3,0.0,0,0,0,50.6,48.21
2026-07-18T17:41:06.616800,2,0.0,0,0,0,48.1,48.21
2026-07-18T17:41:08.110900,3,0.0,0,0,0,49.5,48.21
2026-07-18T17:41:09.809505,2,0.0,0,0,0,50.0,48.21
2026-07-18T17:41:10.193966,3,0.0,0,0,0,49.4,48.21
2026-07-18T17:41:12.655024,3,0.0,0,0,0,50.4,48.21
2026-07-18T17:41:14.615100,3,0.0,0,0,0,50.0,48.21
2026-07-18T17:41:16.755111,3,0.0,0,0,0,52.3,48.21
2026-07-18T17:41:18.152861,2,0.0,0,0,0,55.8,48.21
2026-07-18T17:41:18.850138,3,0.0,0,0,0,44.4,48.21
2026-07-18T17:41:21.061828,3,0.0,0,0,0,47.1,48.21
2026-07-18T17:41:23.077084,3,0.0,0,0,0,52.5,48.21
2026-07-18T17:41:25.649359,3,0.0,0,0,0,41.6,48.21
2026-07-18T17:41:26.829816,3,0.0,0,0,0,50.9,48.21
2026-07-18T17:41:28.734150,2,0.0,0,0,0,46.7,48.21
2026-07-18T17:41:29.077096,3,0.0,0,0,0,49.6,48.21
2026-07-18T17:41:31.494172,3,0.0,0,0,0,48.8,48.21
2026-07-18T17:41:32.288000,1,0.0,0,0,0,47.9,48.21
2026-07-18T17:41:33.252071,3,0.0,0,0,0,53.0,48.21
2026-07-18T17:41:34.671072,2,0.0,0,0,0,65.4,48.21
2026-07-18T17:41:35.280373,3,0.0,0,0,0,50.9,48.21
2026-07-18T17:41:37.257451,3,0.0,0,0,0,50.1,48.21
2026-07-18T17:41:39.488311,2,0.0,0,0,0,48.4,48.21
2026-07-18T17:41:39.659003,3,0.0,0,0,0,46.9,48.21
2026-07-18T17:41:41.773228,3,0.0,0,0,0,58.2,48.21
2026-07-18T17:41:44.514095,3,0.0,0,0,0,48.9,48.21
2026-07-18T17:41:46.306113,3,0.0,0,0,0,54.2,48.21
2026-07-18T17:41:48.139385,3,0.0,0,0,0,53.9,48.21
2026-07-18T17:41:49.907988,2,0.0,0,0,0,56.5,48.21
2026-07-18T17:41:50.305093,3,0.0,0,0,0,45.4,48.21
2026-07-18T17:41:51.976010,3,0.0,0,0,0,55.6,48.21
2026-07-18T17:41:54.152017,3,0.0,0,0,0,59.3,48.21
2026-07-18T17:41:56.237201,3,0.0,0,0,0,55.6,48.21
2026-07-18T17:41:57.327047,2,0.0,0,0,0,52.3,48.21
2026-07-18T17:41:58.691779,3,0.0,0,0,0,52.7,48.21
2026-07-18T17:42:00.888217,3,0.0,0,0,0,55.5,48.21
2026-07-18T17:42:03.352180,3,0.0,0,0,0,52.8,48.21
2026-07-18T17:42:05.510241,3,0.0,0,0,0,53.7,48.21
2026-07-18T17:42:07.191311,2,0.0,0,0,0,50.0,48.21
2026-07-18T17:42:07.632718,3,0.0,0,0,0,54.4,48.21
2026-07-18T17:42:09.458370,3,0.0,0,0,0,52.0,48.21
2026-07-18T17:42:11.601118,3,0.0,0,0,0,50.4,48.21
2026-07-18T17:42:13.907866,3,0.0,0,0,0,54.6,48.21
2026-07-18T17:42:14.054057,2,0.0,0,0,0,61.3,48.21
2026-07-18T17:42:15.594215,3,0.0,0,0,0,53.2,48.21
2026-07-18T17:42:17.750315,2,0.0,0,0,0,39.9,48.21
2026-07-18T17:42:18.131688,3,0.0,0,0,0,41.7,48.21
2026-07-18T17:42:19.904246,3,0.0,0,0,0,36.1,48.21
2026-07-18T17:42:22.071064,3,0.0,0,0,0,44.3,48.21
2026-07-18T17:42:24.273208,3,0.0,0,0,0,45.9,48.21
2026-07-18T17:42:25.174544,2,0.0,0,0,0,49.9,48.21
2026-07-18T17:42:26.951456,3,0.0,0,0,0,50.1,48.21
2026-07-18T17:42:28.659081,3,0.0,0,0,0,56.8,48.21
2026-07-18T17:42:30.527809,3,0.0,0,0,0,53.0,48.21
2026-07-18T17:42:30.651917,2,0.0,0,0,0,40.7,48.21
2026-07-18T17:42:32.133990,4,0.0,0,0,0,58.8,48.21
2026-07-18T17:42:32.149537,4,0.0,0,0,0,55.4,48.21
2026-07-18T17:42:32.159327,4,0.0,0,0,0,92.6,48.21
2026-07-18T17:42:32.170090,4,0.0,0,0,0,0.0,48.21
2026-07-18T17:42:32.178915,4,0.0,0,0,0,0.0,48.21
2026-07-18T17:42:32.241953,4,0.0,0,0,0,50.5,48.21
2026-07-18T17:42:32.253329,4,0.0,0,0,0,0.0,48.21
2026-07-18T17:42:32.258912,4,0.0,0,0,0,129.6,48.21
2026-07-18T17:42:32.266353,4,0.0,0,0,0,0.0,48.21
2026-07-18T17:42:32.271303,4,0.0,0,0,0,0.0,48.21
2026-07-18T17:42:32.279424,4,0.0,0,0,0,180.9,48.21
2026-07-18T17:42:32.282468,4,0.0,0,0,0,0.0,48.21
2026-07-18T17:42:32.286189,4,0.0,0,0,0,0.0,48.21
2026-07-18T17:42:32.286985,4,0.0,0,0,0,0.0,48.21
2026-07-18T17:42:32.290113,4,0.0,0,0,0,0.0,48.21
2026-07-18T17:42:32.291110,4,0.0,0,0,0,0.0,48.21
2026-07-18T17:42:32.293873,4,0.0,0,0,0,0.0,48.21
2026-07-18T17:42:32.298414,4,0.0,0,0,0,859.7,48.21
2026-07-18T17:42:32.302744,4,0.0,0,0,0,0.0,48.21
2026-07-18T17:42:32.305843,4,0.0,0,0,0,0.0,48.21
2026-07-18T17:42:32.309108,4,0.0,0,0,0,0.0,48.21
2026-07-18T17:42:32.313953,4,0.0,0,0,0,0.0,48.21
2026-07-18T17:42:32.316379,4,0.0,0,0,0,240.3,48.21
2026-07-18T17:42:32.319373,4,0.0,0,0,0,0.0,48.21
2026-07-18T17:42:32.320386,4,0.0,0,0,0,0.0,48.21
2026-07-18T17:42:32.323136,4,0.0,0,0,0,0.0,48.21
2026-07-18T17:42:32.326214,4,0.0,0,0,0,0.0,48.21
2026-07-18T17:42:32.330260,4,0.0,0,0,0,0.0,48.21
2026-07-18T17:42:32.334226,4,0.0,0,0,0,165.6,48.21
2026-07-18T17:42:32.337992,4,0.0,0,0,0,0.0,48.21
2026-07-18T17:42:32.341056,4,0.0,0,0,0,0.0,48.21
2026-07-18T17:42:32.348035,4,0.0,0,0,0,0.0,48.21
2026-07-18T17:42:32.349340,4,0.0,0,0,0,0.0,48.21
2026-07-18T17:42:32.352470,4,0.0,0,0,0,329.0,48.21
2026-07-18T17:42:32.355215,4,0.0,0,0,0,0.0,48.21
2026-07-18T17:42:32.358288,4,0.0,0,0,0,0.0,48.21
2026-07-18T17:42:32.362198,4,0.0,0,0,0,0.0,48.21
2026-07-18T17:42:32.366155,4,0.0,0,0,0,0.0,48.21
2026-07-18T17:42:32.369324,4,0.0,0,0,0,0.0,48.21
2026-07-18T17:42:32.374070,4,0.0,0,0,0,0.0,48.21
2026-07-18T17:42:32.378776,4,0.0,0,0,0,0.0,48.21
2026-07-18T17:42:32.379592,4,0.0,0,0,0,0.0,48.21
2026-07-18T17:42:32.398070,4,0.0,0,0,0,71.2,48.21
2026-07-18T17:42:32.409126,4,0.0,0,0,0,78.2,48.21
2026-07-18T17:42:32.420936,4,0.0,0,0,0,0.0,48.21
2026-07-18T17:42:32.432390,4,0.0,0,0,0,75.3,48.21
2026-07-18T17:42:32.443366,4,0.0,0,0,0,0.0,48.21
2026-07-18T17:42:32.455849,4,0.0,0,0,0,143.9,48.21
2026-07-18T17:42:32.465906,4,0.0,0,0,0,0.0,48.21
2026-07-18T17:42:32.474895,4,0.0,0,0,0,0.0,48.21
2026-07-18T17:42:32.656369,4,0.0,0,0,0,48.9,48.21
2026-07-18T17:42:32.659332,2,0.0,0,0,0,0.0,48.21
2026-07-18T17:42:32.660427,4,0.0,0,0,0,0.0,48.21
2026-07-18T17:42:32.662838,2,0.0,0,0,0,0.0,48.21
2026-07-18T17:42:32.663442,4,0.0,0,0,0,0.0,48.21
2026-07-18T17:42:32.665537,2,0.0,0,0,0,0.0,48.21
2026-07-18T17:42:32.667311,4,0.0,0,0,0,481.7,48.21
2026-07-18T17:42:32.668227,2,0.0,0,0,0,0.0,48.21
2026-07-18T17:42:32.669182,4,0.0,0,0,0,0.0,48.21
2026-07-18T17:42:32.670075,2,0.0,0,0,0,0.0,48.21
2026-07-18T17:42:32.671675,4,0.0,0,0,0,0.0,48.21
2026-07-18T17:42:32.672851,2,0.0,0,0,0,783.2,48.21
2026-07-18T17:42:32.674113,4,0.0,0,0,0,0.0,48.21
2026-07-18T17:42:32.675266,2,0.0,0,0,0,0.0,48.21
2026-07-18T17:42:32.677093,4,0.0,0,0,0,0.0,48.21
2026-07-18T17:42:32.682335,4,0.0,0,0,0,0.0,48.21
2026-07-18T17:42:32.686246,4,0.0,0,0,0,222.8,48.21
2026-07-18T17:42:32.690229,4,0.0,0,0,0,0.0,48.21
2026-07-18T17:42:32.693977,4,0.0,0,0,0,0.0,48.21
2026-07-18T17:42:32.698063,4,0.0,0,0,0,192.5,48.21
2026-07-18T17:42:32.701855,4,0.0,0,0,0,0.0,48.21
2026-07-18T17:42:32.705225,4,0.0,0,0,0,0.0,48.21
2026-07-18T17:42:32.725348,4,0.0,0,0,0,96.7,48.21
2026-07-18T17:42:32.725990,3,0.0,0,0,0,0.0,48.21
2026-07-18T17:42:32.733961,4,0.0,0,0,0,0.0,48.21
2026-07-18T17:42:32.740028,4,0.0,0,0,0,207.3,48.21
2026-07-18T17:42:32.747979,4,0.0,0,0,0,0.0,48.21
2026-07-18T17:42:32.755699,4,0.0,0,0,0,0.0,48.21
2026-07-18T17:42:32.760144,4,0.0,0,0,0,0.0,48.21
2026-07-18T17:42:32.768126,4,0.0,0,0,0,190.6,48.21
2026-07-18T17:42:32.775081,4,0.0,0,0,0,0.0,48.21
2026-07-18T17:42:32.787668,4,0.0,0,0,0,0.0,48.21
2026-07-18T17:42:32.795048,4,0.0,0,0,0,196.6,48.21
2026-07-18T17:42:32.803924,4,0.0,0,0,0,0.0,48.21
2026-07-18T17:42:32.813844,4,0.0,0,0,0,0.0,48.21
2026-07-18T17:42:32.819093,4,0.0,0,0,0,0.0,48.21
2026-07-18T17:42:32.822011,4,0.0,0,0,0,0.0,48.21
2026-07-18T17:42:32.822536,4,0.0,0,0,0,1544.3,48.21
2026-07-18T17:42:32.825430,4,0.0,0,0,0,0.0,48.21
2026-07-18T17:42:32.832049,4,0.0,0,0,0,0.0,48.21
2026-07-18T17:42:32.835039,4,0.0,0,0,0,0.0,48.21
2026-07-18T17:42:32.838264,4,0.0,0,0,0,270.3,48.21
2026-07-18T17:42:32.840959,4,0.0,0,0,0,0.0,48.21
2026-07-18T17:42:32.842122,4,0.0,0,0,0,0.0,48.21
2026-07-18T17:42:32.845332,4,0.0,0,0,0,0.0,48.21
2026-07-18T17:42:32.848229,4,0.0,0,0,0,0.0,48.21
2026-07-18T17:42:32.851389,4,0.0,0,0,0,310.6,48.21
2026-07-18T17:42:32.853524,4,0.0,0,0,0,0.0,48.21
2026-07-18T17:42:32.854515,4,0.0,0,0,0,0.0,48.21
2026-07-18T17:42:32.858917,4,0.0,0,0,0,0.0,48.21
2026-07-18T17:42:32.861245,4,0.0,0,0,0,0.0,48.21
2026-07-18T17:42:32.865146,4,0.0,0,0,0,0.0,48.21
2026-07-18T17:42:32.868787,4,0.0,0,0,0,0.0,48.21
2026-07-18T17:42:32.870108,4,0.0,0,0,0,0.0,48.21
2026-07-18T17:42:32.873276,4,0.0,0,0,0,810.2,48.21
2026-07-18T17:42:32.876246,4,0.0,0,0,0,0.0,48.21
2026-07-18T17:42:32.882330,4,0.0,0,0,0,0.0,48.21
2026-07-18T17:42:32.885404,4,0.0,0,0,0,0.0,48.21
2026-07-18T17:42:32.888471,4,0.0,0,0,0,0.0,48.21
2026-07-18T17:42:32.889472,4,0.0,0,0,0,0.0,48.21
2026-07-18T17:42:32.895267,4,0.0,0,0,0,0.0,48.21
2026-07-18T17:42:32.898243,4,0.0,0,0,0,0.0,48.21
2026-07-18T17:42:32.899343,4,0.0,0,0,0,0.0,48.21
2026-07-18T17:42:32.902850,4,0.0,0,0,0,0.0,48.21
2026-07-18T17:42:32.905850,4,0.0,0,0,0,985.0,48.21
2026-07-18T17:42:32.909109,4,0.0,0,0,0,0.0,48.21
2026-07-18T17:42:32.912932,4,0.0,0,0,0,0.0,48.21
2026-07-18T17:42:32.914103,4,0.0,0,0,0,0.0,48.21
2026-07-18T17:42:32.914846,4,0.0,0,0,0,0.0,48.21
2026-07-18T17:42:32.917527,4,0.0,0,0,0,0.0,48.21
2026-07-18T17:42:32.918250,4,0.0,0,0,0,0.0,48.21
2026-07-18T17:42:32.920910,4,0.0,0,0,0,0.0,48.21
2026-07-18T17:42:32.921323,4,0.0,0,0,0,0.0,48.21
2026-07-18T17:42:32.924129,4,0.0,0,0,0,0.0,48.21
2026-07-18T17:42:32.925069,4,0.0,0,0,0,0.0,48.21
2026-07-18T17:42:32.928784,4,0.0,0,0,0,0.0,48.21
2026-07-18T17:42:32.932288,4,0.0,0,0,0,0.0,48.21
2026-07-18T17:42:32.933124,4,0.0,0,0,0,315.0,48.21
2026-07-18T17:42:32.936349,4,0.0,0,0,0,316.3,48.21
2026-07-18T17:42:32.937310,4,0.0,0,0,0,0.0,48.21
2026-07-18T17:42:32.940945,4,0.0,0,0,0,0.0,48.21
2026-07-18T17:42:32.941328,4,0.0,0,0,0,0.0,48.21
2026-07-18T17:42:32.942060,4,0.0,0,0,0,0.0,48.21
2026-07-18T17:42:32.942373,4,0.0,0,0,0,0.0,48.21
2026-07-18T17:42:32.943224,4,0.0,0,0,0,0.0,48.21
2026-07-18T17:42:32.945921,4,0.0,0,0,0,0.0,48.21
2026-07-18T17:42:32.947091,4,0.0,0,0,0,0.0,48.21
2026-07-18T17:42:32.947898,4,0.0,0,0,0,0.0,48.21
2026-07-18T17:42:32.948263,4,0.0,0,0,0,0.0,48.21
2026-07-18T17:42:32.949127,4,0.0,0,0,0,0.0,48.21
2026-07-18T17:42:33.844119,2,0.0,0,0,0,47.1,48.21
2026-07-18T17:42:34.124643,3,0.0,0,0,0,46.0,48.21
2026-07-18T17:42:34.127928,4,0.0,0,0,0,283.0,48.21
2026-07-18T17:42:36.120594,4,0.0,0,0,0,33.6,48.21
2026-07-18T17:42:36.123881,3,0.0,0,0,0,0.0,48.21
2026-07-18T17:42:37.171927,2,0.0,0,0,0,35.4,48.21
2026-07-18T17:42:37.172828,2,0.0,0,0,0,0.0,48.21
2026-07-18T17:42:37.174882,2,0.0,0,0,0,0.0,48.21
2026-07-18T17:42:37.178425,2,0.0,0,0,0,0.0,48.21
2026-07-18T17:42:37.179153,2,0.0,0,0,0,1260.6,48.21
2026-07-18T17:42:37.179369,2,0.0,0,0,0,0.0,48.21
2026-07-18T17:42:37.179875,2,0.0,0,0,0,0.0,48.21
2026-07-18T17:42:37.911260,3,0.0,0,0,0,30.1,48.21
2026-07-18T17:42:37.914195,4,0.0,0,0,0,0.0,48.21
2026-07-18T17:42:38.136712,2,0.0,0,0,0,26.9,48.21
2026-07-18T17:42:40.272444,4,0.0,0,0,0,36.5,48.21
2026-07-18T17:42:40.273150,3,0.0,0,0,0,0.0,48.21
2026-07-18T17:42:40.468449,2,0.0,0,0,0,30.7,48.21
2026-07-18T17:42:41.300023,2,0.0,0,0,0,38.5,48.21
2026-07-18T17:42:41.302947,2,0.0,0,0,0,865.7,48.21
2026-07-18T17:42:41.303794,2,0.0,0,0,0,0.0,48.21
2026-07-18T17:42:41.310852,2,0.0,0,0,0,0.0,48.21
2026-07-18T17:42:41.313877,2,0.0,0,0,0,0.0,48.21
2026-07-18T17:42:41.321133,2,0.0,0,0,0,0.0,48.21
2026-07-18T17:42:42.159960,3,0.0,0,0,0,40.2,48.21
2026-07-18T17:42:42.160972,4,0.0,0,0,0,0.0,48.21
2026-07-18T17:42:43.074243,2,0.0,0,0,0,43.8,48.21
2026-07-18T17:42:44.258465,4,0.0,0,0,0,55.0,48.21
2026-07-18T17:42:44.261788,3,0.0,0,0,0,0.0,48.21
2026-07-18T17:42:44.966808,2,0.0,0,0,0,51.0,48.21
2026-07-18T17:42:46.161022,2,0.0,0,0,0,48.6,48.21
2026-07-18T17:42:46.162301,2,0.0,0,0,0,0.0,48.21
2026-07-18T17:42:46.163928,2,0.0,0,0,0,0.0,48.21
2026-07-18T17:42:46.165081,2,0.0,0,0,0,624.8,48.21
2026-07-18T17:42:46.165411,2,0.0,0,0,0,0.0,48.21
2026-07-18T17:42:46.166123,2,0.0,0,0,0,0.0,48.21
2026-07-18T17:42:46.167009,2,0.0,0,0,0,0.0,48.21
2026-07-18T17:42:46.167872,2,0.0,0,0,0,0.0,48.21
2026-07-18T17:42:46.168791,2,0.0,0,0,0,0.0,48.21
2026-07-18T17:42:46.170101,2,0.0,0,0,0,0.0,48.21
2026-07-18T17:42:46.302349,3,0.0,0,0,0,53.0,48.21
2026-07-18T17:42:46.303219,4,0.0,0,0,0,912.0,48.21
2026-07-18T17:42:47.137149,2,0.0,0,0,0,36.0,48.21
2026-07-18T17:42:48.450419,4,0.0,0,0,0,39.6,48.21
2026-07-18T17:42:48.451102,3,0.0,0,0,0,0.0,48.21
2026-07-18T17:42:48.527729,2,0.0,0,0,0,39.2,48.21
2026-07-18T17:42:49.642285,2,0.0,0,0,0,33.2,48.21
2026-07-18T17:42:50.036092,2,0.0,0,0,0,27.9,48.21
2026-07-18T17:42:50.037967,2,0.0,0,0,0,0.0,48.21
2026-07-18T17:42:50.039628,2,0.0,0,0,0,0.0,48.21
2026-07-18T17:42:50.040000,2,0.0,0,0,0,0.0,48.21
2026-07-18T17:42:50.040221,2,0.0,0,0,0,0.0,48.21
2026-07-18T17:42:50.041966,2,0.0,0,0,0,0.0,48.21
2026-07-18T17:42:50.042685,2,0.0,0,0,0,541.1,48.21
2026-07-18T17:42:50.201736,2,0.0,0,0,0,31.4,48.21
2026-07-18T17:42:50.314582,3,0.0,0,0,0,53.2,48.21
2026-07-18T17:42:50.316277,4,0.0,0,0,0,0.0,48.21
2026-07-18T17:42:52.020042,2,0.0,0,0,0,41.7,48.21
2026-07-18T17:42:52.835770,3,0.0,0,0,0,45.4,48.21
2026-07-18T17:42:52.836642,4,0.0,0,0,0,0.0,48.21
2026-07-18T17:42:53.664287,2,0.0,0,0,0,37.4,48.21
2026-07-18T17:42:54.014150,2,0.0,0,0,0,37.4,48.21
2026-07-18T17:42:54.015947,2,0.0,0,0,0,0.0,48.21
2026-07-18T17:42:54.016366,2,0.0,0,0,0,0.0,48.21
2026-07-18T17:42:54.018315,2,0.0,0,0,0,0.0,48.21
2026-07-18T17:42:54.020223,2,0.0,0,0,0,0.0,48.21
2026-07-18T17:42:54.022842,2,0.0,0,0,0,0.0,48.21
2026-07-18T17:42:54.023846,2,0.0,0,0,0,0.0,48.21
2026-07-18T17:42:54.695408,4,0.0,0,0,0,40.2,48.21
2026-07-18T17:42:54.696822,3,0.0,0,0,0,0.0,48.21
2026-07-18T17:42:54.966942,2,0.0,0,0,0,18.5,48.21
2026-07-18T17:42:56.699955,2,0.0,0,0,0,45.1,48.21
2026-07-18T17:42:57.039177,3,0.0,0,0,0,41.4,48.21
2026-07-18T17:42:57.040811,4,0.0,0,0,0,0.0,48.21
2026-07-18T17:42:57.880262,2,0.0,0,0,0,37.0,48.21
2026-07-18T17:42:57.881187,2,0.0,0,0,0,0.0,48.21
2026-07-18T17:42:57.883123,2,0.0,0,0,0,516.0,48.21
2026-07-18T17:42:57.883836,2,0.0,0,0,0,0.0,48.21
2026-07-18T17:42:57.886024,2,0.0,0,0,0,0.0,48.21
2026-07-18T17:42:57.886951,2,0.0,0,0,0,0.0,48.21
2026-07-18T17:42:57.891148,2,0.0,0,0,0,0.0,48.21
2026-07-18T17:42:57.892184,2,0.0,0,0,0,0.0,48.21
2026-07-18T17:42:57.991851,2,0.0,0,0,0,60.5,48.21
2026-07-18T17:42:58.710134,3,0.0,0,0,0,34.8,48.21
2026-07-18T17:42:58.710708,4,0.0,0,0,0,1866.5,48.21
2026-07-18T17:42:59.633233,2,0.0,0,0,0,31.5,48.21
2026-07-18T17:43:00.812979,4,0.0,0,0,0,37.2,48.21
2026-07-18T17:43:00.813777,3,0.0,0,0,0,0.0,48.21
2026-07-18T17:43:01.018290,2,0.0,0,0,0,19.6,48.21
2026-07-18T17:43:01.578202,2,0.0,0,0,0,32.1,48.21
2026-07-18T17:43:01.581866,2,0.0,0,0,0,0.0,48.21
2026-07-18T17:43:01.582354,2,0.0,0,0,0,0.0,48.21
2026-07-18T17:43:01.585949,2,0.0,0,0,0,0.0,48.21
2026-07-18T17:43:01.588790,2,0.0,0,0,0,0.0,48.21
2026-07-18T17:43:01.590122,2,0.0,0,0,0,271.0,48.21
2026-07-18T17:43:02.657390,2,0.0,0,0,0,31.9,48.21
2026-07-18T17:43:02.851779,4,0.0,0,0,0,51.5,48.21
2026-07-18T17:43:02.852115,3,0.0,0,0,0,0.0,48.21
2026-07-18T17:43:04.929087,2,0.0,0,0,0,48.7,48.21
2026-07-18T17:43:04.946222,4,0.0,0,0,0,50.0,48.21
2026-07-18T17:43:04.949006,3,0.0,0,0,0,0.0,48.21
2026-07-18T17:43:06.037064,2,0.0,0,0,0,46.0,48.21
2026-07-18T17:43:06.037893,2,0.0,0,0,0,0.0,48.21
2026-07-18T17:43:06.038163,2,0.0,0,0,0,0.0,48.21
2026-07-18T17:43:06.039174,2,0.0,0,0,0,0.0,48.21
2026-07-18T17:43:06.040566,2,0.0,0,0,0,0.0,48.21
2026-07-18T17:43:06.041229,2,0.0,0,0,0,0.0,48.21
2026-07-18T17:43:06.042068,2,0.0,0,0,0,0.0,48.21
2026-07-18T17:43:06.270245,2,0.0,0,0,0,26.2,48.21
2026-07-18T17:43:06.742440,4,0.0,0,0,0,38.1,48.21
2026-07-18T17:43:06.745094,3,0.0,0,0,0,0.0,48.21
2026-07-18T17:43:07.344279,2,0.0,0,0,0,36.7,48.21
2026-07-18T17:43:09.026231,4,0.0,0,0,0,42.2,48.21
2026-07-18T17:43:09.027063,3,0.0,0,0,0,0.0,48.21
2026-07-18T17:43:09.463300,2,0.0,0,0,0,48.1,48.21
2026-07-18T17:43:09.846204,2,0.0,0,0,0,34.0,48.21
2026-07-18T17:43:09.849262,2,0.0,0,0,0,0.0,48.21
2026-07-18T17:43:09.850099,2,0.0,0,0,0,0.0,48.21
2026-07-18T17:43:09.852213,2,0.0,0,0,0,0.0,48.21
2026-07-18T17:43:09.856009,2,0.0,0,0,0,0.0,48.21
2026-07-18T17:43:09.862097,2,0.0,0,0,0,0.0,48.21
2026-07-18T17:43:09.871554,2,0.0,0,0,0,106.0,48.21
2026-07-18T17:43:09.880945,2,0.0,0,0,0,124.0,48.21
2026-07-18T17:43:10.777413,4,0.0,0,0,0,30.1,48.21
2026-07-18T17:43:10.786763,3,0.0,0,0,0,0.0,48.21
2026-07-18T17:43:12.716332,2,0.0,0,0,0,28.0,48.21
2026-07-18T17:43:12.724479,2,0.0,0,0,0,0.0,48.21
2026-07-18T17:43:12.747364,2,0.0,0,0,0,86.0,48.21
2026-07-18T17:43:12.758523,2,0.0,0,0,0,111.7,48.21
2026-07-18T17:43:12.764443,2,0.0,0,0,0,0.0,48.21
2026-07-18T17:43:12.769563,2,0.0,0,0,0,0.0,48.21
2026-07-18T17:43:12.794338,2,0.0,0,0,0,76.4,48.21
2026-07-18T17:43:12.797772,2,0.0,0,0,0,0.0,48.21
2026-07-18T17:43:12.802998,2,0.0,0,0,0,0.0,48.21
2026-07-18T17:43:12.809415,2,0.0,0,0,0,155.9,48.21
2026-07-18T17:43:12.828791,2,0.0,0,0,0,110.9,48.21
2026-07-18T17:43:12.831329,2,0.0,0,0,0,0.0,48.21
2026-07-18T17:43:12.836649,2,0.0,0,0,0,0.0,48.21
2026-07-18T17:43:12.849816,2,0.0,0,0,0,0.0,48.21
2026-07-18T17:43:12.902491,2,0.0,0,0,0,18.9,48.21
2026-07-18T17:43:12.943811,2,0.0,0,0,0,73.2,48.21
2026-07-18T17:43:12.999114,2,0.0,0,0,0,40.0,48.21
2026-07-18T17:43:13.063040,2,0.0,0,0,0,57.6,48.21
2026-07-18T17:43:13.165899,2,0.0,0,0,0,19.7,48.21
2026-07-18T17:43:13.191280,2,0.0,0,0,0,37.4,48.21
2026-07-18T17:43:13.203979,2,0.0,0,0,0,0.0,48.21
2026-07-18T17:43:13.230164,2,0.0,0,0,0,38.2,48.21
2026-07-18T17:43:13.298853,2,0.0,0,0,0,30.1,48.21
2026-07-18T17:43:13.317384,2,0.0,0,0,0,0.0,48.21
2026-07-18T17:43:13.330817,2,0.0,0,0,0,58.5,48.21
2026-07-18T17:43:13.357691,2,0.0,0,0,0,0.0,48.21
2026-07-18T17:43:13.412045,2,0.0,0,0,0,36.8,48.21
2026-07-18T17:43:13.433106,2,0.0,0,0,0,57.8,48.21
2026-07-18T17:43:13.451088,2,0.0,0,0,0,0.0,48.21
2026-07-18T17:43:13.467394,2,0.0,0,0,0,56.4,48.21
2026-07-18T17:43:13.533865,2,0.0,0,0,0,28.2,48.21
2026-07-18T17:43:13.556187,4,0.0,0,0,0,0.0,48.21
2026-07-18T17:43:13.562891,3,0.0,0,0,0,0.0,48.21
2026-07-18T17:43:13.563407,2,0.0,0,0,0,0.0,48.21
2026-07-18T17:43:13.582062,2,0.0,0,0,0,117.4,48.21
2026-07-18T17:43:13.597576,2,0.0,0,0,0,0.0,48.21
2026-07-18T17:43:13.644888,2,0.0,0,0,0,22.7,48.21
2026-07-18T17:43:13.658964,2,0.0,0,0,0,0.0,48.21
2026-07-18T17:43:13.663984,2,0.0,0,0,0,105.9,48.21
2026-07-18T17:43:13.670089,2,0.0,0,0,0,0.0,48.21
2026-07-18T17:43:13.752638,2,0.0,0,0,0,23.5,48.21
2026-07-18T17:43:13.763322,2,0.0,0,0,0,79.3,48.21
2026-07-18T17:43:13.782760,2,0.0,0,0,0,0.0,48.21
2026-07-18T17:43:13.800794,2,0.0,0,0,0,0.0,48.21
2026-07-18T17:43:13.865034,2,0.0,0,0,0,32.7,48.21
2026-07-18T17:43:13.876722,2,0.0,0,0,0,0.0,48.21
2026-07-18T17:43:13.894507,2,0.0,0,0,0,74.7,48.21
2026-07-18T17:43:13.910609,2,0.0,0,0,0,0.0,48.21
2026-07-18T17:43:13.967268,2,0.0,0,0,0,52.7,48.21
2026-07-18T17:43:13.986719,2,0.0,0,0,0,0.0,48.21
2026-07-18T17:43:14.018575,2,0.0,0,0,0,0.0,48.21
2026-07-18T17:43:14.035944,2,0.0,0,0,0,47.7,48.21
2026-07-18T17:43:14.127979,2,0.0,0,0,0,21.8,48.21
2026-07-18T17:43:14.141364,2,0.0,0,0,0,62.0,48.21
2026-07-18T17:43:14.159474,2,0.0,0,0,0,0.0,48.21
2026-07-18T17:43:14.170008,2,0.0,0,0,0,0.0,48.21
2026-07-18T17:43:14.207883,2,0.0,0,0,0,53.9,48.21
2026-07-18T17:43:14.214865,2,0.0,0,0,0,98.1,48.21
2026-07-18T17:43:14.231816,2,0.0,0,0,0,0.0,48.21
2026-07-18T17:43:14.252687,2,0.0,0,0,0,58.7,48.21
2026-07-18T17:43:14.278020,2,0.0,0,0,0,0.0,48.21
2026-07-18T17:43:14.292158,2,0.0,0,0,0,0.0,48.21
2026-07-18T17:43:14.315041,2,0.0,0,0,0,41.8,48.21
2026-07-18T17:43:14.382158,2,0.0,0,0,0,45.6,48.21
2026-07-18T17:43:14.469048,2,0.0,0,0,0,23.5,48.21
2026-07-18T17:43:14.533421,2,0.0,0,0,0,14.7,48.21
2026-07-18T17:43:14.602401,2,0.0,0,0,0,43.9,48.21
2026-07-18T17:43:14.643624,2,0.0,0,0,0,27.4,48.21
2026-07-18T17:43:14.664073,2,0.0,0,0,0,0.0,48.21
2026-07-18T17:43:14.692067,2,0.0,0,0,0,72.8,48.21
2026-07-18T17:43:14.725064,2,0.0,0,0,0,0.0,48.21
2026-07-18T17:43:14.746172,2,0.0,0,0,0,47.1,48.21
2026-07-18T17:43:14.769090,2,0.0,0,0,0,48.8,48.21
2026-07-18T17:43:14.792573,2,0.0,0,0,0,0.0,48.21
2026-07-18T17:43:14.829910,2,0.0,0,0,0,22.7,48.21
2026-07-18T17:43:14.855808,2,0.0,0,0,0,51.5,48.21
2026-07-18T17:43:14.870184,2,0.0,0,0,0,47.0,48.21
2026-07-18T17:43:15.943131,3,0.0,0,0,0,24.3,48.21
2026-07-18T17:43:15.945144,4,0.0,0,0,0,0.0,48.21
2026-07-18T17:43:15.968037,2,0.0,0,0,0,0.0,48.21
2026-07-18T17:43:15.973170,2,0.0,0,0,0,0.0,48.21
2026-07-18T17:43:15.999986,2,0.0,0,0,0,104.3,48.21
2026-07-18T17:43:17.214056,4,0.0,0,0,0,21.3,48.21
2026-07-18T17:43:17.214627,3,0.0,0,0,0,0.0,48.21
2026-07-18T17:43:19.148365,3,0.0,0,0,0,30.5,48.21
2026-07-18T17:43:19.152862,4,0.0,0,0,0,0.0,48.21
2026-07-18T17:43:21.097260,4,0.0,0,0,0,37.0,48.21
2026-07-18T17:43:21.098086,3,0.0,0,0,0,0.0,48.21
2026-07-18T17:43:23.093201,4,0.0,0,0,0,37.1,48.21
2026-07-18T17:43:23.097030,3,0.0,0,0,0,0.0,48.21
2026-07-18T17:43:25.177051,3,0.0,0,0,0,35.6,48.21
2026-07-18T17:43:25.179944,4,0.0,0,0,0,0.0,48.21
2026-07-18T17:43:27.181935,3,0.0,0,0,0,32.9,48.21
2026-07-18T17:43:27.182245,4,0.0,0,0,0,0.0,48.21
2026-07-18T17:43:29.131923,4,0.0,0,0,0,34.4,48.21
2026-07-18T17:43:29.135011,3,0.0,0,0,0,0.0,48.21
2026-07-18T17:43:31.040187,4,0.0,0,0,0,40.4,48.21
2026-07-18T17:43:31.043839,3,0.0,0,0,0,0.0,48.21
2026-07-18T17:43:33.036042,4,0.0,0,0,0,32.2,48.21
2026-07-18T17:43:33.037140,3,0.0,0,0,0,0.0,48.21
2026-07-18T17:43:35.172105,3,0.0,0,0,0,35.6,48.21
2026-07-18T17:43:35.174937,4,0.0,0,0,0,0.0,48.21
2026-07-18T17:43:37.490437,3,0.0,0,0,0,34.1,48.21
2026-07-18T17:43:37.692882,4,0.0,0,0,0,44.4,48.21
2026-07-18T17:43:39.264665,4,0.0,0,0,0,36.9,48.21
2026-07-18T17:43:39.264886,3,0.0,0,0,0,0.0,48.21
2026-07-18T17:43:41.318164,3,0.0,0,0,0,36.0,48.21
2026-07-18T17:43:41.319002,4,0.0,0,0,0,0.0,48.21
2026-07-18T17:43:43.985762,4,0.0,0,0,0,26.3,48.21
2026-07-18T17:43:43.986228,3,0.0,0,0,0,0.0,48.21
2026-07-18T17:43:45.854324,4,0.0,0,0,0,29.4,48.21
2026-07-18T17:43:45.855850,3,0.0,0,0,0,0.0,48.21
2026-07-18T17:43:47.725111,3,0.0,0,0,0,30.5,48.21
2026-07-18T17:43:47.730730,4,0.0,0,0,0,0.0,48.21
2026-07-18T17:43:49.826251,3,0.0,0,0,0,29.1,48.21
2026-07-18T17:43:49.827007,4,0.0,0,0,0,0.0,48.21
2026-07-18T17:43:54.193314,4,0.0,0,0,0,29.4,48.21
2026-07-18T17:43:54.197624,3,0.0,0,0,0,66.1,48.21
2026-07-18T17:43:55.471348,4,0.0,0,0,0,29.8,48.21
2026-07-18T17:43:55.473661,3,0.0,0,0,0,0.0,48.21
2026-07-18T17:43:57.640332,4,0.0,0,0,0,27.7,48.21
2026-07-18T17:43:57.646369,3,0.0,0,0,0,0.0,48.21
2026-07-18T17:43:58.963366,4,0.0,0,0,0,29.6,48.21
2026-07-18T17:43:58.969867,3,0.0,0,0,0,0.0,48.21
2026-07-18T17:44:02.459881,3,0.0,0,0,0,29.2,48.21
2026-07-18T17:44:02.469919,4,0.0,0,0,0,737.0,48.21
2026-07-18T17:44:03.927943,3,0.0,0,0,0,29.3,48.21
2026-07-18T17:44:03.928250,4,0.0,0,0,0,0.0,48.21
2026-07-18T17:44:04.989353,3,0.0,0,0,0,33.9,48.21
2026-07-18T17:44:04.989563,4,0.0,0,0,0,0.0,48.21
2026-07-18T17:44:07.310050,3,0.0,0,0,0,32.3,48.21
2026-07-18T17:44:07.314237,4,0.0,0,0,0,0.0,48.21
2026-07-18T17:44:10.545733,4,0.0,0,0,0,28.8,48.21
2026-07-18T17:44:10.553812,3,0.0,0,0,0,328.0,48.21
2026-07-18T17:44:13.789780,3,0.0,0,0,0,27.8,48.21
2026-07-18T17:44:13.791990,4,0.0,0,0,0,0.0,48.21
2026-07-18T17:44:14.485180,3,0.0,0,0,0,41.7,48.21
2026-07-18T17:44:14.491412,4,0.0,0,0,0,0.0,48.21
2026-07-18T17:44:15.678206,3,0.0,0,0,0,37.9,48.21
2026-07-18T17:44:15.683061,4,0.0,0,0,0,0.0,48.21
2026-07-18T17:44:17.583949,4,0.0,0,0,0,38.4,48.21
2026-07-18T17:44:17.585040,3,0.0,0,0,0,0.0,48.21
2026-07-18T17:44:19.856139,4,0.0,0,0,0,40.9,48.21
2026-07-18T17:44:19.857061,3,0.0,0,0,0,0.0,48.21
2026-07-18T17:44:21.602339,4,0.0,0,0,0,43.6,48.21
2026-07-18T17:44:21.605179,3,0.0,0,0,0,0.0,48.21
2026-07-18T17:44:23.655057,4,0.0,0,0,0,43.9,48.21
2026-07-18T17:44:23.660038,3,0.0,0,0,0,137.2,48.21
2026-07-18T17:44:25.537050,4,0.0,0,0,0,27.7,48.21
2026-07-18T17:44:25.539759,3,0.0,0,0,0,0.0,48.21
2026-07-18T17:44:27.820960,4,0.0,0,0,0,28.0,48.21
2026-07-18T17:44:27.821288,3,0.0,0,0,0,0.0,48.21
2026-07-18T17:44:29.558824,4,0.0,0,0,0,39.7,48.21
2026-07-18T17:44:29.560982,3,0.0,0,0,0,1049.5,48.21
2026-07-18T17:44:31.653413,3,0.0,0,0,0,30.6,48.21
2026-07-18T17:44:31.653962,4,0.0,0,0,0,0.0,48.21
2026-07-18T17:44:33.735819,4,0.0,0,0,0,37.0,48.21
2026-07-18T17:44:33.736052,3,0.0,0,0,0,0.0,48.21
2026-07-18T17:44:35.750226,4,0.0,0,0,0,46.2,48.21
2026-07-18T17:44:35.751142,3,0.0,0,0,0,0.0,48.21
2026-07-18T17:44:37.795730,3,0.0,0,0,0,45.5,48.21
2026-07-18T17:44:37.796349,4,0.0,0,0,0,0.0,48.21
2026-07-18T17:44:39.986449,3,0.0,0,0,0,47.0,48.21
2026-07-18T17:44:39.987372,4,0.0,0,0,0,0.0,48.21
2026-07-18T17:44:41.923713,4,0.0,0,0,0,46.0,48.21
2026-07-18T17:44:41.924598,3,0.0,0,0,0,0.0,48.21
2026-07-18T17:44:43.738821,3,0.0,0,0,0,40.8,48.21
2026-07-18T17:44:43.739395,4,0.0,0,0,0,0.0,48.21
2026-07-18T17:44:46.188899,4,0.0,0,0,0,44.5,48.21
2026-07-18T17:44:46.189613,3,0.0,0,0,0,0.0,48.21
2026-07-18T17:44:48.402074,4,0.0,0,0,0,53.3,48.21
2026-07-18T17:44:48.407056,3,0.0,0,0,0,0.0,48.21
2026-07-18T17:44:50.246912,4,0.0,0,0,0,44.0,48.21
2026-07-18T17:44:50.247862,3,0.0,0,0,0,0.0,48.21
2026-07-18T17:44:51.934733,4,0.0,0,0,0,44.5,48.21
2026-07-18T17:44:51.935187,3,0.0,0,0,0,0.0,48.21
2026-07-18T17:44:54.392087,3,0.0,0,0,0,45.2,48.21
2026-07-18T17:44:54.393839,4,0.0,0,0,0,0.0,48.21
2026-07-18T17:44:56.463752,3,0.0,0,0,0,47.4,48.21
2026-07-18T17:44:56.465750,4,0.0,0,0,0,0.0,48.21
2026-07-18T17:44:58.467562,4,0.0,0,0,0,44.0,48.21
2026-07-18T17:44:58.470401,3,0.0,0,0,0,0.0,48.21
2026-07-18T17:45:00.455710,3,0.0,0,0,0,47.8,48.21
2026-07-18T17:45:00.457996,4,0.0,0,0,0,0.0,48.21
2026-07-18T17:45:02.807323,4,0.0,0,0,0,51.9,48.21
2026-07-18T17:45:02.808550,3,0.0,0,0,0,0.0,48.21
2026-07-18T17:45:04.979086,4,0.0,0,0,0,47.9,48.21
2026-07-18T17:45:04.983794,3,0.0,0,0,0,0.0,48.21
2026-07-18T17:45:07.073921,3,0.0,0,0,0,44.9,48.21
2026-07-18T17:45:07.074621,4,0.0,0,0,0,0.0,48.21
2026-07-18T17:45:08.814345,3,0.0,0,0,0,40.2,48.21
2026-07-18T17:45:08.815150,4,0.0,0,0,0,0.0,48.21
2026-07-18T17:45:10.930991,3,0.0,0,0,0,50.6,48.21
2026-07-18T17:45:10.931581,4,0.0,0,0,0,0.0,48.21
2026-07-18T17:45:12.958901,4,0.0,0,0,0,47.8,48.21
2026-07-18T17:45:12.959990,3,0.0,0,0,0,0.0,48.21
2026-07-18T17:45:14.651535,3,0.0,0,0,0,50.2,48.21
2026-07-18T17:45:14.651897,4,0.0,0,0,0,1914.3,48.21
2026-07-18T17:45:16.611095,4,0.0,0,0,0,44.0,48.21
2026-07-18T17:45:16.614558,3,0.0,0,0,0,249.9,48.21
2026-07-18T17:45:18.645210,4,0.0,0,0,0,43.8,48.21
2026-07-18T17:45:18.653103,3,0.0,0,0,0,0.0,48.21
2026-07-18T17:45:20.645681,3,0.0,0,0,0,36.7,48.21
2026-07-18T17:45:20.646055,4,0.0,0,0,0,0.0,48.21
2026-07-18T17:45:23.275196,3,0.0,0,0,0,51.0,48.21
2026-07-18T17:45:23.276664,4,0.0,0,0,0,603.3,48.21
2026-07-18T17:45:25.017957,4,0.0,0,0,0,52.8,48.21
2026-07-18T17:45:25.018842,3,0.0,0,0,0,0.0,48.21
2026-07-18T17:45:27.061966,4,0.0,0,0,0,52.4,48.21
2026-07-18T17:45:27.062936,3,0.0,0,0,0,0.0,48.21
2026-07-18T17:45:29.085271,4,0.0,0,0,0,46.1,48.21
2026-07-18T17:45:29.085777,3,0.0,0,0,0,0.0,48.21
2026-07-18T17:45:31.372500,4,0.0,0,0,0,46.8,48.21
2026-07-18T17:45:31.374735,3,0.0,0,0,0,523.9,48.21
2026-07-18T17:45:33.580248,3,0.0,0,0,0,46.2,48.21
2026-07-18T17:45:33.581267,4,0.0,0,0,0,0.0,48.21
2026-07-18T17:45:35.081557,4,0.0,0,0,0,49.3,48.21
2026-07-18T17:45:35.082493,3,0.0,0,0,0,0.0,48.21
2026-07-18T17:45:37.083804,3,0.0,0,0,0,48.5,48.21
2026-07-18T17:45:37.087259,4,0.0,0,0,0,0.0,48.21
2026-07-18T17:45:39.458877,3,0.0,0,0,0,39.6,48.21
2026-07-18T17:45:39.459246,4,0.0,0,0,0,0.0,48.21
2026-07-18T17:45:41.383379,4,0.0,0,0,0,43.2,48.21
2026-07-18T17:45:41.389449,3,0.0,0,0,0,0.0,48.21
2026-07-18T17:45:43.678651,4,0.0,0,0,0,45.4,48.21
2026-07-18T17:45:43.678975,3,0.0,0,0,0,0.0,48.21
2026-07-18T17:45:45.235653,4,0.0,0,0,0,37.3,48.21
2026-07-18T17:45:45.237270,3,0.0,0,0,0,0.0,48.21
2026-07-18T17:45:47.562008,4,0.0,0,0,0,42.1,48.21
2026-07-18T17:45:47.564888,3,0.0,0,0,0,0.0,48.21
2026-07-18T17:45:50.167763,4,0.0,0,0,0,43.8,48.21
2026-07-18T17:45:50.171393,3,0.0,0,0,0,0.0,48.21
2026-07-18T17:45:51.899260,3,0.0,0,0,0,45.1,48.21
2026-07-18T17:45:51.900113,4,0.0,0,0,0,0.0,48.21
2026-07-18T17:45:53.914966,3,0.0,0,0,0,44.3,48.21
2026-07-18T17:45:53.921214,4,0.0,0,0,0,171.6,48.21
2026-07-18T17:45:56.003062,4,0.0,0,0,0,33.1,48.21
2026-07-18T17:45:56.008114,3,0.0,0,0,0,0.0,48.21
2026-07-18T17:45:57.771448,3,0.0,0,0,0,33.4,48.21
2026-07-18T17:45:57.771936,4,0.0,0,0,0,0.0,48.21
2026-07-18T17:45:59.667005,4,0.0,0,0,0,35.9,48.21
2026-07-18T17:45:59.667444,3,0.0,0,0,0,0.0,48.21
2026-07-18T17:46:01.652989,4,0.0,0,0,0,31.8,48.21
2026-07-18T17:46:01.658306,3,0.0,0,0,0,0.0,48.21
2026-07-18T17:46:03.864776,4,0.0,0,0,0,47.9,48.21
2026-07-18T17:46:03.865829,3,0.0,0,0,0,0.0,48.21
2026-07-18T17:46:06.942976,4,0.0,0,0,0,49.1,48.21
2026-07-18T17:46:06.944121,3,0.0,0,0,0,819.1,48.21
2026-07-18T17:46:08.692507,3,0.0,0,0,0,46.3,48.21
2026-07-18T17:46:08.693461,4,0.0,0,0,0,0.0,48.21
2026-07-18T17:46:10.045911,4,0.0,0,0,0,44.4,48.21
2026-07-18T17:46:10.046211,3,0.0,0,0,0,0.0,48.21
2026-07-18T17:46:12.241797,4,0.0,0,0,0,31.9,48.21
2026-07-18T17:46:12.242912,3,0.0,0,0,0,0.0,48.21
2026-07-18T17:46:14.185344,4,0.0,0,0,0,54.7,48.21
2026-07-18T17:46:14.189113,3,0.0,0,0,0,121.9,48.21
2026-07-18T17:46:16.231077,4,0.0,0,0,0,49.5,48.21
2026-07-18T17:46:16.234239,3,0.0,0,0,0,190.8,48.21
2026-07-18T17:46:18.744206,3,0.0,0,0,0,52.6,48.21
2026-07-18T17:46:18.744953,4,0.0,0,0,0,795.2,48.21
2026-07-18T17:46:20.108881,3,0.0,0,0,0,52.1,48.21
2026-07-18T17:46:20.109206,4,0.0,0,0,0,0.0,48.21
2026-07-18T17:46:22.357074,3,0.0,0,0,0,36.5,48.21
2026-07-18T17:46:22.357966,4,0.0,0,0,0,0.0,48.21
2026-07-18T17:46:24.288213,3,0.0,0,0,0,42.0,48.21
2026-07-18T17:46:24.290875,4,0.0,0,0,0,0.0,48.21
2026-07-18T17:46:26.319951,4,0.0,0,0,0,44.9,48.21
2026-07-18T17:46:26.320229,3,0.0,0,0,0,0.0,48.21
2026-07-18T17:46:28.355120,3,0.0,0,0,0,41.4,48.21
2026-07-18T17:46:28.356088,4,0.0,0,0,0,0.0,48.21
2026-07-18T17:46:30.214384,3,0.0,0,0,0,28.5,48.21
2026-07-18T17:46:30.215289,4,0.0,0,0,0,0.0,48.21
2026-07-18T17:46:33.974898,3,0.0,0,0,0,30.7,48.21
2026-07-18T17:46:33.975885,4,0.0,0,0,0,0.0,48.21
2026-07-18T17:46:36.171489,4,0.0,0,0,0,32.0,48.21
2026-07-18T17:46:36.176631,3,0.0,0,0,0,0.0,48.21
2026-07-18T17:46:37.324016,3,0.0,0,0,0,33.9,48.21
2026-07-18T17:46:37.324272,4,0.0,0,0,0,0.0,48.21
2026-07-18T17:46:39.662382,4,0.0,0,0,0,30.8,48.21
2026-07-18T17:46:39.665155,3,0.0,0,0,0,0.0,48.21
2026-07-18T17:46:42.367469,4,0.0,0,0,0,31.5,48.21
2026-07-18T17:46:42.377976,3,0.0,0,0,0,0.0,48.21
2026-07-18T17:46:45.052002,4,0.0,0,0,0,33.5,48.21
2026-07-18T17:46:45.053065,3,0.0,0,0,0,0.0,48.21
2026-07-18T17:46:46.853741,4,0.0,0,0,0,30.7,48.21
2026-07-18T17:46:46.854297,3,0.0,0,0,0,100.5,48.21
2026-07-18T17:46:48.323881,4,0.0,0,0,0,29.8,48.21
2026-07-18T17:46:48.324250,3,0.0,0,0,0,0.0,48.21
2026-07-18T17:46:51.480495,4,0.0,0,0,0,17.5,48.21
2026-07-18T17:46:51.480993,3,0.0,0,0,0,147.6,48.21
2026-07-18T17:46:52.234057,3,0.0,0,0,0,25.2,48.21
2026-07-18T17:46:52.241099,4,0.0,0,0,0,0.0,48.21
2026-07-18T17:46:55.901937,3,0.0,0,0,0,18.0,48.21
2026-07-18T17:46:55.934666,4,0.0,0,0,0,0.0,48.21
2026-07-18T17:46:57.318070,4,0.0,0,0,0,28.7,48.21
2026-07-18T17:46:57.318622,3,0.0,0,0,0,0.0,48.21
2026-07-18T17:46:58.303019,4,0.0,0,0,0,15.3,48.21
2026-07-18T17:46:58.303464,3,0.0,0,0,0,0.0,48.21
2026-07-18T17:47:00.596433,3,0.0,0,0,0,26.2,48.21
2026-07-18T17:47:00.606982,4,0.0,0,0,0,0.0,48.21
2026-07-18T17:47:03.749128,3,0.0,0,0,0,25.5,48.21
2026-07-18T17:47:03.754095,4,0.0,0,0,0,198.5,48.21
2026-07-18T17:47:04.534243,4,0.0,0,0,0,25.8,48.21
2026-07-18T17:47:04.535721,3,0.0,0,0,0,166.4,48.21
2026-07-18T17:47:07.020091,2,0.0,0,0,0,29.9,48.21
2026-07-18T17:47:07.022208,2,0.0,0,0,0,0.0,48.21
2026-07-18T17:47:07.023083,2,0.0,0,0,0,0.0,48.21
2026-07-18T17:47:07.028115,2,0.0,0,0,0,0.0,48.21
2026-07-18T17:47:07.031023,2,0.0,0,0,0,1090.3,48.21
2026-07-18T17:47:07.032285,2,0.0,0,0,0,0.0,48.21
2026-07-18T17:47:07.037323,2,0.0,0,0,0,0.0,48.21
2026-07-18T17:47:07.041148,2,0.0,0,0,0,134.2,48.21
2026-07-18T17:47:07.043414,2,0.0,0,0,0,0.0,48.21
2026-07-18T17:47:07.052004,2,0.0,0,0,0,0.0,48.21
2026-07-18T17:47:07.283206,3,0.0,0,0,0,26.0,48.21
2026-07-18T17:47:07.284054,4,0.0,0,0,0,0.0,48.21
2026-07-18T17:47:11.451808,4,0.0,0,0,0,22.6,48.21
2026-07-18T17:47:11.452271,3,0.0,0,0,0,0.0,48.21
2026-07-18T17:47:12.714227,3,0.0,0,0,0,35.7,48.21
2026-07-18T17:47:12.718393,4,0.0,0,0,0,0.0,48.21
2026-07-18T17:47:13.887833,3,0.0,0,0,0,30.0,48.21
2026-07-18T17:47:13.892364,4,0.0,0,0,0,0.0,48.21
2026-07-18T17:47:15.977430,4,0.0,0,0,0,32.1,48.21
2026-07-18T17:47:16.371993,3,0.0,0,0,0,33.2,48.21
2026-07-18T17:47:17.881717,2,0.0,0,0,0,32.4,48.21
2026-07-18T17:47:17.885726,2,0.0,0,0,0,344.6,48.21
2026-07-18T17:47:17.903109,2,0.0,0,0,0,0.0,48.21
2026-07-18T17:47:17.918248,2,0.0,0,0,0,0.0,48.21
2026-07-18T17:47:18.135447,3,0.0,0,0,0,36.8,48.21
2026-07-18T17:47:18.149111,4,0.0,0,0,0,0.0,48.21
2026-07-18T17:47:18.152703,2,0.0,0,0,0,0.0,48.21
2026-07-18T17:47:18.153235,2,0.0,0,0,0,0.0,48.21
2026-07-18T17:47:18.566206,2,0.0,0,0,0,36.3,48.21
2026-07-18T17:47:19.651007,4,0.0,0,0,0,35.0,48.21
2026-07-18T17:47:19.651648,3,0.0,0,0,0,0.0,48.21
2026-07-18T17:47:20.775182,4,0.0,0,0,0,34.7,48.21
2026-07-18T17:47:20.779512,3,0.0,0,0,0,0.0,48.21
2026-07-18T17:47:22.903462,3,0.0,0,0,0,43.4,48.21
2026-07-18T17:47:22.909557,4,0.0,0,0,0,0.0,48.21
2026-07-18T17:47:23.159410,2,0.0,0,0,0,32.5,48.21
2026-07-18T17:47:23.160912,2,0.0,0,0,0,224.0,48.21
2026-07-18T17:47:23.162177,2,0.0,0,0,0,0.0,48.21
2026-07-18T17:47:23.163238,2,0.0,0,0,0,0.0,48.21
2026-07-18T17:47:23.164284,2,0.0,0,0,0,0.0,48.21
2026-07-18T17:47:23.165844,2,0.0,0,0,0,0.0,48.21
2026-07-18T17:47:23.166788,2,0.0,0,0,0,0.0,48.21
2026-07-18T17:47:23.167198,2,0.0,0,0,0,0.0,48.21
2026-07-18T17:47:25.090943,3,0.0,0,0,0,46.8,48.21
2026-07-18T17:47:25.092157,4,0.0,0,0,0,403.6,48.21
2026-07-18T17:47:26.595752,2,0.0,0,0,0,40.6,48.21
2026-07-18T17:47:27.179662,3,0.0,0,0,0,41.4,48.21
2026-07-18T17:47:27.182980,4,0.0,0,0,0,0.0,48.21
2026-07-18T17:47:27.645233,2,0.0,0,0,0,36.6,48.21
2026-07-18T17:47:27.646152,2,0.0,0,0,0,0.0,48.21
2026-07-18T17:47:27.648805,2,0.0,0,0,0,0.0,48.21
2026-07-18T17:47:27.649331,2,0.0,0,0,0,0.0,48.21
2026-07-18T17:47:27.652093,2,0.0,0,0,0,0.0,48.21
2026-07-18T17:47:27.652418,2,0.0,0,0,0,0.0,48.21
2026-07-18T17:47:27.653052,2,0.0,0,0,0,0.0,48.21
2026-07-18T17:47:27.653260,2,0.0,0,0,0,0.0,48.21
2026-07-18T17:47:27.653412,2,0.0,0,0,0,0.0,48.21
2026-07-18T17:47:28.511987,2,0.0,0,0,0,41.9,48.21
2026-07-18T17:47:28.969168,3,0.0,0,0,0,32.8,48.21
2026-07-18T17:47:28.969593,4,0.0,0,0,0,0.0,48.21
2026-07-18T17:47:30.801542,2,0.0,0,0,0,41.5,48.21
2026-07-18T17:47:30.978253,4,0.0,0,0,0,62.2,48.21
2026-07-18T17:47:30.978535,3,0.0,0,0,0,0.0,48.21
2026-07-18T17:47:31.229069,2,0.0,0,0,0,32.0,48.21
2026-07-18T17:47:31.230161,2,0.0,0,0,0,0.0,48.21
2026-07-18T17:47:31.231652,2,0.0,0,0,0,0.0,48.21
2026-07-18T17:47:31.232114,2,0.0,0,0,0,0.0,48.21
2026-07-18T17:47:31.232774,2,0.0,0,0,0,0.0,48.21
2026-07-18T17:47:31.233110,2,0.0,0,0,0,0.0,48.21
2026-07-18T17:47:31.233386,2,0.0,0,0,0,3511.2,48.21
2026-07-18T17:47:31.233655,2,0.0,0,0,0,0.0,48.21
2026-07-18T17:47:32.897057,2,0.0,0,0,0,38.5,48.21
2026-07-18T17:47:33.134791,4,0.0,0,0,0,50.6,48.21
2026-07-18T17:47:33.135088,3,0.0,0,0,0,0.0,48.21
2026-07-18T17:47:34.561760,2,0.0,0,0,0,40.7,48.21
2026-07-18T17:47:34.562164,2,0.0,0,0,0,0.0,48.21
2026-07-18T17:47:35.181075,2,0.0,0,0,0,37.2,48.21
2026-07-18T17:47:35.620278,4,0.0,0,0,0,56.9,48.21
2026-07-18T17:47:35.621384,3,0.0,0,0,0,0.0,48.21
2026-07-18T17:47:36.791972,2,0.0,0,0,0,50.6,48.21
2026-07-18T17:47:37.004112,2,0.0,0,0,0,66.4,48.21
2026-07-18T17:47:37.287184,3,0.0,0,0,0,55.6,48.21
2026-07-18T17:47:37.289322,4,0.0,0,0,0,0.0,48.21
2026-07-18T17:47:37.293307,2,0.0,0,0,0,0.0,48.21
2026-07-18T17:47:37.296371,2,0.0,0,0,0,324.5,48.21
2026-07-18T17:47:37.299246,2,0.0,0,0,0,342.2,48.21
2026-07-18T17:47:37.301013,2,0.0,0,0,0,0.0,48.21
2026-07-18T17:47:37.303333,2,0.0,0,0,0,0.0,48.21
2026-07-18T17:47:37.307431,2,0.0,0,0,0,0.0,48.21
2026-07-18T17:47:37.309146,2,0.0,0,0,0,722.3,48.21
2026-07-18T17:47:37.311510,2,0.0,0,0,0,0.0,48.21
2026-07-18T17:47:37.316490,2,0.0,0,0,0,0.0,48.21
2026-07-18T17:47:39.443377,4,0.0,0,0,0,45.2,48.21
2026-07-18T17:47:39.444419,3,0.0,0,0,0,0.0,48.21
2026-07-18T17:47:41.191212,3,0.0,0,0,0,45.8,48.21
2026-07-18T17:47:41.192777,4,0.0,0,0,0,0.0,48.21
2026-07-18T17:47:41.861278,2,0.0,0,0,0,29.9,48.21
2026-07-18T17:47:41.863573,2,0.0,0,0,0,828.4,48.21
2026-07-18T17:47:41.864511,2,0.0,0,0,0,0.0,48.21
2026-07-18T17:47:41.868569,2,0.0,0,0,0,0.0,48.21
2026-07-18T17:47:41.869005,2,0.0,0,0,0,0.0,48.21
2026-07-18T17:47:41.869321,2,0.0,0,0,0,0.0,48.21
2026-07-18T17:47:41.870340,2,0.0,0,0,0,0.0,48.21
2026-07-18T17:47:41.871499,2,0.0,0,0,0,0.0,48.21
2026-07-18T17:47:41.872482,2,0.0,0,0,0,0.0,48.21
2026-07-18T17:47:43.277458,3,0.0,0,0,0,42.8,48.21
2026-07-18T17:47:43.278389,4,0.0,0,0,0,0.0,48.21
2026-07-18T17:47:45.208794,4,0.0,0,0,0,32.2,48.21
2026-07-18T17:47:45.209380,3,0.0,0,0,0,0.0,48.21
2026-07-18T17:47:45.349098,2,0.0,0,0,0,71.9,48.21
2026-07-18T17:47:45.349328,2,0.0,0,0,0,0.0,48.21
2026-07-18T17:47:45.350083,2,0.0,0,0,0,0.0,48.21
2026-07-18T17:47:45.350558,2,0.0,0,0,0,0.0,48.21
2026-07-18T17:47:45.350774,2,0.0,0,0,0,0.0,48.21
2026-07-18T17:47:45.350929,2,0.0,0,0,0,0.0,48.21
2026-07-18T17:47:45.351072,2,0.0,0,0,0,0.0,48.21
2026-07-18T17:47:45.351186,2,0.0,0,0,0,0.0,48.21
2026-07-18T17:47:45.351296,2,0.0,0,0,0,0.0,48.21
2026-07-18T17:47:45.351738,2,0.0,0,0,0,0.0,48.21
2026-07-18T17:47:45.351903,2,0.0,0,0,0,0.0,48.21
2026-07-18T17:47:45.352022,2,0.0,0,0,0,0.0,48.21
2026-07-18T17:47:45.352310,2,0.0,0,0,0,0.0,48.21
2026-07-18T17:47:45.352915,2,0.0,0,0,0,0.0,48.21
2026-07-18T17:47:45.353135,2,0.0,0,0,0,2435.5,48.21
2026-07-18T17:47:45.353264,2,0.0,0,0,0,0.0,48.21
2026-07-18T17:47:45.354332,2,0.0,0,0,0,0.0,48.21
2026-07-18T17:47:45.355993,2,0.0,0,0,0,0.0,48.21
2026-07-18T17:47:45.357078,2,0.0,0,0,0,0.0,48.21
2026-07-18T17:47:45.357770,2,0.0,0,0,0,0.0,48.21
2026-07-18T17:47:45.358247,2,0.0,0,0,0,0.0,48.21
2026-07-18T17:47:45.359169,2,0.0,0,0,0,0.0,48.21
2026-07-18T17:47:45.368771,2,0.0,0,0,0,107.7,48.21
2026-07-18T17:47:45.370326,2,0.0,0,0,0,0.0,48.21
2026-07-18T17:47:45.371287,2,0.0,0,0,0,0.0,48.21
2026-07-18T17:47:45.372177,2,0.0,0,0,0,0.0,48.21
2026-07-18T17:47:45.372997,2,0.0,0,0,0,0.0,48.21
2026-07-18T17:47:45.373669,2,0.0,0,0,0,0.0,48.21
2026-07-18T17:47:45.374242,2,0.0,0,0,0,0.0,48.21
2026-07-18T17:47:45.374872,2,0.0,0,0,0,0.0,48.21
2026-07-18T17:47:45.383142,2,0.0,0,0,0,122.1,48.21
2026-07-18T17:47:45.383901,2,0.0,0,0,0,0.0,48.21
2026-07-18T17:47:45.384736,2,0.0,0,0,0,0.0,48.21
2026-07-18T17:47:45.385876,2,0.0,0,0,0,0.0,48.21
2026-07-18T17:47:45.388111,2,0.0,0,0,0,0.0,48.21
2026-07-18T17:47:45.393071,2,0.0,0,0,0,365.7,48.21
2026-07-18T17:47:45.394721,2,0.0,0,0,0,0.0,48.21
2026-07-18T17:47:45.407176,2,0.0,0,0,0,0.0,48.21
2026-07-18T17:47:45.409268,2,0.0,0,0,0,0.0,48.21
2026-07-18T17:47:45.411561,2,0.0,0,0,0,443.8,48.21
2026-07-18T17:47:45.414448,2,0.0,0,0,0,0.0,48.21
2026-07-18T17:47:45.417516,2,0.0,0,0,0,0.0,48.21
2026-07-18T17:47:45.418080,2,0.0,0,0,0,0.0,48.21
2026-07-18T17:47:45.419743,2,0.0,0,0,0,0.0,48.21
2026-07-18T17:47:45.423850,2,0.0,0,0,0,0.0,48.21
2026-07-18T17:47:45.434347,2,0.0,0,0,0,83.2,48.21
2026-07-18T17:47:45.443184,2,0.0,0,0,0,0.0,48.21
2026-07-18T17:47:45.451522,2,0.0,0,0,0,0.0,48.21
2026-07-18T17:47:45.455757,2,0.0,0,0,0,236.0,48.21
2026-07-18T17:47:45.458018,2,0.0,0,0,0,440.5,48.21
2026-07-18T17:47:45.461267,2,0.0,0,0,0,0.0,48.21
2026-07-18T17:47:45.463013,2,0.0,0,0,0,0.0,48.21
2026-07-18T17:47:45.463737,2,0.0,0,0,0,0.0,48.21
2026-07-18T17:47:45.464217,2,0.0,0,0,0,0.0,48.21
2026-07-18T17:47:45.464944,2,0.0,0,0,0,0.0,48.21
2026-07-18T17:47:45.465333,2,0.0,0,0,0,0.0,48.21
2026-07-18T17:47:45.465936,2,0.0,0,0,0,0.0,48.21
2026-07-18T17:47:45.466360,2,0.0,0,0,0,2261.4,48.21
2026-07-18T17:47:45.467069,2,0.0,0,0,0,0.0,48.21
2026-07-18T17:47:45.468295,2,0.0,0,0,0,0.0,48.21
2026-07-18T17:47:45.469102,2,0.0,0,0,0,0.0,48.21
2026-07-18T17:47:45.469738,2,0.0,0,0,0,0.0,48.21
2026-07-18T17:47:45.470587,2,0.0,0,0,0,0.0,48.21
2026-07-18T17:47:45.471240,2,0.0,0,0,0,0.0,48.21
2026-07-18T17:47:45.471601,2,0.0,0,0,0,0.0,48.21
2026-07-18T17:47:45.473057,2,0.0,0,0,0,0.0,48.21
2026-07-18T17:47:45.473955,2,0.0,0,0,0,0.0,48.21
2026-07-18T17:47:45.475823,2,0.0,0,0,0,0.0,48.21
2026-07-18T17:47:45.476706,2,0.0,0,0,0,0.0,48.21
2026-07-18T17:47:45.477537,2,0.0,0,0,0,0.0,48.21
2026-07-18T17:47:45.478022,2,0.0,0,0,0,0.0,48.21
2026-07-18T17:47:45.478404,2,0.0,0,0,0,2507.3,48.21
2026-07-18T17:47:45.479684,2,0.0,0,0,0,0.0,48.21
2026-07-18T17:47:45.480639,2,0.0,0,0,0,0.0,48.21
2026-07-18T17:47:45.769059,2,0.0,0,0,0,13.9,48.21
2026-07-18T17:47:45.770728,2,0.0,0,0,0,0.0,48.21
2026-07-18T17:47:45.771972,2,0.0,0,0,0,0.0,48.21
2026-07-18T17:47:45.775126,2,0.0,0,0,0,294.6,48.21
2026-07-18T17:47:45.776284,2,0.0,0,0,0,0.0,48.21
2026-07-18T17:47:47.229021,4,0.0,0,0,0,36.5,48.21
2026-07-18T17:47:47.232133,3,0.0,0,0,0,0.0,48.21
2026-07-18T17:47:49.466467,3,0.0,0,0,0,30.0,48.21
2026-07-18T17:47:49.469354,4,0.0,0,0,0,0.0,48.21
2026-07-18T17:47:51.369404,4,0.0,0,0,0,37.4,48.21
2026-07-18T17:47:51.369833,3,0.0,0,0,0,0.0,48.21
2026-07-18T17:47:53.363037,4,0.0,0,0,0,22.1,48.21
2026-07-18T17:47:53.363192,3,0.0,0,0,0,0.0,48.21
2026-07-18T17:47:55.294976,4,0.0,0,0,0,21.7,48.21
2026-07-18T17:47:55.303263,3,0.0,0,0,0,122.2,48.21
2026-07-18T17:47:57.595387,4,0.0,0,0,0,43.2,48.21
2026-07-18T17:47:57.595942,3,0.0,0,0,0,0.0,48.21
2026-07-18T17:47:59.327909,4,0.0,0,0,0,37.5,48.21
2026-07-18T17:47:59.328460,3,0.0,0,0,0,0.0,48.21
2026-07-18T17:48:01.636626,4,0.0,0,0,0,24.3,48.21
2026-07-18T17:48:01.636944,3,0.0,0,0,0,0.0,48.21
2026-07-18T17:48:03.446600,4,0.0,0,0,0,23.2,48.21
2026-07-18T17:48:03.447897,3,0.0,0,0,0,0.0,48.21
2026-07-18T17:48:05.499403,3,0.0,0,0,0,27.3,48.21
2026-07-18T17:48:05.499700,4,0.0,0,0,0,0.0,48.21
2026-07-18T17:48:07.489948,3,0.0,0,0,0,27.1,48.21
2026-07-18T17:48:07.490256,4,0.0,0,0,0,0.0,48.21
2026-07-18T17:48:09.512228,4,0.0,0,0,0,26.7,48.21
2026-07-18T17:48:09.514066,3,0.0,0,0,0,0.0,48.21
2026-07-18T17:48:12.618575,3,0.0,0,0,0,39.6,48.21
2026-07-18T17:48:12.623212,4,0.0,0,0,0,0.0,48.21
2026-07-18T17:48:13.530516,3,0.0,0,0,0,49.6,48.21
2026-07-18T17:48:13.531386,4,0.0,0,0,0,0.0,48.21
2026-07-18T17:48:16.310287,4,0.0,0,0,0,39.3,48.21
2026-07-18T17:48:16.312940,3,0.0,0,0,0,193.9,48.21
2026-07-18T17:48:17.934493,3,0.0,0,0,0,29.7,48.21
2026-07-18T17:48:17.935491,4,0.0,0,0,0,0.0,48.21
2026-07-18T17:48:20.024827,3,0.0,0,0,0,29.2,48.21
2026-07-18T17:48:20.025840,4,0.0,0,0,0,0.0,48.21
2026-07-18T17:48:23.055299,4,0.0,0,0,0,31.4,48.21
2026-07-18T17:48:23.064341,3,0.0,0,0,0,0.0,48.21
2026-07-18T17:48:24.891216,4,0.0,0,0,0,38.8,48.21
2026-07-18T17:48:24.892151,3,0.0,0,0,0,0.0,48.21
2026-07-18T17:48:26.202974,3,0.0,0,0,0,32.1,48.21
2026-07-18T17:48:26.205808,4,0.0,0,0,0,0.0,48.21
2026-07-18T17:48:28.626527,3,0.0,0,0,0,43.3,48.21
2026-07-18T17:48:28.632201,4,0.0,0,0,0,0.0,48.21
2026-07-18T17:48:31.339372,3,0.0,0,0,0,51.3,48.21
2026-07-18T17:48:31.343455,4,0.0,0,0,0,0.0,48.21
2026-07-18T17:48:32.577929,4,0.0,0,0,0,51.8,48.21
2026-07-18T17:48:32.579189,3,0.0,0,0,0,477.9,48.21
2026-07-18T17:48:34.794128,3,0.0,0,0,0,54.2,48.21
2026-07-18T17:48:34.795155,4,0.0,0,0,0,0.0,48.21
2026-07-18T17:48:36.353733,3,0.0,0,0,0,48.8,48.21
2026-07-18T17:48:36.355511,4,0.0,0,0,0,0.0,48.21
2026-07-18T17:48:38.530262,4,0.0,0,0,0,43.7,48.21
2026-07-18T17:48:38.534795,3,0.0,0,0,0,0.0,48.21
2026-07-18T17:48:41.297562,3,0.0,0,0,0,47.4,48.21
2026-07-18T17:48:41.301995,4,0.0,0,0,0,0.0,48.21
2026-07-18T17:48:42.645191,4,0.0,0,0,0,49.1,48.21
2026-07-18T17:48:42.646178,3,0.0,0,0,0,0.0,48.21
2026-07-18T17:48:42.961364,2,0.0,0,0,0,57.1,48.21
2026-07-18T17:48:45.065557,3,0.0,0,0,0,48.0,48.21
2026-07-18T17:48:45.066054,4,0.0,0,0,0,0.0,48.21
2026-07-18T17:48:46.900067,4,0.0,0,0,0,47.4,48.21
2026-07-18T17:48:46.902110,3,0.0,0,0,0,0.0,48.21
2026-07-18T17:48:47.526501,2,0.0,0,0,0,44.8,48.21
2026-07-18T17:48:49.157996,4,0.0,0,0,0,48.4,48.21
2026-07-18T17:48:49.163459,3,0.0,0,0,0,0.0,48.21
2026-07-18T17:48:51.042207,3,0.0,0,0,0,48.3,48.21
2026-07-18T17:48:51.048434,4,0.0,0,0,0,0.0,48.21
2026-07-18T17:48:52.882265,2,0.0,0,0,0,45.1,48.21
2026-07-18T17:48:52.883216,2,0.0,0,0,0,0.0,48.21
2026-07-18T17:48:52.884291,2,0.0,0,0,0,0.0,48.21
2026-07-18T17:48:52.886144,2,0.0,0,0,0,0.0,48.21
2026-07-18T17:48:52.888295,2,0.0,0,0,0,0.0,48.21
2026-07-18T17:48:52.891898,2,0.0,0,0,0,322.2,48.21
2026-07-18T17:48:52.894402,2,0.0,0,0,0,0.0,48.21
2026-07-18T17:48:52.898142,2,0.0,0,0,0,0.0,48.21
2026-07-18T17:48:53.064000,2,0.0,0,0,0,48.3,48.21
2026-07-18T17:48:53.066949,2,0.0,0,0,0,0.0,48.21
2026-07-18T17:48:53.071422,2,0.0,0,0,0,0.0,48.21
2026-07-18T17:48:53.073855,2,0.0,0,0,0,0.0,48.21
2026-07-18T17:48:53.076184,2,0.0,0,0,0,387.1,48.21
2026-07-18T17:48:53.398781,4,0.0,0,0,0,46.5,48.21
2026-07-18T17:48:53.399199,3,0.0,0,0,0,0.0,48.21
2026-07-18T17:48:55.994791,4,0.0,0,0,0,49.3,48.21
2026-07-18T17:48:55.995532,3,0.0,0,0,0,0.0,48.21
2026-07-18T17:48:57.859835,3,0.0,0,0,0,41.8,48.21
2026-07-18T17:48:57.861331,4,0.0,0,0,0,528.0,48.21
2026-07-18T17:48:59.349817,3,0.0,0,0,0,44.4,48.21
2026-07-18T17:48:59.350185,4,0.0,0,0,0,0.0,48.21
2026-07-18T17:49:01.312864,3,0.0,0,0,0,48.9,48.21
2026-07-18T17:49:01.315179,4,0.0,0,0,0,0.0,48.21
2026-07-18T17:49:03.499682,4,0.0,0,0,0,49.9,48.21
2026-07-18T17:49:03.500125,3,0.0,0,0,0,0.0,48.21
2026-07-18T17:49:05.467730,4,0.0,0,0,0,48.3,48.21
2026-07-18T17:49:05.468309,3,0.0,0,0,0,0.0,48.21
2026-07-18T17:49:07.728053,4,0.0,0,0,0,41.2,48.21
2026-07-18T17:49:07.729967,3,0.0,0,0,0,0.0,48.21
2026-07-18T17:49:09.679155,4,0.0,0,0,0,39.0,48.21
2026-07-18T17:49:09.679929,3,0.0,0,0,0,0.0,48.21
2026-07-18T17:49:11.339041,4,0.0,0,0,0,40.4,48.21
2026-07-18T17:49:11.343135,3,0.0,0,0,0,0.0,48.21
2026-07-18T17:49:13.804828,3,0.0,0,0,0,47.6,48.21
2026-07-18T17:49:14.303154,4,0.0,0,0,0,51.6,48.21
2026-07-18T17:49:16.379233,3,0.0,0,0,0,49.1,48.21
2026-07-18T17:49:16.383231,4,0.0,0,0,0,0.0,48.21
2026-07-18T17:49:18.769941,4,0.0,0,0,0,46.1,48.21
2026-07-18T17:49:18.771024,3,0.0,0,0,0,0.0,48.21
2026-07-18T17:49:20.100140,4,0.0,0,0,0,43.6,48.21
2026-07-18T17:49:20.100954,3,0.0,0,0,0,0.0,48.21
2026-07-18T17:49:22.115038,2,0.0,0,0,0,50.2,48.21
2026-07-18T17:49:22.116572,2,0.0,0,0,0,0.0,48.21
2026-07-18T17:49:22.202242,4,0.0,0,0,0,81.4,48.21
2026-07-18T17:49:22.203246,3,0.0,0,0,0,0.0,48.21
2026-07-18T17:49:24.270181,4,0.0,0,0,0,44.0,48.21
2026-07-18T17:49:24.271095,3,0.0,0,0,0,0.0,48.21
2026-07-18T17:49:26.944087,4,0.0,0,0,0,56.9,48.21
2026-07-18T17:49:26.944395,3,0.0,0,0,0,0.0,48.21
2026-07-18T17:49:27.613207,2,0.0,0,0,0,59.9,48.21
2026-07-18T17:49:27.615930,2,0.0,0,0,0,0.0,48.21
2026-07-18T17:49:27.617147,2,0.0,0,0,0,626.6,48.21
2026-07-18T17:49:28.330429,4,0.0,0,0,0,58.8,48.21
2026-07-18T17:49:28.332005,3,0.0,0,0,0,0.0,48.21
2026-07-18T17:49:30.775845,4,0.0,0,0,0,43.8,48.21
2026-07-18T17:49:30.792523,3,0.0,0,0,0,0.0,48.21
2026-07-18T17:49:32.752132,2,0.0,0,0,0,44.6,48.21
2026-07-18T17:49:32.753357,2,0.0,0,0,0,0.0,48.21
2026-07-18T17:49:32.754506,2,0.0,0,0,0,820.0,48.21
2026-07-18T17:49:32.756035,2,0.0,0,0,0,0.0,48.21
2026-07-18T17:49:32.757309,2,0.0,0,0,0,0.0,48.21
2026-07-18T17:49:32.759152,2,0.0,0,0,0,0.0,48.21
2026-07-18T17:49:33.509367,4,0.0,0,0,0,44.1,48.21
2026-07-18T17:49:33.515055,3,0.0,0,0,0,0.0,48.21
2026-07-18T17:49:34.939114,4,0.0,0,0,0,49.0,48.21
2026-07-18T17:49:34.940041,3,0.0,0,0,0,0.0,48.21
2026-07-18T17:49:36.733550,2,0.0,0,0,0,47.4,48.21
2026-07-18T17:49:36.735250,2,0.0,0,0,0,0.0,48.21
2026-07-18T17:49:36.736171,2,0.0,0,0,0,0.0,48.21
2026-07-18T17:49:36.927019,4,0.0,0,0,0,47.2,48.21
2026-07-18T17:49:36.927907,3,0.0,0,0,0,0.0,48.21
2026-07-18T17:49:39.512323,3,0.0,0,0,0,36.8,48.21
2026-07-18T17:49:39.513232,4,0.0,0,0,0,0.0,48.21
2026-07-18T17:49:42.217707,3,0.0,0,0,0,35.9,48.21
2026-07-18T17:49:42.218914,4,0.0,0,0,0,0.0,48.21
2026-07-18T17:49:42.827656,2,0.0,0,0,0,54.2,48.21
2026-07-18T17:49:42.827889,2,0.0,0,0,0,0.0,48.21
2026-07-18T17:49:42.829619,2,0.0,0,0,0,0.0,48.21
2026-07-18T17:49:42.829996,2,0.0,0,0,0,0.0,48.21
2026-07-18T17:49:42.830149,2,0.0,0,0,0,0.0,48.21
2026-07-18T17:49:42.832944,2,0.0,0,0,0,0.0,48.21
2026-07-18T17:49:42.835848,2,0.0,0,0,0,0.0,48.21
2026-07-18T17:49:42.836392,2,0.0,0,0,0,353.7,48.21
2026-07-18T17:49:42.837851,2,0.0,0,0,0,0.0,48.21
2026-07-18T17:49:42.838331,2,0.0,0,0,0,0.0,48.21
2026-07-18T17:49:42.840664,2,0.0,0,0,0,0.0,48.21
2026-07-18T17:49:42.851932,2,0.0,0,0,0,0.0,48.21
2026-07-18T17:49:42.853767,2,0.0,0,0,0,0.0,48.21
2026-07-18T17:49:42.854139,2,0.0,0,0,0,0.0,48.21
2026-07-18T17:49:42.855865,2,0.0,0,0,0,0.0,48.21
2026-07-18T17:49:42.856191,2,0.0,0,0,0,0.0,48.21
2026-07-18T17:49:42.856685,2,0.0,0,0,0,0.0,48.21
2026-07-18T17:49:42.858950,2,0.0,0,0,0,0.0,48.21
2026-07-18T17:49:42.859407,2,0.0,0,0,0,0.0,48.21
2026-07-18T17:49:42.862235,2,0.0,0,0,0,359.7,48.21
2026-07-18T17:49:42.862598,2,0.0,0,0,0,0.0,48.21
2026-07-18T17:49:42.863258,2,0.0,0,0,0,0.0,48.21
2026-07-18T17:49:42.865851,2,0.0,0,0,0,0.0,48.21
2026-07-18T17:49:42.866573,2,0.0,0,0,0,0.0,48.21
2026-07-18T17:49:42.867637,2,0.0,0,0,0,0.0,48.21
2026-07-18T17:49:42.868812,2,0.0,0,0,0,0.0,48.21
2026-07-18T17:49:42.869970,2,0.0,0,0,0,0.0,48.21
2026-07-18T17:49:42.874049,2,0.0,0,0,0,0.0,48.21
2026-07-18T17:49:42.875462,2,0.0,0,0,0,0.0,48.21
2026-07-18T17:49:42.916651,2,0.0,0,0,0,119.9,48.21
2026-07-18T17:49:42.917256,2,0.0,0,0,0,0.0,48.21
2026-07-18T17:49:42.918054,2,0.0,0,0,0,0.0,48.21
2026-07-18T17:49:42.919275,2,0.0,0,0,0,0.0,48.21
2026-07-18T17:49:42.920375,2,0.0,0,0,0,0.0,48.21
2026-07-18T17:49:42.921278,2,0.0,0,0,0,0.0,48.21
2026-07-18T17:49:42.924937,2,0.0,0,0,0,304.4,48.21
2026-07-18T17:49:42.926991,2,0.0,0,0,0,0.0,48.21
2026-07-18T17:49:42.927923,2,0.0,0,0,0,0.0,48.21
2026-07-18T17:49:42.928858,2,0.0,0,0,0,0.0,48.21
2026-07-18T17:49:42.929744,2,0.0,0,0,0,0.0,48.21
2026-07-18T17:49:42.930899,2,0.0,0,0,0,0.0,48.21
2026-07-18T17:49:42.931900,2,0.0,0,0,0,0.0,48.21
2026-07-18T17:49:42.935196,2,0.0,0,0,0,0.0,48.21
2026-07-18T17:49:42.936943,2,0.0,0,0,0,793.2,48.21
2026-07-18T17:49:42.939808,2,0.0,0,0,0,0.0,48.21
2026-07-18T17:49:42.940956,2,0.0,0,0,0,0.0,48.21
2026-07-18T17:49:42.941808,2,0.0,0,0,0,0.0,48.21
2026-07-18T17:49:42.942809,2,0.0,0,0,0,0.0,48.21
2026-07-18T17:49:42.944633,2,0.0,0,0,0,0.0,48.21
2026-07-18T17:49:42.945953,2,0.0,0,0,0,0.0,48.21
2026-07-18T17:49:42.954794,2,0.0,0,0,0,184.0,48.21
2026-07-18T17:49:42.958841,2,0.0,0,0,0,0.0,48.21
2026-07-18T17:49:42.961193,2,0.0,0,0,0,0.0,48.21
2026-07-18T17:49:42.964384,3,0.0,0,0,0,0.0,48.21
2026-07-18T17:49:42.965356,4,0.0,0,0,0,0.0,48.21
2026-07-18T17:49:43.279283,2,0.0,0,0,0,41.4,48.21
2026-07-18T17:49:43.282763,2,0.0,0,0,0,0.0,48.21
2026-07-18T17:49:43.286255,2,0.0,0,0,0,525.9,48.21
2026-07-18T17:49:43.289828,2,0.0,0,0,0,0.0,48.21
2026-07-18T17:49:43.292843,2,0.0,0,0,0,0.0,48.21
2026-07-18T17:49:43.295953,2,0.0,0,0,0,0.0,48.21
2026-07-18T17:49:43.300112,2,0.0,0,0,0,318.9,48.21
2026-07-18T17:49:43.303370,2,0.0,0,0,0,0.0,48.21
2026-07-18T17:49:43.307121,2,0.0,0,0,0,0.0,48.21
2026-07-18T17:49:43.388037,2,0.0,0,0,0,36.6,48.21
2026-07-18T17:49:43.392182,2,0.0,0,0,0,0.0,48.21
2026-07-18T17:49:43.394948,2,0.0,0,0,0,0.0,48.21
2026-07-18T17:49:43.398996,2,0.0,0,0,0,0.0,48.21
2026-07-18T17:49:43.402049,2,0.0,0,0,0,315.3,48.21
2026-07-18T17:49:43.413486,2,0.0,0,0,0,0.0,48.21
2026-07-18T17:49:43.414925,2,0.0,0,0,0,0.0,48.21
2026-07-18T17:49:45.666975,3,0.0,0,0,0,48.8,48.21
2026-07-18T17:49:45.669470,4,0.0,0,0,0,0.0,48.21
2026-07-18T17:49:45.670634,1,0.0,0,0,0,0.0,48.21
2026-07-18T17:49:45.674326,1,0.0,0,0,0,0.0,48.21
2026-07-18T17:49:45.676421,1,0.0,0,0,0,0.0,48.21
2026-07-18T17:49:45.678405,1,0.0,0,0,0,0.0,48.21
2026-07-18T17:49:45.680993,1,0.0,0,0,0,0.0,48.21
2026-07-18T17:49:45.685076,1,0.0,0,0,0,905.2,48.21
2026-07-18T17:49:45.689053,1,0.0,0,0,0,0.0,48.21
2026-07-18T17:49:45.689605,1,0.0,0,0,0,294.1,48.21
2026-07-18T17:49:45.692928,1,0.0,0,0,0,0.0,48.21
2026-07-18T17:49:45.694935,1,0.0,0,0,0,0.0,48.21
2026-07-18T17:49:45.695724,1,0.0,0,0,0,0.0,48.21
2026-07-18T17:49:48.196422,3,0.0,0,0,0,49.6,48.21
2026-07-18T17:49:48.786158,4,0.0,0,0,0,52.6,48.21
2026-07-18T17:49:50.599970,4,0.0,0,0,0,48.0,48.21
2026-07-18T17:49:50.600999,3,0.0,0,0,0,0.0,48.21
2026-07-18T17:49:51.509895,4,0.0,0,0,0,34.1,48.21
2026-07-18T17:49:51.510299,3,0.0,0,0,0,0.0,48.21
2026-07-18T17:49:54.128919,3,0.0,0,0,0,47.0,48.21
2026-07-18T17:49:54.129788,4,0.0,0,0,0,0.0,48.21
2026-07-18T17:49:56.306467,4,0.0,0,0,0,58.8,48.21
2026-07-18T17:49:56.320345,3,0.0,0,0,0,72.8,48.21
2026-07-18T17:49:56.641939,1,0.0,0,0,0,52.8,48.21
2026-07-18T17:49:56.646066,1,0.0,0,0,0,0.0,48.21
2026-07-18T17:49:56.649315,1,0.0,0,0,0,0.0,48.21
2026-07-18T17:49:56.655179,1,0.0,0,0,0,137.3,48.21
2026-07-18T17:49:56.661229,1,0.0,0,0,0,0.0,48.21
2026-07-18T17:49:58.438388,1,0.0,0,0,0,47.8,48.21
2026-07-18T17:49:58.900881,3,0.0,0,0,0,45.4,48.21
2026-07-18T17:49:58.905196,4,0.0,0,0,0,0.0,48.21
2026-07-18T17:49:59.475404,1,0.0,0,0,0,52.5,48.21
2026-07-18T17:49:59.748795,3,0.0,0,0,0,62.3,48.21
2026-07-18T17:49:59.751955,4,0.0,0,0,0,0.0,48.21
2026-07-18T17:50:00.058214,1,0.0,0,0,0,22.7,48.21
2026-07-18T17:50:02.742038,3,0.0,0,0,0,51.8,48.21
2026-07-18T17:50:02.747288,4,0.0,0,0,0,383.6,48.21
2026-07-18T17:50:02.860438,1,0.0,0,0,0,26.7,48.21
2026-07-18T17:50:03.350832,1,0.0,0,0,0,55.0,48.21
2026-07-18T17:50:04.458042,3,0.0,0,0,0,50.6,48.21
2026-07-18T17:50:04.458559,4,0.0,0,0,0,0.0,48.21
2026-07-18T17:50:04.537774,1,0.0,0,0,0,50.9,48.21
2026-07-18T17:50:05.142082,1,0.0,0,0,0,23.2,48.21
2026-07-18T17:50:06.848974,3,0.0,0,0,0,29.3,48.21
2026-07-18T17:50:06.853970,4,0.0,0,0,0,0.0,48.21
2026-07-18T17:50:07.287280,1,0.0,0,0,0,30.0,48.21
2026-07-18T17:50:08.399902,4,0.0,0,0,0,53.0,48.21
2026-07-18T17:50:08.403301,3,0.0,0,0,0,0.0,48.21
2026-07-18T17:50:08.428125,1,0.0,0,0,0,72.5,48.21
2026-07-18T17:50:09.023700,1,0.0,0,0,0,26.9,48.21
2026-07-18T17:50:10.245763,1,0.0,0,0,0,52.4,48.21
2026-07-18T17:50:10.611981,4,0.0,0,0,0,46.4,48.21
2026-07-18T17:50:10.612299,3,0.0,0,0,0,0.0,48.21
2026-07-18T17:50:11.626579,1,0.0,0,0,0,53.3,48.21
2026-07-18T17:50:12.019204,1,0.0,0,0,0,50.8,48.21
2026-07-18T17:50:12.394781,1,0.0,0,0,0,59.1,48.21
2026-07-18T17:50:13.178019,4,0.0,0,0,0,48.4,48.21
2026-07-18T17:50:13.179759,3,0.0,0,0,0,0.0,48.21
2026-07-18T17:50:14.051192,1,0.0,0,0,0,47.1,48.21
2026-07-18T17:50:14.306357,1,0.0,0,0,0,54.7,48.21
2026-07-18T17:50:14.306928,1,0.0,0,0,0,0.0,48.21
2026-07-18T17:50:14.399156,4,0.0,0,0,0,75.9,48.21
2026-07-18T17:50:14.402529,3,0.0,0,0,0,0.0,48.21
2026-07-18T17:50:15.539090,1,0.0,0,0,0,55.2,48.21
2026-07-18T17:50:16.590392,4,0.0,0,0,0,54.4,48.21
2026-07-18T17:50:16.592464,3,0.0,0,0,0,0.0,48.21
2026-07-18T17:50:16.684045,1,0.0,0,0,0,87.7,48.21
2026-07-18T17:50:16.745608,1,0.0,0,0,0,64.7,48.21
2026-07-18T17:50:18.275854,1,0.0,0,0,0,45.1,48.21
2026-07-18T17:50:18.492742,1,0.0,0,0,0,50.5,48.21
2026-07-18T17:50:18.570047,4,0.0,0,0,0,51.5,48.21
2026-07-18T17:50:18.570966,3,0.0,0,0,0,0.0,48.21
2026-07-18T17:50:19.848129,1,0.0,0,0,0,49.4,48.21
2026-07-18T17:50:20.125104,4,0.0,0,0,0,18.0,48.21
2026-07-18T17:50:20.126002,3,0.0,0,0,0,0.0,48.21
2026-07-18T17:50:21.088126,1,0.0,0,0,0,54.1,48.21
2026-07-18T17:50:21.158036,1,0.0,0,0,0,71.4,48.21
2026-07-18T17:50:22.124675,1,0.0,0,0,0,59.0,48.21
2026-07-18T17:50:22.507928,3,0.0,0,0,0,57.3,48.21
2026-07-18T17:50:23.110270,4,0.0,0,0,0,49.8,48.21
2026-07-18T17:50:23.388399,1,0.0,0,0,0,54.3,48.21
2026-07-18T17:50:24.935221,1,0.0,0,0,0,55.6,48.21
2026-07-18T17:50:25.050959,3,0.0,0,0,0,51.9,48.21
2026-07-18T17:50:25.052260,4,0.0,0,0,0,0.0,48.21
2026-07-18T17:50:25.198926,1,0.0,0,0,0,48.7,48.21
2026-07-18T17:50:26.144415,1,0.0,0,0,0,59.0,48.21
2026-07-18T17:50:26.528859,4,0.0,0,0,0,46.9,48.21
2026-07-18T17:50:26.529312,3,0.0,0,0,0,0.0,48.21
2026-07-18T17:50:27.691331,1,0.0,0,0,0,47.3,48.21
2026-07-18T17:50:29.164951,4,0.0,0,0,0,48.9,48.21
2026-07-18T17:50:29.166066,3,0.0,0,0,0,0.0,48.21
2026-07-18T17:50:29.169650,1,0.0,0,0,0,0.0,48.21
2026-07-18T17:50:29.447034,1,0.0,0,0,0,50.5,48.21
2026-07-18T17:50:30.892857,1,0.0,0,0,0,50.5,48.21
2026-07-18T17:50:31.014398,3,0.0,0,0,0,74.1,48.21
2026-07-18T17:50:31.095036,4,0.0,0,0,0,62.5,48.21
2026-07-18T17:50:33.435392,3,0.0,0,0,0,56.0,48.21
2026-07-18T17:50:33.808048,1,0.0,0,0,0,62.2,48.21
2026-07-18T17:50:34.079430,1,0.0,0,0,0,62.0,48.21
2026-07-18T17:50:34.096321,1,0.0,0,0,0,59.2,48.21
2026-07-18T17:50:34.109252,1,0.0,0,0,0,0.0,48.21
2026-07-18T17:50:34.138292,1,0.0,0,0,0,33.9,48.21
2026-07-18T17:50:34.142991,1,0.0,0,0,0,234.7,48.21
2026-07-18T17:50:34.156245,1,0.0,0,0,0,0.0,48.21
2026-07-18T17:50:34.213139,1,0.0,0,0,0,71.0,48.21
2026-07-18T17:50:34.230688,1,0.0,0,0,0,66.3,48.21
2026-07-18T17:50:34.254902,1,0.0,0,0,0,37.2,48.21
2026-07-18T17:50:34.269162,1,0.0,0,0,0,0.0,48.21
2026-07-18T17:50:34.281468,1,0.0,0,0,0,70.8,48.21
2026-07-18T17:50:34.298851,1,0.0,0,0,0,73.0,48.21
2026-07-18T17:50:34.353779,1,0.0,0,0,0,68.7,48.21
2026-07-18T17:50:34.360877,1,0.0,0,0,0,0.0,48.21
2026-07-18T17:50:34.756879,1,0.0,0,0,0,74.1,48.21
2026-07-18T17:50:34.774518,1,0.0,0,0,0,49.8,48.21
2026-07-18T17:50:34.859132,1,0.0,0,0,0,58.1,48.21
2026-07-18T17:50:34.864129,1,0.0,0,0,0,0.0,48.21
2026-07-18T17:50:34.871732,1,0.0,0,0,0,139.5,48.21
2026-07-18T17:50:34.879402,1,0.0,0,0,0,134.5,48.21
2026-07-18T17:50:34.886925,1,0.0,0,0,0,0.0,48.21
2026-07-18T17:50:34.896023,1,0.0,0,0,0,109.0,48.21
2026-07-18T17:50:34.991231,1,0.0,0,0,0,52.3,48.21
2026-07-18T17:50:34.996823,1,0.0,0,0,0,188.1,48.21
2026-07-18T17:50:35.003375,1,0.0,0,0,0,0.0,48.21
2026-07-18T17:50:35.015293,1,0.0,0,0,0,89.6,48.21
2026-07-18T17:50:35.021430,1,0.0,0,0,0,145.1,48.21
2026-07-18T17:50:35.026913,1,0.0,0,0,0,183.4,48.21
2026-07-18T17:50:35.038895,1,0.0,0,0,0,90.9,48.21
2026-07-18T17:50:35.129629,1,0.0,0,0,0,43.7,48.21
2026-07-18T17:50:35.135260,1,0.0,0,0,0,0.0,48.21
2026-07-18T17:50:35.141128,1,0.0,0,0,0,173.4,48.21
2026-07-18T17:50:35.148173,1,0.0,0,0,0,153.4,48.21
2026-07-18T17:50:35.174095,1,0.0,0,0,0,82.6,48.21
2026-07-18T17:50:35.306729,1,0.0,0,0,0,29.7,48.21
2026-07-18T17:50:35.318806,1,0.0,0,0,0,80.0,48.21
2026-07-18T17:50:35.326640,1,0.0,0,0,0,139.7,48.21
2026-07-18T17:50:35.340951,1,0.0,0,0,0,68.6,48.21
2026-07-18T17:50:35.353314,1,0.0,0,0,0,78.8,48.21
2026-07-18T17:50:35.430415,1,0.0,0,0,0,51.8,48.21
2026-07-18T17:50:35.465361,1,0.0,0,0,0,29.3,48.21
2026-07-18T17:50:35.481957,3,0.0,0,0,0,70.9,48.21
2026-07-18T17:50:35.495155,1,0.0,0,0,0,63.4,48.21
2026-07-18T17:50:35.512042,1,0.0,0,0,0,0.0,48.21
2026-07-18T17:50:35.637343,1,0.0,0,0,0,62.9,48.21
2026-07-18T17:50:35.646046,1,0.0,0,0,0,0.0,48.21
2026-07-18T17:50:35.667960,1,0.0,0,0,0,88.9,48.21
2026-07-18T17:50:35.684821,1,0.0,0,0,0,71.9,48.21
2026-07-18T17:50:35.817089,1,0.0,0,0,0,29.7,48.21
2026-07-18T17:50:35.836072,1,0.0,0,0,0,103.6,48.21
2026-07-18T17:50:35.840636,1,0.0,0,0,0,200.1,48.21
2026-07-18T17:50:35.859752,1,0.0,0,0,0,59.0,48.21
2026-07-18T17:50:35.870225,1,0.0,0,0,0,0.0,48.21
2026-07-18T17:50:35.927856,1,0.0,0,0,0,49.5,48.21
2026-07-18T17:50:35.944071,1,0.0,0,0,0,76.5,48.21
2026-07-18T17:50:35.959864,1,0.0,0,0,0,0.0,48.21
2026-07-18T17:50:35.980168,1,0.0,0,0,0,46.7,48.21
2026-07-18T17:50:36.413376,1,0.0,0,0,0,53.1,48.21
2026-07-18T17:50:36.425545,1,0.0,0,0,0,83.0,48.21
2026-07-18T17:50:36.437309,1,0.0,0,0,0,89.3,48.21
2026-07-18T17:50:36.450763,1,0.0,0,0,0,76.1,48.21
2026-07-18T17:50:36.464662,1,0.0,0,0,0,80.9,48.21
2026-07-18T17:50:36.541183,1,0.0,0,0,0,63.3,48.21
2026-07-18T17:50:36.551775,1,0.0,0,0,0,94.3,48.21
2026-07-18T17:50:36.570174,1,0.0,0,0,0,57.6,48.21
2026-07-18T17:50:36.580842,1,0.0,0,0,0,95.9,48.21
2026-07-18T17:50:36.584118,1,0.0,0,0,0,0.0,48.21
2026-07-18T17:50:36.591095,1,0.0,0,0,0,139.5,48.21
2026-07-18T17:50:36.596309,1,0.0,0,0,0,0.0,48.21
2026-07-18T17:50:36.724044,1,0.0,0,0,0,46.5,48.21
2026-07-18T17:50:37.058998,1,0.0,0,0,0,54.0,48.21
2026-07-18T17:50:37.083166,1,0.0,0,0,0,38.8,48.21
2026-07-18T17:50:37.100504,1,0.0,0,0,0,57.2,48.21
2026-07-18T17:50:37.121448,1,0.0,0,0,0,46.3,48.21
2026-07-18T17:50:37.220377,1,0.0,0,0,0,30.3,48.21
2026-07-18T17:50:37.230053,1,0.0,0,0,0,103.7,48.21
2026-07-18T17:50:37.240293,1,0.0,0,0,0,97.3,48.21
2026-07-18T17:50:37.245178,1,0.0,0,0,0,0.0,48.21
2026-07-18T17:50:37.252393,1,0.0,0,0,0,126.7,48.21
2026-07-18T17:50:37.328618,1,0.0,0,0,0,58.8,48.21
2026-07-18T17:50:37.340071,1,0.0,0,0,0,52.7,48.21
2026-07-18T17:50:37.346836,4,0.0,0,0,0,0.0,48.21
2026-07-18T17:50:37.381096,1,0.0,0,0,0,53.6,48.21
2026-07-18T17:50:37.406731,1,0.0,0,0,0,42.0,48.21
2026-07-18T17:50:37.481669,1,0.0,0,0,0,51.6,48.21
2026-07-18T17:50:37.492092,1,0.0,0,0,0,0.0,48.21
2026-07-18T17:50:37.504226,1,0.0,0,0,0,70.7,48.21
2026-07-18T17:50:37.523419,1,0.0,0,0,0,60.8,48.21
2026-07-18T17:50:37.539272,1,0.0,0,0,0,0.0,48.21
2026-07-18T17:50:37.584723,1,0.0,0,0,0,41.1,48.21
2026-07-18T17:50:37.668509,1,0.0,0,0,0,48.1,48.21
2026-07-18T17:50:37.690068,1,0.0,0,0,0,136.6,48.21
2026-07-18T17:50:37.700726,3,0.0,0,0,0,98.5,48.21
2026-07-18T17:50:37.704499,1,0.0,0,0,0,0.0,48.21
2026-07-18T17:50:37.725032,1,0.0,0,0,0,99.6,48.21
2026-07-18T17:50:37.852819,1,0.0,0,0,0,63.8,48.21
2026-07-18T17:50:37.890259,4,0.0,0,0,0,50.1,48.21
2026-07-18T17:50:37.896086,1,0.0,0,0,0,0.0,48.21
2026-07-18T17:50:37.950606,1,0.0,0,0,0,78.0,48.21
2026-07-18T17:50:38.006544,1,0.0,0,0,0,50.2,48.21
2026-07-18T17:50:38.086923,1,0.0,0,0,0,76.5,48.21
2026-07-18T17:50:38.386211,4,0.0,0,0,0,57.4,48.21
2026-07-18T17:50:39.353268,1,0.0,0,0,0,61.9,48.21
2026-07-18T17:50:39.372171,1,0.0,0,0,0,92.5,48.21
2026-07-18T17:50:39.402336,1,0.0,0,0,0,101.3,48.21
2026-07-18T17:50:39.424090,4,0.0,0,0,0,46.2,48.21
2026-07-18T17:50:39.429321,3,0.0,0,0,0,0.0,48.21
2026-07-18T17:50:41.911084,3,0.0,0,0,0,51.6,48.21
2026-07-18T17:50:41.920710,4,0.0,0,0,0,323.8,48.21
2026-07-18T17:50:41.969953,1,0.0,0,0,0,37.5,48.21
2026-07-18T17:50:41.991460,1,0.0,0,0,0,42.5,48.21
2026-07-18T17:50:41.998970,1,0.0,0,0,0,0.0,48.21
2026-07-18T17:50:42.005130,1,0.0,0,0,0,0.0,48.21
2026-07-18T17:50:42.008653,1,0.0,0,0,0,0.0,48.21
2026-07-18T17:50:42.011216,1,0.0,0,0,0,0.0,48.21
2026-07-18T17:50:42.015139,1,0.0,0,0,0,0.0,48.21
2026-07-18T17:50:42.016305,1,0.0,0,0,0,258.5,48.21
2026-07-18T17:50:42.020223,1,0.0,0,0,0,0.0,48.21
2026-07-18T17:50:42.024069,1,0.0,0,0,0,0.0,48.21
2026-07-18T17:50:43.558236,1,0.0,0,0,0,52.1,48.21
2026-07-18T17:50:43.568395,1,0.0,0,0,0,0.0,48.21
2026-07-18T17:50:43.578192,1,0.0,0,0,0,177.3,48.21
2026-07-18T17:50:43.594086,1,0.0,0,0,0,0.0,48.21
2026-07-18T17:50:43.599122,1,0.0,0,0,0,117.4,48.21
2026-07-18T17:50:43.601424,1,0.0,0,0,0,0.0,48.21
2026-07-18T17:50:43.604491,1,0.0,0,0,0,0.0,48.21
2026-07-18T17:50:43.608227,1,0.0,0,0,0,0.0,48.21
2026-07-18T17:50:43.639763,1,0.0,0,0,0,100.5,48.21
2026-07-18T17:50:43.643169,1,0.0,0,0,0,0.0,48.21
2026-07-18T17:50:43.646115,1,0.0,0,0,0,297.9,48.21
2026-07-18T17:50:43.650384,1,0.0,0,0,0,0.0,48.21
2026-07-18T17:50:43.654570,1,0.0,0,0,0,0.0,48.21
2026-07-18T17:50:43.657484,1,0.0,0,0,0,327.9,48.21
2026-07-18T17:50:43.660227,1,0.0,0,0,0,0.0,48.21
2026-07-18T17:50:43.664246,1,0.0,0,0,0,315.0,48.21
2026-07-18T17:50:43.676098,1,0.0,0,0,0,98.6,48.21
2026-07-18T17:50:43.749463,1,0.0,0,0,0,40.4,48.21
2026-07-18T17:50:43.755029,1,0.0,0,0,0,0.0,48.21
2026-07-18T17:50:43.771998,1,0.0,0,0,0,67.3,48.21
2026-07-18T17:50:43.775141,1,0.0,0,0,0,0.0,48.21
2026-07-18T17:50:43.780105,1,0.0,0,0,0,320.4,48.21
2026-07-18T17:50:43.782549,1,0.0,0,0,0,0.0,48.21
2026-07-18T17:50:43.787159,1,0.0,0,0,0,0.0,48.21
2026-07-18T17:50:43.790192,1,0.0,0,0,0,0.0,48.21
2026-07-18T17:50:43.793026,1,0.0,0,0,0,0.0,48.21
2026-07-18T17:50:43.798528,1,0.0,0,0,0,0.0,48.21
2026-07-18T17:50:43.799747,1,0.0,0,0,0,0.0,48.21
2026-07-18T17:50:43.800204,1,0.0,0,0,0,0.0,48.21
2026-07-18T17:50:43.801102,1,0.0,0,0,0,0.0,48.21
2026-07-18T17:50:43.802969,1,0.0,0,0,0,1086.3,48.21
2026-07-18T17:50:43.804246,1,0.0,0,0,0,0.0,48.21
2026-07-18T17:50:43.805335,1,0.0,0,0,0,0.0,48.21
2026-07-18T17:50:43.806374,1,0.0,0,0,0,0.0,48.21
2026-07-18T17:50:43.807115,4,0.0,0,0,0,0.0,48.21
2026-07-18T17:50:43.808977,3,0.0,0,0,0,0.0,48.21
2026-07-18T17:50:43.810182,1,0.0,0,0,0,0.0,48.21
2026-07-18T17:50:43.811127,1,0.0,0,0,0,0.0,48.21
2026-07-18T17:50:43.812140,1,0.0,0,0,0,0.0,48.21
2026-07-18T17:50:43.814112,1,0.0,0,0,0,0.0,48.21
2026-07-18T17:50:43.816473,1,0.0,0,0,0,0.0,48.21
2026-07-18T17:50:43.817454,1,0.0,0,0,0,495.1,48.21
2026-07-18T17:50:43.819119,1,0.0,0,0,0,0.0,48.21
2026-07-18T17:50:43.820800,1,0.0,0,0,0,0.0,48.21
2026-07-18T17:50:43.823890,1,0.0,0,0,0,0.0,48.21
2026-07-18T17:50:43.825011,1,0.0,0,0,0,375.5,48.21
2026-07-18T17:50:43.826155,1,0.0,0,0,0,0.0,48.21
2026-07-18T17:50:43.828184,1,0.0,0,0,0,0.0,48.21
2026-07-18T17:50:43.829183,1,0.0,0,0,0,0.0,48.21
2026-07-18T17:50:43.830214,1,0.0,0,0,0,0.0,48.21
2026-07-18T17:50:43.833063,1,0.0,0,0,0,698.9,48.21
2026-07-18T17:50:43.834149,1,0.0,0,0,0,0.0,48.21
2026-07-18T17:50:43.835238,1,0.0,0,0,0,0.0,48.21
2026-07-18T17:50:43.836356,1,0.0,0,0,0,0.0,48.21
2026-07-18T17:50:43.837352,1,0.0,0,0,0,0.0,48.21
2026-07-18T17:50:43.839242,1,0.0,0,0,0,0.0,48.21
2026-07-18T17:50:43.841066,1,0.0,0,0,0,0.0,48.21
2026-07-18T17:50:43.842101,1,0.0,0,0,0,0.0,48.21
2026-07-18T17:50:43.843236,1,0.0,0,0,0,0.0,48.21
2026-07-18T17:50:43.844431,1,0.0,0,0,0,0.0,48.21
2026-07-18T17:50:43.845952,1,0.0,0,0,0,0.0,48.21
2026-07-18T17:50:43.847223,1,0.0,0,0,0,0.0,48.21
2026-07-18T17:50:43.848817,1,0.0,0,0,0,543.0,48.21
2026-07-18T17:50:43.849165,1,0.0,0,0,0,0.0,48.21
2026-07-18T17:50:43.849717,1,0.0,0,0,0,0.0,48.21
2026-07-18T17:50:43.849970,1,0.0,0,0,0,0.0,48.21
2026-07-18T17:50:43.850141,1,0.0,0,0,0,0.0,48.21
2026-07-18T17:50:43.850857,1,0.0,0,0,0,0.0,48.21
2026-07-18T17:50:43.851160,1,0.0,0,0,0,0.0,48.21
2026-07-18T17:50:43.851453,1,0.0,0,0,0,0.0,48.21
2026-07-18T17:50:43.852360,1,0.0,0,0,0,0.0,48.21
2026-07-18T17:50:43.853141,1,0.0,0,0,0,0.0,48.21
2026-07-18T17:50:43.853947,1,0.0,0,0,0,1661.1,48.21
2026-07-18T17:50:43.854241,1,0.0,0,0,0,0.0,48.21
2026-07-18T17:50:43.855207,1,0.0,0,0,0,0.0,48.21
2026-07-18T17:50:43.856899,1,0.0,0,0,0,0.0,48.21
2026-07-18T17:50:43.857237,1,0.0,0,0,0,0.0,48.21
2026-07-18T17:50:43.858117,1,0.0,0,0,0,0.0,48.21
2026-07-18T17:50:43.858906,1,0.0,0,0,0,0.0,48.21
2026-07-18T17:50:43.859217,1,0.0,0,0,0,0.0,48.21
2026-07-18T17:50:43.859405,1,0.0,0,0,0,0.0,48.21
2026-07-18T17:50:43.860161,1,0.0,0,0,0,0.0,48.21
2026-07-18T17:50:43.860429,1,0.0,0,0,0,0.0,48.21
2026-07-18T17:50:43.860935,1,0.0,0,0,0,5178.6,48.21
2026-07-18T17:50:43.861280,1,0.0,0,0,0,0.0,48.21
2026-07-18T17:50:43.861465,1,0.0,0,0,0,0.0,48.21
2026-07-18T17:50:43.862374,1,0.0,0,0,0,0.0,48.21
2026-07-18T17:50:43.864397,1,0.0,0,0,0,0.0,48.21
2026-07-18T17:50:43.866001,1,0.0,0,0,0,0.0,48.21
2026-07-18T17:50:43.866654,1,0.0,0,0,0,0.0,48.21
2026-07-18T17:50:43.867526,1,0.0,0,0,0,0.0,48.21
2026-07-18T17:50:43.868225,1,0.0,0,0,0,0.0,48.21
2026-07-18T17:50:43.869160,1,0.0,0,0,0,0.0,48.21
2026-07-18T17:50:43.869785,1,0.0,0,0,0,0.0,48.21
2026-07-18T17:50:43.870197,1,0.0,0,0,0,0.0,48.21
2026-07-18T17:50:43.870968,1,0.0,0,0,0,0.0,48.21
2026-07-18T17:50:43.871798,1,0.0,0,0,0,0.0,48.21
2026-07-18T17:50:43.872869,1,0.0,0,0,0,0.0,48.21
2026-07-18T17:50:43.873246,1,0.0,0,0,0,0.0,48.21
2026-07-18T17:50:43.874272,1,0.0,0,0,0,1065.7,48.21
2026-07-18T17:50:43.875384,1,0.0,0,0,0,0.0,48.21
2026-07-18T17:50:43.879263,1,0.0,0,0,0,0.0,48.21
2026-07-18T17:50:43.882550,1,0.0,0,0,0,0.0,48.21
2026-07-18T17:50:43.884471,1,0.0,0,0,0,0.0,48.21
2026-07-18T17:50:43.886293,1,0.0,0,0,0,0.0,48.21
2026-07-18T17:50:43.887013,1,0.0,0,0,0,0.0,48.21
2026-07-18T17:50:43.889930,1,0.0,0,0,0,0.0,48.21
2026-07-18T17:50:43.892523,1,0.0,0,0,0,0.0,48.21
2026-07-18T17:50:43.896119,1,0.0,0,0,0,0.0,48.21
2026-07-18T17:50:43.899406,1,0.0,0,0,0,0.0,48.21
2026-07-18T17:50:43.903177,1,0.0,0,0,0,198.1,48.21
2026-07-18T17:50:43.907202,1,0.0,0,0,0,0.0,48.21
2026-07-18T17:50:43.911113,1,0.0,0,0,0,0.0,48.21
2026-07-18T17:50:43.914128,1,0.0,0,0,0,295.9,48.21
2026-07-18T17:50:43.922008,1,0.0,0,0,0,0.0,48.21
2026-07-18T17:50:43.925845,1,0.0,0,0,0,0.0,48.21
2026-07-18T17:50:43.929718,1,0.0,0,0,0,238.4,48.21
2026-07-18T17:50:44.050587,1,0.0,0,0,0,57.9,48.21
2026-07-18T17:50:44.069829,1,0.0,0,0,0,0.0,48.21
2026-07-18T17:50:44.083524,1,0.0,0,0,0,58.9,48.21
2026-07-18T17:50:45.825281,1,0.0,0,0,0,53.4,48.21
2026-07-18T17:50:45.990071,4,0.0,0,0,0,54.7,48.21
2026-07-18T17:50:45.990906,3,0.0,0,0,0,0.0,48.21
2026-07-18T17:50:47.584275,4,0.0,0,0,0,54.8,48.21
2026-07-18T17:50:47.592352,3,0.0,0,0,0,0.0,48.21
2026-07-18T17:50:49.072254,1,0.0,0,0,0,39.2,48.21
2026-07-18T17:50:50.219850,3,0.0,0,0,0,55.8,48.21
2026-07-18T17:50:50.220464,4,0.0,0,0,0,0.0,48.21
2026-07-18T17:50:52.435000,3,0.0,0,0,0,52.0,48.21
2026-07-18T17:50:52.436109,4,0.0,0,0,0,0.0,48.21
2026-07-18T17:50:52.879725,1,0.0,0,0,0,54.6,48.21
2026-07-18T17:50:53.793128,4,0.0,0,0,0,63.2,48.21
2026-07-18T17:50:53.793986,3,0.0,0,0,0,0.0,48.21
2026-07-18T17:50:55.723959,3,0.0,0,0,0,43.0,48.21
2026-07-18T17:50:55.724866,4,0.0,0,0,0,0.0,48.21
2026-07-18T17:50:57.636073,1,0.0,0,0,0,56.5,48.21
2026-07-18T17:50:57.845139,4,0.0,0,0,0,62.1,48.21
2026-07-18T17:50:57.847065,3,0.0,0,0,0,0.0,48.21
2026-07-18T17:51:00.413894,3,0.0,0,0,0,53.0,48.21
2026-07-18T17:51:00.483250,4,0.0,0,0,0,43.3,48.21
2026-07-18T17:51:01.557173,3,0.0,0,0,0,46.6,48.21
2026-07-18T17:51:01.558058,4,0.0,0,0,0,0.0,48.21
2026-07-18T17:51:02.377145,1,0.0,0,0,0,50.1,48.21
2026-07-18T17:51:04.732146,4,0.0,0,0,0,52.3,48.21
2026-07-18T17:51:04.733074,3,0.0,0,0,0,0.0,48.21
2026-07-18T17:51:05.158951,1,0.0,0,0,0,47.2,48.21
2026-07-18T17:51:06.534794,3,0.0,0,0,0,48.7,48.21
2026-07-18T17:51:06.535221,4,0.0,0,0,0,340.4,48.21
2026-07-18T17:51:08.664386,3,0.0,0,0,0,47.5,48.21
2026-07-18T17:51:08.666068,4,0.0,0,0,0,0.0,48.21
2026-07-18T17:51:11.115391,4,0.0,0,0,0,50.2,48.21
2026-07-18T17:51:11.121020,3,0.0,0,0,0,354.6,48.21
2026-07-18T17:51:11.344206,1,0.0,0,0,0,26.7,48.21
2026-07-18T17:51:13.016801,3,0.0,0,0,0,34.0,48.21
2026-07-18T17:51:13.017887,4,0.0,0,0,0,0.0,48.21
2026-07-18T17:51:14.645427,3,0.0,0,0,0,44.2,48.21
2026-07-18T17:51:14.646200,4,0.0,0,0,0,0.0,48.21
2026-07-18T17:51:17.048980,1,0.0,0,0,0,36.6,48.21
2026-07-18T17:51:17.119447,4,0.0,0,0,0,42.5,48.21
2026-07-18T17:51:17.120133,3,0.0,0,0,0,0.0,48.21
2026-07-18T17:51:18.022294,3,0.0,0,0,0,34.5,48.21
2026-07-18T17:51:18.025720,4,0.0,0,0,0,0.0,48.21
2026-07-18T17:51:21.223065,4,0.0,0,0,0,43.8,48.21
2026-07-18T17:51:21.223452,3,0.0,0,0,0,0.0,48.21
2026-07-18T17:51:22.601945,4,0.0,0,0,0,53.0,48.21
2026-07-18T17:51:22.604383,3,0.0,0,0,0,0.0,48.21
2026-07-18T17:51:23.716398,1,0.0,0,0,0,35.0,48.21
2026-07-18T17:51:25.063067,3,0.0,0,0,0,46.0,48.21
2026-07-18T17:51:25.066145,4,0.0,0,0,0,0.0,48.21
2026-07-18T17:51:26.988246,4,0.0,0,0,0,41.6,48.21
2026-07-18T17:51:26.992008,3,0.0,0,0,0,883.3,48.21
2026-07-18T17:51:27.449981,1,0.0,0,0,0,45.7,48.21
2026-07-18T17:51:29.342248,4,0.0,0,0,0,49.6,48.21
2026-07-18T17:51:29.345511,3,0.0,0,0,0,0.0,48.21
2026-07-18T17:51:31.509553,3,0.0,0,0,0,53.1,48.21
2026-07-18T17:51:31.511242,4,0.0,0,0,0,0.0,48.21
2026-07-18T17:51:32.482437,1,0.0,0,0,0,41.2,48.21
2026-07-18T17:51:33.906140,4,0.0,0,0,0,42.8,48.21
2026-07-18T17:51:33.909340,3,0.0,0,0,0,208.8,48.21
2026-07-18T17:51:35.075269,3,0.0,0,0,0,44.7,48.21
2026-07-18T17:51:35.076417,4,0.0,0,0,0,0.0,48.21
2026-07-18T17:51:37.846364,4,0.0,0,0,0,30.3,48.21
2026-07-18T17:51:37.847197,3,0.0,0,0,0,0.0,48.21
2026-07-18T17:51:39.852176,3,0.0,0,0,0,38.9,48.21
2026-07-18T17:51:40.150864,4,0.0,0,0,0,37.0,48.21
2026-07-18T17:51:40.415642,1,0.0,0,0,0,41.8,48.21
2026-07-18T17:51:41.771436,4,0.0,0,0,0,37.6,48.21
2026-07-18T17:51:41.774296,3,0.0,0,0,0,0.0,48.21
2026-07-18T17:51:42.892254,4,0.0,0,0,0,37.6,48.21
2026-07-18T17:51:42.893989,3,0.0,0,0,0,0.0,48.21
2026-07-18T17:51:45.798585,1,0.0,0,0,0,35.1,48.21
2026-07-18T17:51:46.069821,3,0.0,0,0,0,40.5,48.21
2026-07-18T17:51:46.070990,4,0.0,0,0,0,0.0,48.21
2026-07-18T17:51:47.343300,4,0.0,0,0,0,38.5,48.21
2026-07-18T17:51:47.344121,3,0.0,0,0,0,0.0,48.21
2026-07-18T17:51:50.185158,3,0.0,0,0,0,37.0,48.21
2026-07-18T17:51:51.377182,4,0.0,0,0,0,31.0,48.21
2026-07-18T17:51:51.896374,4,0.0,0,0,0,44.2,48.21
2026-07-18T17:51:51.897897,3,0.0,0,0,0,0.0,48.21
2026-07-18T17:51:53.588110,1,0.0,0,0,0,46.7,48.21
2026-07-18T17:51:54.117025,3,0.0,0,0,0,47.3,48.21
2026-07-18T17:51:54.119205,4,0.0,0,0,0,0.0,48.21
2026-07-18T17:51:55.900199,3,0.0,0,0,0,45.5,48.21
2026-07-18T17:51:55.903897,4,0.0,0,0,0,0.0,48.21
2026-07-18T17:51:56.551740,1,0.0,0,0,0,35.4,48.21
2026-07-18T17:51:57.751308,4,0.0,0,0,0,46.6,48.21
2026-07-18T17:51:57.751502,3,0.0,0,0,0,0.0,48.21
2026-07-18T17:51:58.147994,1,0.0,0,0,0,48.0,48.21
2026-07-18T17:51:59.345005,3,0.0,0,0,0,44.3,48.21
2026-07-18T17:51:59.345240,4,0.0,0,0,0,0.0,48.21
2026-07-18T17:52:00.285800,1,0.0,0,0,0,43.6,48.21
2026-07-18T17:52:01.371991,1,0.0,0,0,0,57.1,48.21
2026-07-18T17:52:02.236153,3,0.0,0,0,0,49.7,48.21
2026-07-18T17:52:02.239985,4,0.0,0,0,0,0.0,48.21
2026-07-18T17:52:02.619302,1,0.0,0,0,0,52.7,48.21
2026-07-18T17:52:03.441831,3,0.0,0,0,0,30.4,48.21
2026-07-18T17:52:03.442150,4,0.0,0,0,0,0.0,48.21
2026-07-18T17:52:04.281092,1,0.0,0,0,0,39.4,48.21
2026-07-18T17:52:05.377102,1,0.0,0,0,0,47.4,48.21
2026-07-18T17:52:06.224096,4,0.0,0,0,0,43.7,48.21
2026-07-18T17:52:06.224376,3,0.0,0,0,0,0.0,48.21
2026-07-18T17:52:07.583987,1,0.0,0,0,0,45.6,48.21
2026-07-18T17:52:07.787451,1,0.0,0,0,0,88.7,48.21
2026-07-18T17:52:08.091336,3,0.0,0,0,0,46.0,48.21
2026-07-18T17:52:08.092183,4,0.0,0,0,0,2634.2,48.21
2026-07-18T17:52:10.776953,4,0.0,0,0,0,39.8,48.21
2026-07-18T17:52:10.778078,3,0.0,0,0,0,0.0,48.21
2026-07-18T17:52:11.028989,1,0.0,0,0,0,55.9,48.21
2026-07-18T17:52:11.928337,3,0.0,0,0,0,56.7,48.21
2026-07-18T17:52:11.930260,4,0.0,0,0,0,484.2,48.21
2026-07-18T17:52:14.901678,4,0.0,0,0,0,37.4,48.21
2026-07-18T17:52:14.902146,3,0.0,0,0,0,0.0,48.21
2026-07-18T17:52:14.913050,1,0.0,0,0,0,99.0,48.21
2026-07-18T17:52:15.633571,2,0.0,0,0,0,56.9,48.21
2026-07-18T17:52:15.634469,2,0.0,0,0,0,0.0,48.21
2026-07-18T17:52:15.636422,2,0.0,0,0,0,0.0,48.21
2026-07-18T17:52:15.637890,2,0.0,0,0,0,0.0,48.21
2026-07-18T17:52:15.840497,4,0.0,0,0,0,39.4,48.21
2026-07-18T17:52:15.843309,3,0.0,0,0,0,0.0,48.21
2026-07-18T17:52:17.985190,1,0.0,0,0,0,45.7,48.21
2026-07-18T17:52:18.848144,4,0.0,0,0,0,46.3,48.21
2026-07-18T17:52:18.852249,3,0.0,0,0,0,1754.0,48.21
2026-07-18T17:52:20.330577,1,0.0,0,0,0,49.4,48.21
2026-07-18T17:52:21.262254,4,0.0,0,0,0,43.9,48.21
2026-07-18T17:52:21.263688,3,0.0,0,0,0,0.0,48.21
2026-07-18T17:52:22.005445,1,0.0,0,0,0,45.9,48.21
2026-07-18T17:52:23.673170,3,0.0,0,0,0,51.0,48.21
2026-07-18T17:52:23.674076,4,0.0,0,0,0,0.0,48.21
2026-07-18T17:52:24.607362,1,0.0,0,0,0,48.2,48.21
2026-07-18T17:52:24.688418,2,0.0,0,0,0,87.1,48.21
2026-07-18T17:52:24.693589,2,0.0,0,0,0,196.1,48.21
2026-07-18T17:52:24.700012,2,0.0,0,0,0,0.0,48.21
2026-07-18T17:52:24.705997,2,0.0,0,0,0,205.2,48.21
2026-07-18T17:52:24.713344,2,0.0,0,0,0,0.0,48.21
2026-07-18T17:52:24.717325,2,0.0,0,0,0,241.7,48.21
2026-07-18T17:52:24.889243,4,0.0,0,0,0,47.0,48.21
2026-07-18T17:52:24.892422,3,0.0,0,0,0,0.0,48.21
2026-07-18T17:52:27.471778,4,0.0,0,0,0,35.6,48.21
2026-07-18T17:52:27.472203,3,0.0,0,0,0,0.0,48.21
2026-07-18T17:52:27.876744,1,0.0,0,0,0,49.5,48.21
2026-07-18T17:52:28.448402,4,0.0,0,0,0,54.2,48.21
2026-07-18T17:52:28.451536,3,0.0,0,0,0,0.0,48.21
2026-07-18T17:52:29.470017,1,0.0,0,0,0,44.2,48.21
2026-07-18T17:52:30.824887,2,0.0,0,0,0,55.4,48.21
2026-07-18T17:52:30.827122,2,0.0,0,0,0,0.0,48.21
2026-07-18T17:52:30.828243,2,0.0,0,0,0,0.0,48.21
2026-07-18T17:52:30.832090,2,0.0,0,0,0,0.0,48.21
2026-07-18T17:52:31.223276,4,0.0,0,0,0,48.7,48.21
2026-07-18T17:52:31.226929,3,0.0,0,0,0,0.0,48.21
2026-07-18T17:52:31.449049,1,0.0,0,0,0,44.8,48.21
2026-07-18T17:52:33.631281,4,0.0,0,0,0,51.7,48.21
2026-07-18T17:52:33.635487,3,0.0,0,0,0,0.0,48.21
2026-07-18T17:52:34.139115,1,0.0,0,0,0,52.0,48.21
2026-07-18T17:52:35.438803,4,0.0,0,0,0,54.5,48.21
2026-07-18T17:52:35.439268,3,0.0,0,0,0,1082.9,48.21
2026-07-18T17:52:36.172951,1,0.0,0,0,0,57.3,48.21
2026-07-18T17:52:37.769335,2,0.0,0,0,0,39.5,48.21
2026-07-18T17:52:37.770168,2,0.0,0,0,0,0.0,48.21
2026-07-18T17:52:37.770455,2,0.0,0,0,0,0.0,48.21
2026-07-18T17:52:37.864341,4,0.0,0,0,0,53.4,48.21
2026-07-18T17:52:37.866173,3,0.0,0,0,0,0.0,48.21
2026-07-18T17:52:39.548270,4,0.0,0,0,0,51.1,48.21
2026-07-18T17:52:39.550013,3,0.0,0,0,0,0.0,48.21
2026-07-18T17:52:41.620319,3,0.0,0,0,0,29.9,48.21
2026-07-18T17:52:41.621031,4,0.0,0,0,0,0.0,48.21
2026-07-18T17:52:41.817975,1,0.0,0,0,0,61.2,48.21
2026-07-18T17:52:43.313214,2,0.0,0,0,0,52.2,48.21
2026-07-18T17:52:43.314269,2,0.0,0,0,0,0.0,48.21
2026-07-18T17:52:43.317137,2,0.0,0,0,0,0.0,48.21
2026-07-18T17:52:43.320657,2,0.0,0,0,0,0.0,48.21
2026-07-18T17:52:43.321096,2,0.0,0,0,0,0.0,48.21
2026-07-18T17:52:43.325668,2,0.0,0,0,0,0.0,48.21
2026-07-18T17:52:43.352198,4,0.0,0,0,0,74.6,48.21
2026-07-18T17:52:43.538319,1,0.0,0,0,0,53.7,48.21
2026-07-18T17:52:43.577860,3,0.0,0,0,0,53.8,48.21
2026-07-18T17:52:44.852127,3,0.0,0,0,0,44.6,48.21
2026-07-18T17:52:44.852487,4,0.0,0,0,0,0.0,48.21
2026-07-18T17:52:45.225768,1,0.0,0,0,0,45.6,48.21
2026-07-18T17:52:46.440834,1,0.0,0,0,0,61.7,48.21
2026-07-18T17:52:47.462252,3,0.0,0,0,0,59.7,48.21
2026-07-18T17:52:48.584304,1,0.0,0,0,0,53.5,48.21
2026-07-18T17:52:49.742100,4,0.0,0,0,0,54.4,48.21
2026-07-18T17:52:49.743349,2,0.0,0,0,0,929.5,48.21
2026-07-18T17:52:49.745311,2,0.0,0,0,0,0.0,48.21
2026-07-18T17:52:49.747982,2,0.0,0,0,0,0.0,48.21
2026-07-18T17:52:49.752391,2,0.0,0,0,0,0.0,48.21
2026-07-18T17:52:49.756713,2,0.0,0,0,0,210.8,48.21
2026-07-18T17:52:49.801082,2,0.0,0,0,0,22.6,48.21
2026-07-18T17:52:49.804056,2,0.0,0,0,0,0.0,48.21
2026-07-18T17:52:49.806981,2,0.0,0,0,0,0.0,48.21
2026-07-18T17:52:49.809028,2,0.0,0,0,0,0.0,48.21
2026-07-18T17:52:49.811185,2,0.0,0,0,0,459.7,48.21
2026-07-18T17:52:49.814265,2,0.0,0,0,0,0.0,48.21
2026-07-18T17:52:49.817547,2,0.0,0,0,0,0.0,48.21
2026-07-18T17:52:49.822347,2,0.0,0,0,0,201.7,48.21
2026-07-18T17:52:49.837132,2,0.0,0,0,0,0.0,48.21
2026-07-18T17:52:49.841010,2,0.0,0,0,0,0.0,48.21
2026-07-18T17:52:49.843962,2,0.0,0,0,0,643.5,48.21
2026-07-18T17:52:49.846317,2,0.0,0,0,0,0.0,48.21
2026-07-18T17:52:49.848091,4,0.0,0,0,0,0.0,48.21
2026-07-18T17:52:49.849094,3,0.0,0,0,0,0.0,48.21
2026-07-18T17:52:49.853519,2,0.0,0,0,0,0.0,48.21
2026-07-18T17:52:49.860984,2,0.0,0,0,0,128.5,48.21
2026-07-18T17:52:49.863539,2,0.0,0,0,0,0.0,48.21
2026-07-18T17:52:49.869411,2,0.0,0,0,0,0.0,48.21
2026-07-18T17:52:49.897073,2,0.0,0,0,0,70.7,48.21
2026-07-18T17:52:49.905527,2,0.0,0,0,0,0.0,48.21
2026-07-18T17:52:49.910119,2,0.0,0,0,0,211.8,48.21
2026-07-18T17:52:49.912996,2,0.0,0,0,0,0.0,48.21
2026-07-18T17:52:49.919368,2,0.0,0,0,0,0.0,48.21
2026-07-18T17:52:49.925065,2,0.0,0,0,0,129.0,48.21
2026-07-18T17:52:49.929018,2,0.0,0,0,0,0.0,48.21
2026-07-18T17:52:49.931345,2,0.0,0,0,0,0.0,48.21
2026-07-18T17:52:49.950334,2,0.0,0,0,0,54.6,48.21
2026-07-18T17:52:49.954214,2,0.0,0,0,0,221.4,48.21
2026-07-18T17:52:49.956307,2,0.0,0,0,0,458.6,48.21
2026-07-18T17:52:49.959142,2,0.0,0,0,0,0.0,48.21
2026-07-18T17:52:49.961059,2,0.0,0,0,0,0.0,48.21
2026-07-18T17:52:50.317399,2,0.0,0,0,0,22.5,48.21
2026-07-18T17:52:50.321012,2,0.0,0,0,0,0.0,48.21
2026-07-18T17:52:50.325204,2,0.0,0,0,0,225.0,48.21
2026-07-18T17:52:50.327351,2,0.0,0,0,0,0.0,48.21
2026-07-18T17:52:50.649511,2,0.0,0,0,0,62.1,48.21
2026-07-18T17:52:51.803218,1,0.0,0,0,0,48.5,48.21
2026-07-18T17:52:52.565452,3,0.0,0,0,0,44.8,48.21
2026-07-18T17:52:52.569241,4,0.0,0,0,0,0.0,48.21
2026-07-18T17:52:53.310354,2,0.0,0,0,0,45.8,48.21
2026-07-18T17:52:54.432701,3,0.0,0,0,0,59.7,48.21
2026-07-18T17:52:54.840557,4,0.0,0,0,0,49.3,48.21
2026-07-18T17:52:55.397441,2,0.0,0,0,0,39.4,48.21
2026-07-18T17:52:56.117096,3,0.0,0,0,0,57.0,48.21
2026-07-18T17:52:56.117898,4,0.0,0,0,0,0.0,48.21
2026-07-18T17:52:56.122369,2,0.0,0,0,0,208.4,48.21
2026-07-18T17:52:56.636354,2,0.0,0,0,0,42.8,48.21
2026-07-18T17:52:57.393080,2,0.0,0,0,0,31.7,48.21
2026-07-18T17:52:58.379227,1,0.0,0,0,0,33.6,48.21
2026-07-18T17:52:58.522983,4,0.0,0,0,0,34.7,48.21
2026-07-18T17:52:58.529026,3,0.0,0,0,0,157.3,48.21
2026-07-18T17:52:59.257888,2,0.0,0,0,0,41.0,48.21
2026-07-18T17:52:59.770399,2,0.0,0,0,0,45.0,48.21
2026-07-18T17:53:00.126119,2,0.0,0,0,0,42.1,48.21
2026-07-18T17:53:00.297126,3,0.0,0,0,0,34.9,48.21
2026-07-18T17:53:00.298155,4,0.0,0,0,0,0.0,48.21
2026-07-18T17:53:00.726223,1,0.0,0,0,0,42.0,48.21
2026-07-18T17:53:01.599448,2,0.0,0,0,0,56.1,48.21
2026-07-18T17:53:01.732896,1,0.0,0,0,0,59.9,48.21
2026-07-18T17:53:02.384201,4,0.0,0,0,0,44.5,48.21
2026-07-18T17:53:02.384471,3,0.0,0,0,0,0.0,48.21
2026-07-18T17:53:02.639695,2,0.0,0,0,0,70.6,48.21
2026-07-18T17:53:03.393645,2,0.0,0,0,0,53.1,48.21
2026-07-18T17:53:04.726217,2,0.0,0,0,0,45.0,48.21
2026-07-18T17:53:05.041182,4,0.0,0,0,0,57.2,48.21
2026-07-18T17:53:05.043069,3,0.0,0,0,0,0.0,48.21
2026-07-18T17:53:06.254184,1,0.0,0,0,0,66.1,48.21
2026-07-18T17:53:06.889743,2,0.0,0,0,0,50.4,48.21
2026-07-18T17:53:07.301760,3,0.0,0,0,0,50.9,48.21
2026-07-18T17:53:07.315210,4,0.0,0,0,0,131.5,48.21
2026-07-18T17:53:08.146704,2,0.0,0,0,0,56.7,48.21
2026-07-18T17:53:09.150266,3,0.0,0,0,0,46.7,48.21
2026-07-18T17:53:09.151048,4,0.0,0,0,0,0.0,48.21
2026-07-18T17:53:09.305022,2,0.0,0,0,0,52.3,48.21
2026-07-18T17:53:10.363164,1,0.0,0,0,0,36.9,48.21
2026-07-18T17:53:10.473126,2,0.0,0,0,0,26.8,48.21
2026-07-18T17:53:10.871175,3,0.0,0,0,0,40.2,48.21
2026-07-18T17:53:10.871674,4,0.0,0,0,0,0.0,48.21
2026-07-18T17:53:11.316242,2,0.0,0,0,0,45.0,48.21
2026-07-18T17:53:12.412010,2,0.0,0,0,0,33.8,48.21
